cluster,gaia_source_id,g_mag,bp_mag,rp_mag,membership_probability,use_star,distance_pc,a_g_mag,e_bp_rp_mag
Pleiades,111019720578786560,14.441338,15.843689,13.263633,0.2310530101813882,False,134.84134308,0.08772572007000001,0.042466207274999994
Pleiades,111092322705538048,16.645359,18.312962,15.40714,0.183464561769242,False,134.84134308,0.08772572007000001,0.042466207274999994
Pleiades,111721552594418304,12.117957,12.683548,11.393772,0.1841738752057519,False,134.84134308,0.08772572007000001,0.042466207274999994
Pleiades,112256976100897408,12.708488,13.351089,11.894768,0.1809430263348612,False,134.84134308,0.08772572007000001,0.042466207274999994
Pleiades,117138193548596480,14.590978,15.784708,13.495401,0.3631695764407932,False,134.84134308,0.08772572007000001,0.042466207274999994
Pleiades,117141354644522752,13.657797,14.511338,12.751147,0.2460112258708731,False,134.84134308,0.08772572007000001,0.042466207274999994
Pleiades,117161145853735680,16.337584,17.99782,15.098862,0.2563593825852421,False,134.84134308,0.08772572007000001,0.042466207274999994
Pleiades,117179356515011584,16.601688,18.506208,15.297502,0.3229809103790573,False,134.84134308,0.08772572007000001,0.042466207274999994
Pleiades,117215807902051200,12.782558,13.472001,11.978669,0.3410628799566642,False,134.84134308,0.08772572007000001,0.042466207274999994
Pleiades,117448530705462912,15.716307,17.18751,14.533359,0.2781495380102209,False,134.84134308,0.08772572007000001,0.042466207274999994
Pleiades,117517421980731776,16.018986,17.566883,14.804723,0.257882376402065,False,134.84134308,0.08772572007000001,0.042466207274999994
Pleiades,117669120225730048,15.73018,17.321363,14.512489,0.383721266022469,False,134.84134308,0.08772572007000001,0.042466207274999994
Pleiades,117672075163287680,8.330847,8.475356,8.050642,0.2887416906457833,False,134.84134308,0.08772572007000001,0.042466207274999994
Pleiades,117709729140216320,11.783889,12.240684,11.163558,0.3036463908800076,False,134.84134308,0.08772572007000001,0.042466207274999994
Pleiades,117770786396229376,18.469936,20.610281,17.10083,0.341339237908791,False,134.84134308,0.08772572007000001,0.042466207274999994
Pleiades,117834940322217728,19.413395,21.162798,17.981367,0.2418193163956099,False,134.84134308,0.08772572007000001,0.042466207274999994
Pleiades,117846450835917568,17.807346,19.816582,16.46272,0.4991768636026383,False,134.84134308,0.08772572007000001,0.042466207274999994
Pleiades,117857755189714048,15.543323,16.983023,14.37014,0.5037419316140168,False,134.84134308,0.08772572007000001,0.042466207274999994
Pleiades,117874110425255424,16.671446,18.551502,15.331679,0.3321262695438668,False,134.84134308,0.08772572007000001,0.042466207274999994
Pleiades,117944577952339456,12.315098,12.973812,11.490044,0.2274726509339903,False,134.84134308,0.08772572007000001,0.042466207274999994
Pleiades,118010205052095104,12.685639,13.374815,11.878932,0.2633322727167167,False,134.84134308,0.08772572007000001,0.042466207274999994
Pleiades,118057488348669056,13.368843,14.126237,12.228547,0.243652202405988,False,134.84134308,0.08772572007000001,0.042466207274999994
Pleiades,118078791386289920,10.601268,10.965276,10.071199,0.3440926480965891,False,134.84134308,0.08772572007000001,0.042466207274999994
Pleiades,118159193173934848,15.232319,16.63542,14.068383,0.3409438234044405,False,134.84134308,0.08772572007000001,0.042466207274999994
Pleiades,118715683496508032,15.482626,16.927124,14.306224,0.2340653943292499,False,134.84134308,0.08772572007000001,0.042466207274999994
Pleiades,118934207136604288,17.338604,19.185352,16.05765,0.2438682932136962,False,134.84134308,0.08772572007000001,0.042466207274999994
Pleiades,119006092005322112,7.110304,7.155982,7.006359,0.1763526195501222,False,134.84134308,0.08772572007000001,0.042466207274999994
Pleiades,119058490606226048,16.331062,18.121147,15.044385,0.1780534212079634,False,134.84134308,0.08772572007000001,0.042466207274999994
Pleiades,119400851039785600,15.407915,16.859566,14.221045,0.50100559395618,False,134.84134308,0.08772572007000001,0.042466207274999994
Pleiades,119443869432136192,17.493088,19.440117,16.15731,0.2527291380296426,False,134.84134308,0.08772572007000001,0.042466207274999994
Pleiades,119499665350704384,17.766754,19.76285,16.438066,0.3905109255481418,False,134.84134308,0.08772572007000001,0.042466207274999994
Pleiades,119513134368205056,17.461916,19.4834,16.165316,0.2583529438236602,False,134.84134308,0.08772572007000001,0.042466207274999994
Pleiades,119520079331712896,12.18186,12.759123,11.463689,0.3157881626097346,False,134.84134308,0.08772572007000001,0.042466207274999994
Pleiades,119580754333554176,17.617117,19.699373,16.294617,0.314773987121122,False,134.84134308,0.08772572007000001,0.042466207274999994
Pleiades,119609655169509760,16.864048,18.721655,15.563615,0.2874736078581526,False,134.84134308,0.08772572007000001,0.042466207274999994
Pleiades,119610342364458112,17.142508,18.924162,15.878202,0.245668135774751,False,134.84134308,0.08772572007000001,0.042466207274999994
Pleiades,119707889661936768,15.080872,16.435133,13.937094,0.2117943989525047,False,134.84134308,0.08772572007000001,0.042466207274999994
Pleiades,119776604841920896,17.38918,19.325594,16.075298,0.4067488757896414,False,134.84134308,0.08772572007000001,0.042466207274999994
Pleiades,119840552611277056,15.678382,17.12393,14.501841,0.2346548681521027,False,134.84134308,0.08772572007000001,0.042466207274999994
Pleiades,120532175489096448,17.119919,18.831812,15.866463,0.1807610098058131,False,134.84134308,0.08772572007000001,0.042466207274999994
Pleiades,120566642602294144,16.90721,18.731787,15.617982,0.2311333323167161,False,134.84134308,0.08772572007000001,0.042466207274999994
Pleiades,120907044530235776,16.315172,18.033548,15.051675,0.1894371037024293,False,134.84134308,0.08772572007000001,0.042466207274999994
Pleiades,121349735399525632,11.189152,11.664242,10.559926,0.188843931042254,False,134.84134308,0.08772572007000001,0.042466207274999994
Pleiades,121664981703811712,17.62225,19.718214,16.307133,0.1951369878436515,False,134.84134308,0.08772572007000001,0.042466207274999994
Pleiades,121962197736025216,14.671579,16.156422,13.480526,0.1860294968348672,False,134.84134308,0.08772572007000001,0.042466207274999994
Pleiades,122123482347867520,16.85914,18.697084,15.575342,0.1860049174479825,False,134.84134308,0.08772572007000001,0.042466207274999994
Pleiades,122143479715593472,15.692155,17.421587,14.432344,0.1808013553539904,False,134.84134308,0.08772572007000001,0.042466207274999994
Pleiades,122441859683763712,15.269166,16.713919,14.090083,0.1982263224655224,False,134.84134308,0.08772572007000001,0.042466207274999994
Pleiades,122680346332491136,19.623487,21.805763,18.14039,0.1851611445234568,False,134.84134308,0.08772572007000001,0.042466207274999994
Pleiades,122767864881453568,16.116386,17.813433,14.874338,0.1950001369281895,False,134.84134308,0.08772572007000001,0.042466207274999994
Pleiades,123444098892039296,17.001152,19.121338,15.653976,0.188843931042254,False,134.84134308,0.08772572007000001,0.042466207274999994
Pleiades,123464233698804096,17.359167,19.371477,15.990177,0.1807610098058131,False,134.84134308,0.08772572007000001,0.042466207274999994
Pleiades,123561334319267328,9.935842,10.263025,9.443897,0.1795404418036172,False,134.84134308,0.08772572007000001,0.042466207274999994
Pleiades,123895341040168192,17.311167,19.139946,16.047285,0.1807610098058131,False,134.84134308,0.08772572007000001,0.042466207274999994
Pleiades,124159984041130112,17.997162,19.822977,16.67781,0.1807610098058131,False,134.84134308,0.08772572007000001,0.042466207274999994
Pleiades,124225748580358912,17.46218,19.322258,16.192247,0.1807610098058131,False,134.84134308,0.08772572007000001,0.042466207274999994
Pleiades,124519008947445248,16.257288,17.952858,15.016312,0.1794362900662517,False,134.84134308,0.08772572007000001,0.042466207274999994
Pleiades,124962833688209024,12.00337,12.449751,11.387892,0.17945651866967,False,134.84134308,0.08772572007000001,0.042466207274999994
Pleiades,125273308283618816,15.737464,17.08269,14.595339,0.1807610098058131,False,134.84134308,0.08772572007000001,0.042466207274999994
Pleiades,125411292696859776,17.88876,19.768236,16.571331,0.1807610098058131,False,134.84134308,0.08772572007000001,0.042466207274999994
Pleiades,135287316592202880,12.624855,13.199813,11.897546,0.1807610098058131,False,134.84134308,0.08772572007000001,0.042466207274999994
Pleiades,136887655766542848,15.654179,16.955456,14.529425,0.1768339988635161,False,134.84134308,0.08772572007000001,0.042466207274999994
Pleiades,137148407525432960,17.705633,19.434889,16.44029,0.1807610098058131,False,134.84134308,0.08772572007000001,0.042466207274999994
Pleiades,138544924731410816,19.131111,21.180162,17.744339,0.1807610098058131,False,134.84134308,0.08772572007000001,0.042466207274999994
Pleiades,145259990135756928,5.969014,5.977995,5.910188,0.1941644688102114,False,134.84134308,0.08772572007000001,0.042466207274999994
Pleiades,149943428633879296,13.590588,14.542438,12.633021,0.1866639778110756,False,134.84134308,0.08772572007000001,0.042466207274999994
Pleiades,162301763235565312,18.03068,19.950197,16.717638,0.1804503215844759,False,134.84134308,0.08772572007000001,0.042466207274999994
Pleiades,162501324595549440,18.580208,20.607122,17.194265,0.19921515984308,False,134.84134308,0.08772572007000001,0.042466207274999994
Pleiades,163355546348513152,14.682872,15.917371,13.583852,0.3790024416980878,False,134.84134308,0.08772572007000001,0.042466207274999994
Pleiades,163647015711395584,12.728684,13.42047,11.92505,0.2263267771782394,False,134.84134308,0.08772572007000001,0.042466207274999994
Pleiades,167703084044638976,16.577946,18.424448,15.267384,0.1982108916226164,False,134.84134308,0.08772572007000001,0.042466207274999994
Pleiades,167982634875013248,15.284433,16.556679,14.084949,0.2440577618412358,False,134.84134308,0.08772572007000001,0.042466207274999994
Pleiades,168047815299448960,17.49668,19.478037,16.153364,0.3090026761761625,False,134.84134308,0.08772572007000001,0.042466207274999994
Pleiades,3313944092114835712,18.20878,20.45125,16.892342,0.192105105283895,False,134.84134308,0.08772572007000001,0.042466207274999994
Pleiades,45000919277665536,17.611864,18.874641,15.29644,0.19198713004814,False,134.84134308,0.08772572007000001,0.042466207274999994
Pleiades,45022222315428608,11.569337,12.079002,10.885275,0.2909427621436789,False,134.84134308,0.08772572007000001,0.042466207274999994
Pleiades,46342250447561216,18.535337,20.553715,17.092865,0.195836909014452,False,134.84134308,0.08772572007000001,0.042466207274999994
Pleiades,46438771249859840,13.15469,14.177599,12.125703,0.2038017943164473,False,134.84134308,0.08772572007000001,0.042466207274999994
Pleiades,46760305383987456,7.63135,7.678127,7.512244,0.1869207436262139,False,134.84134308,0.08772572007000001,0.042466207274999994
Pleiades,46843632046026240,11.107249,11.600575,10.442076,0.1836879421893259,False,134.84134308,0.08772572007000001,0.042466207274999994
Pleiades,46888952540781824,17.052155,18.83611,15.770421,0.2025488600169622,False,134.84134308,0.08772572007000001,0.042466207274999994
Pleiades,47048106850285824,16.066448,17.644253,14.833865,0.232771902498445,False,134.84134308,0.08772572007000001,0.042466207274999994
Pleiades,47167884897203968,14.223634,15.169272,13.22462,0.1931752539415003,False,134.84134308,0.08772572007000001,0.042466207274999994
Pleiades,47422799795696512,16.585,18.344078,15.330843,0.1994225115060099,False,134.84134308,0.08772572007000001,0.042466207274999994
Pleiades,47436990367843584,16.433378,18.125776,15.184312,0.1994225115060099,False,134.84134308,0.08772572007000001,0.042466207274999994
Pleiades,47508699141782656,17.211187,19.05727,15.924211,0.1773713289880272,False,134.84134308,0.08772572007000001,0.042466207274999994
Pleiades,47554363233908608,14.11204,15.047532,13.157125,0.1994225115060099,False,134.84134308,0.08772572007000001,0.042466207274999994
Pleiades,47567523013688192,18.576113,20.470686,17.187418,0.1994225115060099,False,134.84134308,0.08772572007000001,0.042466207274999994
Pleiades,47573982644946688,17.647198,19.658325,16.30768,0.1938224486082197,False,134.84134308,0.08772572007000001,0.042466207274999994
Pleiades,47608342383235584,17.350912,19.250185,16.08208,0.1852059229451231,False,134.84134308,0.08772572007000001,0.042466207274999994
Pleiades,47843122475539584,16.310568,17.913425,15.087433,0.1994225115060099,False,134.84134308,0.08772572007000001,0.042466207274999994
Pleiades,48450426554549504,9.951246,10.28115,9.442395,0.1994225115060099,False,134.84134308,0.08772572007000001,0.042466207274999994
Pleiades,48826223309287168,16.350918,17.960081,15.12845,0.1789662352845305,False,134.84134308,0.08772572007000001,0.042466207274999994
Pleiades,49084780341670400,16.792381,18.841394,15.430479,0.1950075678511795,False,134.84134308,0.08772572007000001,0.042466207274999994
Pleiades,49181812242533888,8.524562,8.74137,8.150407,0.1854465041697139,False,134.84134308,0.08772572007000001,0.042466207274999994
Pleiades,49281489842976768,15.663829,17.09667,14.491265,0.1941062969580064,False,134.84134308,0.08772572007000001,0.042466207274999994
Pleiades,49809495943068288,11.202184,11.632548,10.607082,0.2777581206291839,False,134.84134308,0.08772572007000001,0.042466207274999994
Pleiades,50101210121892992,16.920427,18.689146,15.64414,0.282147467976842,False,134.84134308,0.08772572007000001,0.042466207274999994
Pleiades,50217964512932096,16.83002,18.75934,15.530683,0.210262733290662,False,134.84134308,0.08772572007000001,0.042466207274999994
Pleiades,50229028348709248,16.651321,18.425056,15.379536,0.3271492866269623,False,134.84134308,0.08772572007000001,0.042466207274999994
Pleiades,50262116775356032,10.908913,11.011483,9.96598,0.2263889271027972,False,134.84134308,0.08772572007000001,0.042466207274999994
Pleiades,50262116777529472,15.520027,17.134548,14.289924,0.1941516417997779,False,134.84134308,0.08772572007000001,0.042466207274999994
Pleiades,50262185497006720,17.194817,19.289902,15.855856,0.1870843865770474,False,134.84134308,0.08772572007000001,0.042466207274999994
Pleiades,50429650564234880,17.75449,19.824158,16.441359,0.2729158480193893,False,134.84134308,0.08772572007000001,0.042466207274999994
Pleiades,50443055159156352,16.837597,18.83338,15.51121,0.2465299501722017,False,134.84134308,0.08772572007000001,0.042466207274999994
Pleiades,50561458818290560,17.553812,19.481504,16.209732,0.2210314540835674,False,134.84134308,0.08772572007000001,0.042466207274999994
Pleiades,50613513821677952,15.856179,17.501738,14.612168,0.2193337469017906,False,134.84134308,0.08772572007000001,0.042466207274999994
Pleiades,50613513821678080,16.433712,18.18318,15.155475,0.2185428653814729,False,134.84134308,0.08772572007000001,0.042466207274999994
Pleiades,50636255671399808,19.54904,21.368317,18.05086,0.1989768818401136,False,134.84134308,0.08772572007000001,0.042466207274999994
Pleiades,50649832062271360,14.657105,15.677986,13.301442,0.3015389090897409,False,134.84134308,0.08772572007000001,0.042466207274999994
Pleiades,50691613506647680,18.060963,20.027128,16.690266,0.2795512107757955,False,134.84134308,0.08772572007000001,0.042466207274999994
Pleiades,50702299385351040,11.108544,11.557527,10.495162,0.2334898496049682,False,134.84134308,0.08772572007000001,0.042466207274999994
Pleiades,50706216395526144,17.21823,19.083214,15.903632,0.2844315304125513,False,134.84134308,0.08772572007000001,0.042466207274999994
Pleiades,50804377871163008,18.803495,20.829756,17.36346,0.3051948833820617,False,134.84134308,0.08772572007000001,0.042466207274999994
Pleiades,50817503291240192,19.372236,21.189754,17.818851,0.2359422582609902,False,134.84134308,0.08772572007000001,0.042466207274999994
Pleiades,50856471531291648,15.475814,16.979752,14.277171,0.3625933508828852,False,134.84134308,0.08772572007000001,0.042466207274999994
Pleiades,50870902621391360,12.670413,13.395064,11.837458,0.3002906093093248,False,134.84134308,0.08772572007000001,0.042466207274999994
Pleiades,50905056201179520,10.32281,10.659476,9.815068,0.3011402614313069,False,134.84134308,0.08772572007000001,0.042466207274999994
Pleiades,50907014706346624,16.692387,18.570545,15.386656,0.3038020129061499,False,134.84134308,0.08772572007000001,0.042466207274999994
Pleiades,50940034414875392,15.607092,17.04839,14.422875,0.3309093257525554,False,134.84134308,0.08772572007000001,0.042466207274999994
Pleiades,50976077779666688,12.718654,13.409156,11.913653,0.362194906092892,False,134.84134308,0.08772572007000001,0.042466207274999994
Pleiades,51020711079738496,16.462261,18.256811,15.179952,0.3403542068642411,False,134.84134308,0.08772572007000001,0.042466207274999994
Pleiades,51096508663685632,15.652227,17.328442,14.385635,0.3171356865043815,False,134.84134308,0.08772572007000001,0.042466207274999994
Pleiades,51200343792868096,18.629,20.732819,17.220734,0.3736185583417156,False,134.84134308,0.08772572007000001,0.042466207274999994
Pleiades,51212713298684928,16.615393,18.420534,15.329428,0.3137756595041689,False,134.84134308,0.08772572007000001,0.042466207274999994
Pleiades,51257621476724096,15.78614,17.309574,14.579176,0.2647917830810529,False,134.84134308,0.08772572007000001,0.042466207274999994
Pleiades,51284971828429440,17.920094,20.00626,16.595749,0.3839810428952157,False,134.84134308,0.08772572007000001,0.042466207274999994
Pleiades,51287273930914176,17.722494,19.792528,16.397379,0.2152572968347025,False,134.84134308,0.08772572007000001,0.042466207274999994
Pleiades,51303388648134400,16.368244,18.137215,15.089496,0.4317114413680799,False,134.84134308,0.08772572007000001,0.042466207274999994
Pleiades,51307065140124032,13.707586,14.592217,12.787694,0.32578225166204,False,134.84134308,0.08772572007000001,0.042466207274999994
Pleiades,51311566265952768,15.969639,17.590302,14.734135,0.3063488315380732,False,134.84134308,0.08772572007000001,0.042466207274999994
Pleiades,51363067217150592,18.879303,21.043781,17.45132,0.3965146417313047,False,134.84134308,0.08772572007000001,0.042466207274999994
Pleiades,51365476695288064,15.57511,17.101562,14.364595,0.3611964311116684,False,134.84134308,0.08772572007000001,0.042466207274999994
Pleiades,51391418298186368,16.838625,18.57425,15.57638,0.4364802175938032,False,134.84134308,0.08772572007000001,0.042466207274999994
Pleiades,51391658816356608,16.93339,18.788616,15.64749,0.3874724037211017,False,134.84134308,0.08772572007000001,0.042466207274999994
Pleiades,51398595186022400,19.064245,21.120474,17.641575,0.2373616513769681,False,134.84134308,0.08772572007000001,0.042466207274999994
Pleiades,51408529447927296,16.798506,18.573454,15.529936,0.2911973336404812,False,134.84134308,0.08772572007000001,0.042466207274999994
Pleiades,51452750431129600,9.28546,9.53266,8.876289,0.2133381171143756,False,134.84134308,0.08772572007000001,0.042466207274999994
Pleiades,51460756250025088,18.448273,20.46842,17.042345,0.4808411912028032,False,134.84134308,0.08772572007000001,0.042466207274999994
Pleiades,51474495848610432,17.91893,20.113638,16.574253,0.4579479165882054,False,134.84134308,0.08772572007000001,0.042466207274999994
Pleiades,51492264130122496,17.240238,19.177626,15.921906,0.4405883855623873,False,134.84134308,0.08772572007000001,0.042466207274999994
Pleiades,51493432361309184,18.38838,20.39342,16.992922,0.4458580611051275,False,134.84134308,0.08772572007000001,0.042466207274999994
Pleiades,51497864767442176,16.86807,18.781132,15.560354,0.3715572490227648,False,134.84134308,0.08772572007000001,0.042466207274999994
Pleiades,51505217751483392,15.540366,17.028694,14.348566,0.4713098939165732,False,134.84134308,0.08772572007000001,0.042466207274999994
Pleiades,51577476281360512,17.918812,20.024887,16.592676,0.3354735439357106,False,134.84134308,0.08772572007000001,0.042466207274999994
Pleiades,51609980593783424,16.612682,18.399897,15.337626,0.4739143210925489,False,134.84134308,0.08772572007000001,0.042466207274999994
Pleiades,51616268426009472,13.973773,14.969579,12.978091,0.5129692841631321,False,134.84134308,0.08772572007000001,0.042466207274999994
Pleiades,51619120284286976,11.657691,12.156913,10.985731,0.6134493974172515,False,134.84134308,0.08772572007000001,0.042466207274999994
Pleiades,51622315739944704,16.850912,18.658173,15.585256,0.3945946245185124,False,134.84134308,0.08772572007000001,0.042466207274999994
Pleiades,51674920499533184,10.8812,11.284502,10.312317,0.355030255804332,False,134.84134308,0.08772572007000001,0.042466207274999994
Pleiades,51677669278703104,15.828851,17.406937,14.609021,0.4722969958493777,False,134.84134308,0.08772572007000001,0.042466207274999994
Pleiades,51681655008229632,15.573338,17.115799,14.360473,0.3502917707407677,False,134.84134308,0.08772572007000001,0.042466207274999994
Pleiades,51693337319356032,18.693808,21.14411,17.256752,0.2725967938813725,False,134.84134308,0.08772572007000001,0.042466207274999994
Pleiades,51694746068624128,11.235501,11.664006,10.640917,0.4756076987551469,False,134.84134308,0.08772572007000001,0.042466207274999994
Pleiades,51717114258148864,15.670692,17.164236,14.445028,0.1930256896411878,False,134.84134308,0.08772572007000001,0.042466207274999994
Pleiades,51730067879582080,14.325708,15.465064,13.255238,0.2180463137526514,False,134.84134308,0.08772572007000001,0.042466207274999994
Pleiades,51742471745296768,10.765945,11.139266,10.224359,0.3984129965977941,False,134.84134308,0.08772572007000001,0.042466207274999994
Pleiades,51750748145042176,17.599648,19.599949,16.28206,0.3363223637483425,False,134.84134308,0.08772572007000001,0.042466207274999994
Pleiades,51760270089541504,17.056017,18.851414,15.759974,0.4783595919510277,False,134.84134308,0.08772572007000001,0.042466207274999994
Pleiades,51761575759616000,15.093677,16.7255,13.8393,0.2824841119402783,False,134.84134308,0.08772572007000001,0.042466207274999994
Pleiades,51765595848971648,16.671072,18.460726,15.392765,0.5314204866298183,False,134.84134308,0.08772572007000001,0.042466207274999994
Pleiades,51781706269632256,17.914946,19.79853,16.603315,0.2340737145159971,False,134.84134308,0.08772572007000001,0.042466207274999994
Pleiades,51783737790828800,14.118437,15.004255,13.182169,0.189586003791922,False,134.84134308,0.08772572007000001,0.042466207274999994
Pleiades,51838679011752448,16.458685,18.35926,15.150175,0.2696367762395304,False,134.84134308,0.08772572007000001,0.042466207274999994
Pleiades,51861425158394624,9.267831,9.516823,8.854481,0.2756472500651234,False,134.84134308,0.08772572007000001,0.042466207274999994
Pleiades,51874997255145728,16.370054,18.068958,15.114007,0.2758228254030008,False,134.84134308,0.08772572007000001,0.042466207274999994
Pleiades,51942307982163072,17.272722,19.15764,15.983539,0.1896177962665314,False,134.84134308,0.08772572007000001,0.042466207274999994
Pleiades,51961996112226176,16.628199,18.287777,15.388353,0.2082301770921254,False,134.84134308,0.08772572007000001,0.042466207274999994
Pleiades,52035251073077120,11.102681,11.517766,10.500808,0.2270683133408864,False,134.84134308,0.08772572007000001,0.042466207274999994
Pleiades,52097609703557248,14.349607,15.420215,13.182853,0.278155071805808,False,134.84134308,0.08772572007000001,0.042466207274999994
Pleiades,52135925109792000,17.708714,19.75268,16.39032,0.2599912729361601,False,134.84134308,0.08772572007000001,0.042466207274999994
Pleiades,52227115854157824,15.495284,16.833048,14.356768,0.2122817188730453,False,134.84134308,0.08772572007000001,0.042466207274999994
Pleiades,52231376461738752,16.589003,18.274698,15.339587,0.2122817188730453,False,134.84134308,0.08772572007000001,0.042466207274999994
Pleiades,52563944368841600,9.123446,9.370729,8.707871,0.1768306426811249,False,134.84134308,0.08772572007000001,0.042466207274999994
Pleiades,52599193163867648,18.489084,20.78978,17.051233,0.2277800635269397,False,134.84134308,0.08772572007000001,0.042466207274999994
Pleiades,52707671154543360,17.973934,20.114965,16.643,0.3055476480491933,False,134.84134308,0.08772572007000001,0.042466207274999994
Pleiades,52781407153818624,17.820246,20.070976,16.444616,0.1960374722779075,False,134.84134308,0.08772572007000001,0.042466207274999994
Pleiades,52798204769096960,12.946715,13.666864,12.110259,0.1984150866947451,False,134.84134308,0.08772572007000001,0.042466207274999994
Pleiades,52942004571647872,15.395482,16.71915,14.26009,0.1813610901237049,False,134.84134308,0.08772572007000001,0.042466207274999994
Pleiades,53014881576687872,17.453327,19.338013,16.15116,0.3427044910183507,False,134.84134308,0.08772572007000001,0.042466207274999994
Pleiades,53029278307021696,16.10102,17.739914,14.863558,0.4287052091468614,False,134.84134308,0.08772572007000001,0.042466207274999994
Pleiades,53049516189920384,19.086775,21.065935,17.636202,0.224852069840931,False,134.84134308,0.08772572007000001,0.042466207274999994
Pleiades,53053123965389824,18.77828,20.762268,17.439205,0.2122817188730453,False,134.84134308,0.08772572007000001,0.042466207274999994
Pleiades,53063324509881472,19.12323,20.933743,17.711597,0.2122817188730453,False,134.84134308,0.08772572007000001,0.042466207274999994
Pleiades,53105728725582976,14.216793,15.316298,13.181704,0.3385172961145562,False,134.84134308,0.08772572007000001,0.042466207274999994
Pleiades,53140397701490176,16.594816,18.358774,15.320143,0.386173468001597,False,134.84134308,0.08772572007000001,0.042466207274999994
Pleiades,53174379482675456,16.657433,18.613056,15.337592,0.3453706121265736,False,134.84134308,0.08772572007000001,0.042466207274999994
Pleiades,53206780715340032,17.698153,20.094475,16.28843,0.3540294953108517,False,134.84134308,0.08772572007000001,0.042466207274999994
Pleiades,53212205256173824,17.86347,19.8362,16.542946,0.412511329386585,False,134.84134308,0.08772572007000001,0.042466207274999994
Pleiades,53227396558316416,16.787525,18.772161,15.477419,0.3691095391701504,False,134.84134308,0.08772572007000001,0.042466207274999994
Pleiades,53251517094713728,17.26991,19.181076,15.984422,0.3488134016708702,False,134.84134308,0.08772572007000001,0.042466207274999994
Pleiades,53251929411490688,15.462476,16.865934,14.296297,0.2149361348669865,False,134.84134308,0.08772572007000001,0.042466207274999994
Pleiades,53255434104774272,16.492777,18.247663,15.231114,0.3959433962353146,False,134.84134308,0.08772572007000001,0.042466207274999994
Pleiades,53258732639653760,16.949703,18.746758,15.667684,0.3031034010149795,False,134.84134308,0.08772572007000001,0.042466207274999994
Pleiades,53296592774129920,18.540195,20.786379,17.131638,0.4499639534983834,False,134.84134308,0.08772572007000001,0.042466207274999994
Pleiades,53298521216558976,18.851593,21.04055,17.251047,0.2811287153411154,False,134.84134308,0.08772572007000001,0.042466207274999994
Pleiades,53332571717238400,16.882849,18.903868,15.530801,0.4220546209210224,False,134.84134308,0.08772572007000001,0.042466207274999994
Pleiades,53335045618385536,13.755472,14.696286,12.791234,0.518712449820012,False,134.84134308,0.08772572007000001,0.042466207274999994
Pleiades,53341642688604416,16.131588,17.79364,14.88261,0.4059454889802404,False,134.84134308,0.08772572007000001,0.042466207274999994
Pleiades,53356722315818368,18.855892,20.753119,17.41676,0.3173485197695791,False,134.84134308,0.08772572007000001,0.042466207274999994
Pleiades,53416031520105088,18.82035,20.85785,17.44709,0.2611491227593442,False,134.84134308,0.08772572007000001,0.042466207274999994
Pleiades,53449635344328064,18.985168,21.22548,17.567862,0.4739342445498765,False,134.84134308,0.08772572007000001,0.042466207274999994
Pleiades,53462623327108736,16.68941,18.351942,15.444758,0.2122817188730453,False,134.84134308,0.08772572007000001,0.042466207274999994
Pleiades,53465573967635456,18.701077,20.824198,17.247227,0.4613170287844414,False,134.84134308,0.08772572007000001,0.042466207274999994
Pleiades,53554909287118080,16.719334,18.61698,15.257215,0.2122817188730453,False,134.84134308,0.08772572007000001,0.042466207274999994
Pleiades,53563915834929024,16.081085,17.67962,14.860741,0.2367964474881171,False,134.84134308,0.08772572007000001,0.042466207274999994
Pleiades,53618032422785280,15.914489,17.392036,14.724292,0.2122817188730453,False,134.84134308,0.08772572007000001,0.042466207274999994
Pleiades,53758254515062784,14.181186,15.223055,13.172983,0.2081958684613526,False,134.84134308,0.08772572007000001,0.042466207274999994
Pleiades,53782959168859520,15.003329,16.131918,13.951398,0.2122817188730453,False,134.84134308,0.08772572007000001,0.042466207274999994
Pleiades,53783852522073856,9.525888,9.839075,9.037824,0.4803284628315289,False,134.84134308,0.08772572007000001,0.042466207274999994
Pleiades,53864804065393536,15.780696,17.254316,14.5944,0.411322005051906,False,134.84134308,0.08772572007000001,0.042466207274999994
Pleiades,53892669813156736,16.97782,18.762753,15.697713,0.3482368769089894,False,134.84134308,0.08772572007000001,0.042466207274999994
Pleiades,53892768594980096,19.236792,21.488186,17.757654,0.1994835831057542,False,134.84134308,0.08772572007000001,0.042466207274999994
Pleiades,53914282087671552,11.097318,11.563212,10.458979,0.1902059758397799,False,134.84134308,0.08772572007000001,0.042466207274999994
Pleiades,56950239849717248,16.285753,17.719841,15.111761,0.2496172160596324,False,134.84134308,0.08772572007000001,0.042466207274999994
Pleiades,57036757670988288,14.319201,15.376484,13.299592,0.2802731882339667,False,134.84134308,0.08772572007000001,0.042466207274999994
Pleiades,57116678420490880,19.250887,21.510977,17.804941,0.3377650473145259,False,134.84134308,0.08772572007000001,0.042466207274999994
Pleiades,57319916274721920,17.4204,19.315962,16.121504,0.265391961100503,False,134.84134308,0.08772572007000001,0.042466207274999994
Pleiades,58259414601023744,17.220085,19.133448,15.93491,0.491885694172608,False,134.84134308,0.08772572007000001,0.042466207274999994
Pleiades,58368884727558784,14.575949,15.763584,13.493149,0.3159755802489276,False,134.84134308,0.08772572007000001,0.042466207274999994
Pleiades,61463185326116352,17.520042,19.440845,16.187155,0.1858959143103385,False,134.84134308,0.08772572007000001,0.042466207274999994
Pleiades,61484174830107776,17.484613,19.310995,16.184212,0.3949298412920494,False,134.84134308,0.08772572007000001,0.042466207274999994
Pleiades,61519672735818880,8.777531,8.980596,8.422091,0.3191418826200477,False,134.84134308,0.08772572007000001,0.042466207274999994
Pleiades,61554650949438208,11.206782,11.619855,10.620248,0.491885694172608,False,134.84134308,0.08772572007000001,0.042466207274999994
Pleiades,61867084050575104,13.493336,14.478936,12.50775,0.2060986436017704,False,134.84134308,0.08772572007000001,0.042466207274999994
Pleiades,61917043110119552,16.565022,18.283491,15.308877,0.4036221876857503,False,134.84134308,0.08772572007000001,0.042466207274999994
Pleiades,62104028807382784,16.054735,17.715158,14.813326,0.2110643312456469,False,134.84134308,0.08772572007000001,0.042466207274999994
Pleiades,62413988007668352,7.5794,7.710616,7.322196,0.260024034878051,False,134.84134308,0.08772572007000001,0.042466207274999994
Pleiades,62487964523326592,13.396738,14.260299,12.452101,0.1983241146441138,False,134.84134308,0.08772572007000001,0.042466207274999994
Pleiades,63004013433406208,15.184622,16.651531,14.007613,0.227344249095877,False,134.84134308,0.08772572007000001,0.042466207274999994
Pleiades,63034902838166272,14.347416,15.482051,13.289713,0.3208751019703752,False,134.84134308,0.08772572007000001,0.042466207274999994
Pleiades,63052048347383168,9.302901,9.558643,8.880217,0.3185370087062575,False,134.84134308,0.08772572007000001,0.042466207274999994
Pleiades,63058026942161920,18.943008,21.306213,17.498177,0.216547184978925,False,134.84134308,0.08772572007000001,0.042466207274999994
Pleiades,63094894941091328,17.42858,19.440338,16.089336,0.3056098547525973,False,134.84134308,0.08772572007000001,0.042466207274999994
Pleiades,63102694601689728,13.785254,14.750725,12.813434,0.3975546568383538,False,134.84134308,0.08772572007000001,0.042466207274999994
Pleiades,63144716561596288,8.356558,8.508566,8.071387,0.4191093902154958,False,134.84134308,0.08772572007000001,0.042466207274999994
Pleiades,63146743786148992,17.14268,19.160433,15.827923,0.2275362580371815,False,134.84134308,0.08772572007000001,0.042466207274999994
Pleiades,63237655357422336,19.156496,21.123,17.701311,0.3512189594721093,False,134.84134308,0.08772572007000001,0.042466207274999994
Pleiades,63250162302240384,16.384956,18.121758,15.00079,0.26837183864024,False,134.84134308,0.08772572007000001,0.042466207274999994
Pleiades,63289920816208768,11.310213,11.751647,10.709587,0.4663861251969259,False,134.84134308,0.08772572007000001,0.042466207274999994
Pleiades,63296380446670080,16.708427,18.597202,15.381301,0.3923815628980911,False,134.84134308,0.08772572007000001,0.042466207274999994
Pleiades,63327682168301952,16.878279,18.68642,15.578696,0.4196995437503971,False,134.84134308,0.08772572007000001,0.042466207274999994
Pleiades,63340154753661440,16.799301,18.62598,15.519711,0.3200876420373504,False,134.84134308,0.08772572007000001,0.042466207274999994
Pleiades,63378981257953152,8.633078,8.814224,8.302285,0.3347767268305262,False,134.84134308,0.08772572007000001,0.042466207274999994
Pleiades,63391178965446656,16.432625,18.15886,15.141909,0.3476449212044502,False,134.84134308,0.08772572007000001,0.042466207274999994
Pleiades,63410622280810368,18.076988,20.241133,16.7227,0.3951166157976441,False,134.84134308,0.08772572007000001,0.042466207274999994
Pleiades,63430967542044800,13.861654,14.831813,12.872124,0.2612218483186251,False,134.84134308,0.08772572007000001,0.042466207274999994
Pleiades,63436396380626688,14.841508,16.148449,13.706804,0.4457374439350222,False,134.84134308,0.08772572007000001,0.042466207274999994
Pleiades,63449521800719488,17.138874,19.031832,15.843201,0.374017183023684,False,134.84134308,0.08772572007000001,0.042466207274999994
Pleiades,63478654562505344,18.372377,20.486925,16.984026,0.322807649801392,False,134.84134308,0.08772572007000001,0.042466207274999994
Pleiades,63485427727244544,16.040298,17.638668,14.815405,0.3895185598009725,False,134.84134308,0.08772572007000001,0.042466207274999994
Pleiades,63502259702709888,7.728319,7.80467,7.562601,0.469673758488002,False,134.84134308,0.08772572007000001,0.042466207274999994
Pleiades,63502745034164736,18.754845,20.974667,17.343483,0.3898893417595928,False,134.84134308,0.08772572007000001,0.042466207274999994
Pleiades,63507860340462208,18.56016,20.782875,17.123377,0.5088102899198162,False,134.84134308,0.08772572007000001,0.042466207274999994
Pleiades,63527827643105408,18.731823,20.768375,17.319443,0.3945564708270561,False,134.84134308,0.08772572007000001,0.042466207274999994
Pleiades,63536997398140672,19.457848,21.460072,17.995907,0.3527563628702378,False,134.84134308,0.08772572007000001,0.042466207274999994
Pleiades,63546038305742720,16.90566,18.72578,15.620247,0.3535791022114745,False,134.84134308,0.08772572007000001,0.042466207274999994
Pleiades,63547270960574336,12.420944,13.031142,11.669099,0.4937006254842877,False,134.84134308,0.08772572007000001,0.042466207274999994
Pleiades,63547378335443200,12.29592,12.8916,11.55974,0.4592271624023394,False,134.84134308,0.08772572007000001,0.042466207274999994
Pleiades,63576446674056320,17.367844,19.428354,16.04027,0.2267245700936492,False,134.84134308,0.08772572007000001,0.042466207274999994
Pleiades,63585036608738048,16.548655,18.458565,15.239743,0.4833071891480125,False,134.84134308,0.08772572007000001,0.042466207274999994
Pleiades,63589743893287936,17.855639,19.816528,16.521221,0.4075089306680069,False,134.84134308,0.08772572007000001,0.042466207274999994
Pleiades,63592767549850112,9.851562,10.139854,9.392272,0.4405105890873292,False,134.84134308,0.08772572007000001,0.042466207274999994
Pleiades,63593798341985152,17.087347,19.225523,15.744163,0.387547097444468,False,134.84134308,0.08772572007000001,0.042466207274999994
Pleiades,63627264728628224,16.346361,18.020565,15.089913,0.6134493974172515,False,134.84134308,0.08772572007000001,0.042466207274999994
Pleiades,63632178171114624,16.383282,18.0824,15.130301,0.5546059788211978,False,134.84134308,0.08772572007000001,0.042466207274999994
Pleiades,63654164106065280,19.066362,21.123863,17.615898,0.5333920310626917,False,134.84134308,0.08772572007000001,0.042466207274999994
Pleiades,63661521387693824,16.022692,17.730389,14.765992,0.5823036364231758,False,134.84134308,0.08772572007000001,0.042466207274999994
Pleiades,63662311661690880,16.772198,18.564417,15.493199,0.4389161137563121,False,134.84134308,0.08772572007000001,0.042466207274999994
Pleiades,63677326867342464,15.199719,16.626724,14.028138,0.5560579286146325,False,134.84134308,0.08772572007000001,0.042466207274999994
Pleiades,63690898963950592,13.47118,14.426718,12.499706,0.2691702500224742,False,134.84134308,0.08772572007000001,0.042466207274999994
Pleiades,63692475216749312,17.876696,19.81909,16.530403,0.4084201743257768,False,134.84134308,0.08772572007000001,0.042466207274999994
Pleiades,63693785181958912,14.509014,15.859336,13.360371,0.5314792214583274,False,134.84134308,0.08772572007000001,0.042466207274999994
Pleiades,63705433133130368,16.604872,18.351088,15.345707,0.5547893287655319,False,134.84134308,0.08772572007000001,0.042466207274999994
Pleiades,63717665199974016,16.790188,18.674965,15.482706,0.577426112985021,False,134.84134308,0.08772572007000001,0.042466207274999994
Pleiades,63730309584280960,11.271783,11.710741,10.658591,0.5421701587121348,False,134.84134308,0.08772572007000001,0.042466207274999994
Pleiades,63773774653147904,15.726802,17.271751,14.511881,0.4790567368856091,False,134.84134308,0.08772572007000001,0.042466207274999994
Pleiades,63775355201110016,13.937496,14.963255,12.927443,0.4840990288332825,False,134.84134308,0.08772572007000001,0.042466207274999994
Pleiades,63781329497669504,18.870975,20.949076,17.450012,0.6134493974172515,False,134.84134308,0.08772572007000001,0.042466207274999994
Pleiades,63786625195137664,17.904497,19.982246,16.527723,0.4646967150553517,False,134.84134308,0.08772572007000001,0.042466207274999994
Pleiades,63795455648004608,14.622399,15.831817,13.535269,0.6094018310106482,False,134.84134308,0.08772572007000001,0.042466207274999994
Pleiades,63824901943723392,17.552294,19.531612,16.224325,0.5408631554620495,False,134.84134308,0.08772572007000001,0.042466207274999994
Pleiades,63826070174824192,16.288523,17.97776,15.031416,0.4617545001548523,False,134.84134308,0.08772572007000001,0.042466207274999994
Pleiades,63826448131945984,15.841362,17.418045,14.621999,0.5497850999726221,False,134.84134308,0.08772572007000001,0.042466207274999994
Pleiades,63838886357191936,14.832637,16.016743,13.748334,0.3826768158550021,False,134.84134308,0.08772572007000001,0.042466207274999994
Pleiades,63839023796354560,17.154518,18.962158,15.870787,0.424894101091222,False,134.84134308,0.08772572007000001,0.042466207274999994
Pleiades,63849572235829248,12.724305,13.393359,11.939822,0.6570890472800128,False,134.84134308,0.08772572007000001,0.042466207274999994
Pleiades,63876402894075904,11.673621,12.242834,10.948159,0.6722834844429768,False,134.84134308,0.08772572007000001,0.042466207274999994
Pleiades,63884584809145600,15.189425,16.559381,14.036468,0.6922787849763266,False,134.84134308,0.08772572007000001,0.042466207274999994
Pleiades,63889085934846208,17.923689,19.979448,16.593544,0.505599191889194,False,134.84134308,0.08772572007000001,0.042466207274999994
Pleiades,63892006512622848,15.772704,17.341928,14.551169,0.6111009802589651,False,134.84134308,0.08772572007000001,0.042466207274999994
Pleiades,63916431989200256,11.985237,12.519923,11.301289,0.493584796497749,False,134.84134308,0.08772572007000001,0.042466207274999994
Pleiades,63923205154013312,18.04057,20.051762,16.67526,0.5316784665416121,False,134.84134308,0.08772572007000001,0.042466207274999994
Pleiades,63937700667501184,17.5306,19.49168,16.182955,0.469358252143732,False,134.84134308,0.08772572007000001,0.042466207274999994
Pleiades,63940208928422656,18.286802,20.309404,16.905266,0.4073722420008514,False,134.84134308,0.08772572007000001,0.042466207274999994
Pleiades,63951826816390144,11.799927,12.324125,11.075508,0.5701144345303847,False,134.84134308,0.08772572007000001,0.042466207274999994
Pleiades,63953819680971008,16.483202,18.196905,15.235043,0.5055034551324493,False,134.84134308,0.08772572007000001,0.042466207274999994
Pleiades,63957526236677632,18.975307,20.984608,17.549097,0.2314053725900538,False,134.84134308,0.08772572007000001,0.042466207274999994
Pleiades,63958561324922240,12.993832,13.79799,12.095629,0.2347104737413524,False,134.84134308,0.08772572007000001,0.042466207274999994
Pleiades,63958801843006208,13.141851,14.084387,12.15845,0.3613434031876863,False,134.84134308,0.08772572007000001,0.042466207274999994
Pleiades,63959351598814336,15.772934,17.267515,14.575137,0.4334908981782134,False,134.84134308,0.08772572007000001,0.042466207274999994
Pleiades,63988351216124288,11.129899,11.432515,10.34136,0.2880464179825267,False,134.84134308,0.08772572007000001,0.042466207274999994
Pleiades,63989691247627776,17.306427,19.28531,15.999539,0.5776299128914124,False,134.84134308,0.08772572007000001,0.042466207274999994
Pleiades,63995562466405760,17.807226,19.9296,16.440338,0.5025814960895917,False,134.84134308,0.08772572007000001,0.042466207274999994
Pleiades,63997697066663040,18.388876,20.586876,16.981606,0.3161817328667718,False,134.84134308,0.08772572007000001,0.042466207274999994
Pleiades,63999999169130112,16.615885,18.53238,15.299266,0.6266653140574099,False,134.84134308,0.08772572007000001,0.042466207274999994
Pleiades,64001339197473408,19.117357,21.228342,17.685474,0.46091966622777,False,134.84134308,0.08772572007000001,0.042466207274999994
Pleiades,64005183194070272,19.893717,22.478077,18.4027,0.3199579429688629,False,134.84134308,0.08772572007000001,0.042466207274999994
Pleiades,64006905476619776,13.896054,14.827557,12.940072,0.5789571986837246,False,134.84134308,0.08772572007000001,0.042466207274999994
Pleiades,64007244778181248,18.159636,20.166971,16.809385,0.588788896073398,False,134.84134308,0.08772572007000001,0.042466207274999994
Pleiades,64009448097245440,13.571043,14.365626,12.684824,0.3128387080613909,False,134.84134308,0.08772572007000001,0.042466207274999994
Pleiades,64016904160440960,14.416559,15.729707,13.284862,0.3483238214029795,False,134.84134308,0.08772572007000001,0.042466207274999994
Pleiades,64021680164106112,16.345903,18.115408,15.065214,0.2274107068314096,False,134.84134308,0.08772572007000001,0.042466207274999994
Pleiades,64021714523841280,17.03976,18.95881,15.7275,0.6181437227984712,False,134.84134308,0.08772572007000001,0.042466207274999994
Pleiades,64024081049308800,17.795628,19.902216,16.432386,0.5539785839339385,False,134.84134308,0.08772572007000001,0.042466207274999994
Pleiades,64027143362491008,16.656425,18.509056,15.368991,0.5937572042443318,False,134.84134308,0.08772572007000001,0.042466207274999994
Pleiades,64030785494725632,13.9273,14.914365,12.930825,0.1882526585778405,False,134.84134308,0.08772572007000001,0.042466207274999994
Pleiades,64032503481665280,17.588257,19.643534,16.253145,0.6748901695301359,False,134.84134308,0.08772572007000001,0.042466207274999994
Pleiades,64037588724758400,15.981156,17.554771,14.757266,0.3700548842457229,False,134.84134308,0.08772572007000001,0.042466207274999994
Pleiades,64040818540162304,13.716136,14.653642,12.751032,0.3332080956549369,False,134.84134308,0.08772572007000001,0.042466207274999994
Pleiades,64050645425295872,13.859603,14.819051,12.886795,0.6904933331598304,False,134.84134308,0.08772572007000001,0.042466207274999994
Pleiades,64053566003097984,6.040353,6.03371,6.010229,0.3162752966461153,False,134.84134308,0.08772572007000001,0.042466207274999994
Pleiades,64057895330132224,17.574408,19.468412,16.22509,0.5154540770018805,False,134.84134308,0.08772572007000001,0.042466207274999994
Pleiades,64059407158605568,17.05874,18.854296,15.798702,0.6927858386561462,False,134.84134308,0.08772572007000001,0.042466207274999994
Pleiades,64064011363520512,16.323393,17.992958,15.068516,0.5472486821678048,False,134.84134308,0.08772572007000001,0.042466207274999994
Pleiades,64066107307543296,12.36464,12.959124,11.627783,0.5798944018770096,False,134.84134308,0.08772572007000001,0.042466207274999994
Pleiades,64073597730589952,14.958157,16.236689,13.840935,0.4061385367663014,False,134.84134308,0.08772572007000001,0.042466207274999994
Pleiades,64078167575681152,15.099433,16.45612,13.948632,0.6221120311011729,False,134.84134308,0.08772572007000001,0.042466207274999994
Pleiades,64092907903452800,17.126387,18.967655,15.823666,0.6083902886365649,False,134.84134308,0.08772572007000001,0.042466207274999994
Pleiades,64094037476647040,14.973824,16.259136,13.789281,0.75461659656826,False,134.84134308,0.08772572007000001,0.042466207274999994
Pleiades,64094041774819328,18.457737,20.674685,17.054459,0.6708099660106902,False,134.84134308,0.08772572007000001,0.042466207274999994
Pleiades,64095656682494720,11.850179,12.352765,11.187994,0.6490291471336394,False,134.84134308,0.08772572007000001,0.042466207274999994
Pleiades,64103009666497024,13.666987,14.567012,12.727442,0.6853879169146152,False,134.84134308,0.08772572007000001,0.042466207274999994
Pleiades,64104933811828480,15.906264,17.47367,14.68459,0.7751553696951222,False,134.84134308,0.08772572007000001,0.042466207274999994
Pleiades,64109915973846528,7.00436,7.007024,6.964559,0.6584602127864148,False,134.84134308,0.08772572007000001,0.042466207274999994
Pleiades,64114245300877184,7.70596,7.780141,7.545788,0.4718021267861657,False,134.84134308,0.08772572007000001,0.042466207274999994
Pleiades,64117062799542016,16.21168,17.86597,14.972922,0.4586206822602882,False,134.84134308,0.08772572007000001,0.042466207274999994
Pleiades,64117784354039040,17.399178,19.292608,16.087564,0.4637070093865573,False,134.84134308,0.08772572007000001,0.042466207274999994
Pleiades,64124136607381888,19.863224,21.45681,18.376186,0.2169345598926391,False,134.84134308,0.08772572007000001,0.042466207274999994
Pleiades,64127881818726400,18.964779,20.803637,17.558857,0.212493544487525,False,134.84134308,0.08772572007000001,0.042466207274999994
Pleiades,64128294135554688,16.372732,18.10094,15.113349,0.7291686363296715,False,134.84134308,0.08772572007000001,0.042466207274999994
Pleiades,64129294866302336,16.8719,18.646664,15.605882,0.4978881279543938,False,134.84134308,0.08772572007000001,0.042466207274999994
Pleiades,64131150292139648,13.846435,14.764159,12.827765,0.8139489856923504,True,134.84134308,0.08772572007000001,0.042466207274999994
Pleiades,64136063734692224,16.388481,18.013174,15.144629,0.7652503381082147,False,134.84134308,0.08772572007000001,0.042466207274999994
Pleiades,64145577084935296,19.278156,21.049833,17.861631,0.2662615075033133,False,134.84134308,0.08772572007000001,0.042466207274999994
Pleiades,64148738180119680,12.54847,13.226937,11.749722,0.7992374020184783,False,134.84134308,0.08772572007000001,0.042466207274999994
Pleiades,64157023175179776,17.615984,19.594332,16.28302,0.5374409568577546,False,134.84134308,0.08772572007000001,0.042466207274999994
Pleiades,64160940185240064,17.563309,19.70834,16.25707,0.5697620888162808,False,134.84134308,0.08772572007000001,0.042466207274999994
Pleiades,64163242287720448,18.505384,20.8091,17.10793,0.8452207180365625,False,134.84134308,0.08772572007000001,0.042466207274999994
Pleiades,64168705486089216,16.96899,18.734793,15.688656,0.6897306478770959,False,134.84134308,0.08772572007000001,0.042466207274999994
Pleiades,64172038380708224,11.16862,11.595824,10.570457,0.8365752073250873,True,134.84134308,0.08772572007000001,0.042466207274999994
Pleiades,64174546641593984,15.392325,16.795277,14.226943,0.8508569883460279,True,134.84134308,0.08772572007000001,0.042466207274999994
Pleiades,64215125490886656,16.56197,18.347271,15.282515,0.4938127651332863,False,134.84134308,0.08772572007000001,0.042466207274999994
Pleiades,64232271000313472,17.184954,19.201212,15.85756,0.4657447288394056,False,134.84134308,0.08772572007000001,0.042466207274999994
Pleiades,64250477365329536,14.158587,15.206373,13.135922,0.5572421948076206,False,134.84134308,0.08772572007000001,0.042466207274999994
Pleiades,64259518272776576,16.800209,18.658724,15.517677,0.5454369550719641,False,134.84134308,0.08772572007000001,0.042466207274999994
Pleiades,64272128296706432,12.039249,12.564841,11.356697,0.5103083926510998,False,134.84134308,0.08772572007000001,0.042466207274999994
Pleiades,64276315888567424,12.370164,12.980099,11.628508,0.4085034860945691,False,134.84134308,0.08772572007000001,0.042466207274999994
Pleiades,64297485783636352,16.44002,18.190708,15.171753,0.3608555350841944,False,134.84134308,0.08772572007000001,0.042466207274999994
Pleiades,64298271761308032,18.879766,21.09763,17.480087,0.3232947104436546,False,134.84134308,0.08772572007000001,0.042466207274999994
Pleiades,64313222543810560,7.27141,7.296544,7.191399,0.5149570632807349,False,134.84134308,0.08772572007000001,0.042466207274999994
Pleiades,64317998547641344,9.712154,9.986304,9.27505,0.4460346989528372,False,134.84134308,0.08772572007000001,0.042466207274999994
Pleiades,64331123967672448,16.246473,17.996973,14.976652,0.6174442051469526,False,134.84134308,0.08772572007000001,0.042466207274999994
Pleiades,64346070453848320,14.71056,15.971141,13.59677,0.3820060551020374,False,134.84134308,0.08772572007000001,0.042466207274999994
Pleiades,64346276612274816,16.967855,18.813835,15.678698,0.631381674694187,False,134.84134308,0.08772572007000001,0.042466207274999994
Pleiades,64380636350910464,10.233227,10.593171,9.701839,0.5997306713980854,False,134.84134308,0.08772572007000001,0.042466207274999994
Pleiades,64387439578878208,18.169836,20.107738,16.783045,0.4343871099809388,False,134.84134308,0.08772572007000001,0.042466207274999994
Pleiades,64401389632616960,16.889109,18.864218,15.563824,0.5590781823359511,False,134.84134308,0.08772572007000001,0.042466207274999994
Pleiades,64430939007563520,17.520615,19.547853,16.19287,0.3169418585103754,False,134.84134308,0.08772572007000001,0.042466207274999994
Pleiades,64433924008996224,18.169027,20.263266,16.782202,0.5692530957763707,False,134.84134308,0.08772572007000001,0.042466207274999994
Pleiades,64438184617001472,17.854961,20.165861,16.441496,0.3306212868324138,False,134.84134308,0.08772572007000001,0.042466207274999994
Pleiades,64438841747360768,13.361495,14.181111,12.475371,0.623453313794235,False,134.84134308,0.08772572007000001,0.042466207274999994
Pleiades,64441143849872512,16.556376,18.28812,15.294315,0.607434939589607,False,134.84134308,0.08772572007000001,0.042466207274999994
Pleiades,64445988572906752,15.090019,16.441984,13.945504,0.7087427457961726,False,134.84134308,0.08772572007000001,0.042466207274999994
Pleiades,64449321467581056,16.414602,18.123177,15.152911,0.5508437598155868,False,134.84134308,0.08772572007000001,0.042466207274999994
Pleiades,64449729487990912,10.207125,10.54199,9.700717,0.723208518023093,False,134.84134308,0.08772572007000001,0.042466207274999994
Pleiades,64450283540250240,11.358484,11.901775,10.661607,0.5009228065200507,False,134.84134308,0.08772572007000001,0.042466207274999994
Pleiades,64453685154291968,17.73309,19.73681,16.390238,0.736311236715746,False,134.84134308,0.08772572007000001,0.042466207274999994
Pleiades,64453887017111808,17.75966,19.819273,16.439646,0.5818342384254525,False,134.84134308,0.08772572007000001,0.042466207274999994
Pleiades,64456262134709376,15.731763,17.404444,14.486548,0.5462981533961359,False,134.84134308,0.08772572007000001,0.042466207274999994
Pleiades,64515047351400192,19.904741,21.42099,18.384325,0.2829923720796025,False,134.84134308,0.08772572007000001,0.042466207274999994
Pleiades,64555694921236352,15.064295,16.373007,13.928138,0.4256150248233255,False,134.84134308,0.08772572007000001,0.042466207274999994
Pleiades,64574352259640192,17.296213,19.331161,15.978157,0.5706069995173553,False,134.84134308,0.08772572007000001,0.042466207274999994
Pleiades,64588753286083328,17.406027,19.306372,16.079565,0.3852465596771084,False,134.84134308,0.08772572007000001,0.042466207274999994
Pleiades,64589062523316736,15.706452,17.19146,14.519381,0.5134255739706897,False,134.84134308,0.08772572007000001,0.042466207274999994
Pleiades,64597927334523904,16.52204,17.912182,15.036427,0.3132740704450193,False,134.84134308,0.08772572007000001,0.042466207274999994
Pleiades,64597927335800064,13.514972,14.362784,12.593035,0.4413212324790096,False,134.84134308,0.08772572007000001,0.042466207274999994
Pleiades,64600813554014592,15.546844,16.992083,14.372165,0.4499823372571343,False,134.84134308,0.08772572007000001,0.042466207274999994
Pleiades,64626819579706752,19.63341,21.651852,18.194868,0.2702900099347454,False,134.84134308,0.08772572007000001,0.042466207274999994
Pleiades,64642801154268672,15.303823,16.697529,14.142603,0.6683134946155773,False,134.84134308,0.08772572007000001,0.042466207274999994
Pleiades,64644484781444864,15.709704,17.217796,14.517974,0.4673022564926735,False,134.84134308,0.08772572007000001,0.042466207274999994
Pleiades,64653383953596032,17.14754,18.992771,15.851673,0.694842618139538,False,134.84134308,0.08772572007000001,0.042466207274999994
Pleiades,64656201452146304,16.780579,18.581429,15.497756,0.6565531658969384,False,134.84134308,0.08772572007000001,0.042466207274999994
Pleiades,64665203703566848,16.899952,18.733952,15.620255,0.744569237486095,False,134.84134308,0.08772572007000001,0.042466207274999994
Pleiades,64667535869958784,17.04338,18.909876,15.755333,0.7262906284805377,False,134.84134308,0.08772572007000001,0.042466207274999994
Pleiades,64671903852618624,9.941272,10.23137,9.487001,0.6884686159695569,False,134.84134308,0.08772572007000001,0.042466207274999994
Pleiades,64679840952155264,6.701936,6.688857,6.68878,0.5892042601789361,False,134.84134308,0.08772572007000001,0.042466207274999994
Pleiades,64720179284934016,16.604225,18.30029,15.349272,0.8198712682439006,True,134.84134308,0.08772572007000001,0.042466207274999994
Pleiades,64720625961541120,16.829,18.634464,15.547223,0.8046000921888598,True,134.84134308,0.08772572007000001,0.042466207274999994
Pleiades,64734709159049600,17.339174,19.159653,16.061714,0.5565902817833415,False,134.84134308,0.08772572007000001,0.042466207274999994
Pleiades,64739248940235392,9.362043,9.612339,8.948181,0.5476711778947496,False,134.84134308,0.08772572007000001,0.042466207274999994
Pleiades,64743646986745600,10.885116,11.295315,10.300288,0.4277078742879167,False,134.84134308,0.08772572007000001,0.042466207274999994
Pleiades,64745841713292160,18.149908,20.245428,16.778297,0.5907502164661871,False,134.84134308,0.08772572007000001,0.042466207274999994
Pleiades,64757425241820800,15.495378,16.950798,14.315059,0.4464857187180509,False,134.84134308,0.08772572007000001,0.042466207274999994
Pleiades,64764189813713408,18.326971,20.278984,16.936306,0.6664730759141133,False,134.84134308,0.08772572007000001,0.042466207274999994
Pleiades,64765254965634176,18.812912,20.84318,17.391182,0.3672374729395163,False,134.84134308,0.08772572007000001,0.042466207274999994
Pleiades,64768763955442944,16.099396,17.661139,14.873864,0.7668764691020723,False,134.84134308,0.08772572007000001,0.042466207274999994
Pleiades,64770241424108032,10.59092,10.962697,10.047034,0.5043117447444228,False,134.84134308,0.08772572007000001,0.042466207274999994
Pleiades,64795289673433728,16.55351,18.437225,15.259391,0.7669517678980248,False,134.84134308,0.08772572007000001,0.042466207274999994
Pleiades,64796045587678208,15.822847,17.558304,14.573746,0.4886013824860733,False,134.84134308,0.08772572007000001,0.042466207274999994
Pleiades,64797523056344064,16.453379,18.196117,15.190277,0.5475187995346771,False,134.84134308,0.08772572007000001,0.042466207274999994
Pleiades,64798038452412928,16.174246,17.795897,14.936455,0.6205213826837702,False,134.84134308,0.08772572007000001,0.042466207274999994
Pleiades,64798691287540224,7.800061,7.878221,7.626637,0.813430500943805,True,134.84134308,0.08772572007000001,0.042466207274999994
Pleiades,64804360644343424,17.284359,19.13141,15.977291,0.6876229399702716,False,134.84134308,0.08772572007000001,0.042466207274999994
Pleiades,64804841680675200,11.554062,12.001611,10.945664,0.4121125053543888,False,134.84134308,0.08772572007000001,0.042466207274999994
Pleiades,64806765824716928,19.242943,21.087011,17.807642,0.4044840970062038,False,134.84134308,0.08772572007000001,0.042466207274999994
Pleiades,64808204638390912,9.306278,9.554723,8.897336,0.6603538670492336,False,134.84134308,0.08772572007000001,0.042466207274999994
Pleiades,64808483812941440,14.011793,14.998876,13.023469,0.8315307356993669,True,134.84134308,0.08772572007000001,0.042466207274999994
Pleiades,64818203322590208,17.326468,19.21476,16.045765,0.506006190986152,False,134.84134308,0.08772572007000001,0.042466207274999994
Pleiades,64822017259193600,18.58,20.721899,17.161203,0.7091765417554734,False,134.84134308,0.08772572007000001,0.042466207274999994
Pleiades,64834043162051328,18.611414,20.748024,16.994423,0.4736696595090849,False,134.84134308,0.08772572007000001,0.042466207274999994
Pleiades,64836349560719232,16.080769,17.656956,14.872416,0.3447456591433011,False,134.84134308,0.08772572007000001,0.042466207274999994
Pleiades,64837139834697984,9.766249,9.681552,8.904118,0.6057030589651957,False,134.84134308,0.08772572007000001,0.042466207274999994
Pleiades,64837242912474624,8.88526,9.04409,8.44839,0.7569021502590073,False,134.84134308,0.08772572007000001,0.042466207274999994
Pleiades,64840541448791424,16.816063,18.597298,15.524349,0.7433426557396008,False,134.84134308,0.08772572007000001,0.042466207274999994
Pleiades,64841503521468544,14.297123,15.503931,13.207622,0.3731112267996583,False,134.84134308,0.08772572007000001,0.042466207274999994
Pleiades,64843805623922688,16.934334,18.76188,15.656939,0.7785503214353527,False,134.84134308,0.08772572007000001,0.042466207274999994
Pleiades,64856312568645248,13.413954,14.269874,12.502336,0.561476090377197,False,134.84134308,0.08772572007000001,0.042466207274999994
Pleiades,64857721317916032,16.504587,18.25048,15.237978,0.7049683610895189,False,134.84134308,0.08772572007000001,0.042466207274999994
Pleiades,64864593265614464,14.602414,15.855714,13.487362,0.3378813387117897,False,134.84134308,0.08772572007000001,0.042466207274999994
Pleiades,64870296982175488,14.497981,15.656166,13.432903,0.6286160333170565,False,134.84134308,0.08772572007000001,0.042466207274999994
Pleiades,64871740091177600,16.29566,18.021383,15.042358,0.8346026368996761,True,134.84134308,0.08772572007000001,0.042466207274999994
Pleiades,64873045759681792,19.399628,21.128735,17.92553,0.3116508231516605,False,134.84134308,0.08772572007000001,0.042466207274999994
Pleiades,64874454510493440,17.110922,19.046177,15.804014,0.9444071881621084,True,134.84134308,0.08772572007000001,0.042466207274999994
Pleiades,64879402312818944,8.886077,9.084315,8.53639,0.7611508774928732,False,134.84134308,0.08772572007000001,0.042466207274999994
Pleiades,64884624994048256,16.003756,17.615614,14.774321,0.8133837387558618,True,134.84134308,0.08772572007000001,0.042466207274999994
Pleiades,64884899871954176,16.08691,17.626284,14.880455,0.2900239608400706,False,134.84134308,0.08772572007000001,0.042466207274999994
Pleiades,64888129687348736,11.886297,12.508799,11.100063,0.2277254909395855,False,134.84134308,0.08772572007000001,0.042466207274999994
Pleiades,64889126119831040,15.062484,16.408981,13.919446,0.6480722710238108,False,134.84134308,0.08772572007000001,0.042466207274999994
Pleiades,64889229199044096,18.574747,21.33425,17.11556,0.2534913330837482,False,134.84134308,0.08772572007000001,0.042466207274999994
Pleiades,64891634380723712,14.505948,15.656511,13.439648,0.878559463927335,True,134.84134308,0.08772572007000001,0.042466207274999994
Pleiades,64894623677888640,16.176619,18.01964,14.899844,0.500262887666207,False,134.84134308,0.08772572007000001,0.042466207274999994
Pleiades,64894829836313472,13.922133,14.78022,13.009661,0.2360292340219117,False,134.84134308,0.08772572007000001,0.042466207274999994
Pleiades,64895139073954944,15.133998,16.501127,13.985149,0.952740656874542,True,134.84134308,0.08772572007000001,0.042466207274999994
Pleiades,64896101146708224,17.194057,19.137468,15.899172,0.5057699373345697,False,134.84134308,0.08772572007000001,0.042466207274999994
Pleiades,64898368889386624,8.124376,8.238318,7.899513,0.385813757517487,False,134.84134308,0.08772572007000001,0.042466207274999994
Pleiades,64899017426872960,10.343078,10.67296,9.844388,0.682907029544796,False,134.84134308,0.08772572007000001,0.042466207274999994
Pleiades,64900739711320960,17.231815,19.033255,15.956007,0.6833657170745456,False,134.84134308,0.08772572007000001,0.042466207274999994
Pleiades,64905618794174720,15.04029,16.36881,13.89092,0.6742975234532971,False,134.84134308,0.08772572007000001,0.042466207274999994
Pleiades,64909153549943296,17.242805,19.077133,15.966661,0.5637042521738252,False,134.84134308,0.08772572007000001,0.042466207274999994
Pleiades,64912009705490304,15.890427,17.49346,14.665,1.0,True,134.84134308,0.08772572007000001,0.042466207274999994
Pleiades,64913452814489216,10.945833,11.33603,10.391232,0.9653111962493292,True,134.84134308,0.08772572007000001,0.042466207274999994
Pleiades,64915754917051520,17.31056,19.177654,16.00316,0.5549350107164303,False,134.84134308,0.08772572007000001,0.042466207274999994
Pleiades,64916751349465856,15.26213,16.628113,14.110522,0.6274872349064793,False,134.84134308,0.08772572007000001,0.042466207274999994
Pleiades,64917094946846848,16.074583,17.678179,14.841445,0.7742666096818608,False,134.84134308,0.08772572007000001,0.042466207274999994
Pleiades,64921389914137984,17.961342,20.240393,16.4562,0.3606467391482888,False,134.84134308,0.08772572007000001,0.042466207274999994
Pleiades,64921458633614976,11.324861,11.782931,10.702197,0.1955092937472993,False,134.84134308,0.08772572007000001,0.042466207274999994
Pleiades,64922283267331968,13.63343,14.518898,12.701284,0.9305214548275844,True,134.84134308,0.08772572007000001,0.042466207274999994
Pleiades,64923137964643840,19.400398,21.68438,17.927925,0.3214735452273037,False,134.84134308,0.08772572007000001,0.042466207274999994
Pleiades,64923279699744256,11.473286,11.914596,10.86683,0.9236262958207032,True,134.84134308,0.08772572007000001,0.042466207274999994
Pleiades,64924413571101952,10.138832,10.44442,9.66561,0.4807573137448905,False,134.84134308,0.08772572007000001,0.042466207274999994
Pleiades,64925444363253632,17.65794,19.77989,16.17125,0.3102617717423105,False,134.84134308,0.08772572007000001,0.042466207274999994
Pleiades,64927368508592512,17.534443,19.451115,16.23496,0.744477501323785,False,134.84134308,0.08772572007000001,0.042466207274999994
Pleiades,64928605459180416,10.937686,11.320791,10.378372,0.8230875420497314,True,134.84134308,0.08772572007000001,0.042466207274999994
Pleiades,64928674178659968,17.513542,19.414448,16.219572,0.7935823375773726,False,134.84134308,0.08772572007000001,0.042466207274999994
Pleiades,64929391436043264,8.094326,8.184235,7.911143,0.9535090198779892,True,134.84134308,0.08772572007000001,0.042466207274999994
Pleiades,64930495244783616,9.034874,9.25158,8.664315,0.7069800030779149,False,134.84134308,0.08772572007000001,0.042466207274999994
Pleiades,64933621980897536,16.0748,17.920803,14.782973,0.2500677456885175,False,134.84134308,0.08772572007000001,0.042466207274999994
Pleiades,64933759417767424,17.385319,16.31676,15.401173,0.2829370887909414,False,134.84134308,0.08772572007000001,0.042466207274999994
Pleiades,64933759417769984,8.33693,8.461256,8.076609,0.9982951515186852,True,134.84134308,0.08772572007000001,0.042466207274999994
Pleiades,64934893291213952,12.242328,12.824065,11.504954,0.85366104808754,True,134.84134308,0.08772572007000001,0.042466207274999994
Pleiades,64936508198907904,12.882789,13.580464,12.075048,0.8936107118748238,True,134.84134308,0.08772572007000001,0.042466207274999994
Pleiades,64938569783224960,15.848128,17.349962,14.6591,0.4296909585743318,False,134.84134308,0.08772572007000001,0.042466207274999994
Pleiades,64940906245415808,5.428299,5.393529,5.460636,0.7320011470852089,False,134.84134308,0.08772572007000001,0.042466207274999994
Pleiades,64941211186036352,10.21041,10.523789,9.733897,0.9509758858474636,True,134.84134308,0.08772572007000001,0.042466207274999994
Pleiades,64942001460286080,17.704262,19.68008,16.341398,0.9140757440611692,True,134.84134308,0.08772572007000001,0.042466207274999994
Pleiades,64943758103791104,16.382866,18.20926,15.095169,0.7765626947340443,False,134.84134308,0.08772572007000001,0.042466207274999994
Pleiades,64944170420647296,13.602488,14.481096,12.590535,0.199587700276179,False,134.84134308,0.08772572007000001,0.042466207274999994
Pleiades,64946025846426752,17.347544,19.251497,16.031588,0.739678226447848,False,134.84134308,0.08772572007000001,0.042466207274999994
Pleiades,64950488315122560,17.991745,19.923357,16.630642,0.4041272319416014,False,134.84134308,0.08772572007000001,0.042466207274999994
Pleiades,64950625753906176,17.679,19.939953,16.229519,0.7849881272618838,False,134.84134308,0.08772572007000001,0.042466207274999994
Pleiades,64951111087777536,15.922808,17.568861,14.688958,0.5184604964472597,False,134.84134308,0.08772572007000001,0.042466207274999994
Pleiades,64951626483855744,16.956253,18.942444,15.606698,0.9472724590534582,True,134.84134308,0.08772572007000001,0.042466207274999994
Pleiades,64952068862923520,17.930954,19.97743,16.595785,0.5153419536485742,False,134.84134308,0.08772572007000001,0.042466207274999994
Pleiades,64952829074688896,9.295629,9.536065,8.894408,0.7330178857447651,False,134.84134308,0.08772572007000001,0.042466207274999994
Pleiades,64953481907702016,18.968166,21.224241,17.51262,0.1967662352704964,False,134.84134308,0.08772572007000001,0.042466207274999994
Pleiades,64956127609464320,6.895188,6.892908,6.86834,0.9054433950592597,True,134.84134308,0.08772572007000001,0.042466207274999994
Pleiades,64956127609659008,16.65293,18.232779,15.376368,0.6175877581688554,False,134.84134308,0.08772572007000001,0.042466207274999994
Pleiades,64959662365552384,13.143335,13.889277,12.292398,0.9767673538695892,True,134.84134308,0.08772572007000001,0.042466207274999994
Pleiades,64960628735279232,9.784797,10.069503,9.329901,0.3472547454556738,False,134.84134308,0.08772572007000001,0.042466207274999994
Pleiades,64960663095015680,14.486368,15.633691,13.421676,0.8342719233227616,True,134.84134308,0.08772572007000001,0.042466207274999994
Pleiades,64962174923490304,16.41158,18.062555,15.171372,0.7892633714201835,False,134.84134308,0.08772572007000001,0.042466207274999994
Pleiades,64963377514329984,16.68825,18.459522,15.405938,0.643040694680112,False,134.84134308,0.08772572007000001,0.042466207274999994
Pleiades,64964717544035200,14.018696,15.027586,13.016451,0.9237018481718936,True,134.84134308,0.08772572007000001,0.042466207274999994
Pleiades,64966916567283456,17.4539,19.343552,16.144558,0.9059187029606016,True,134.84134308,0.08772572007000001,0.042466207274999994
Pleiades,64967569402404480,16.54838,18.295916,15.277871,0.4837037753583086,False,134.84134308,0.08772572007000001,0.042466207274999994
Pleiades,64967603762044928,17.04237,18.83467,15.771289,0.6935422810034196,False,134.84134308,0.08772572007000001,0.042466207274999994
Pleiades,64971177174850304,9.99517,10.30975,9.513999,0.4061364465527321,False,134.84134308,0.08772572007000001,0.042466207274999994
Pleiades,64971722633920768,18.161404,20.548536,16.764942,0.7382047950045372,False,134.84134308,0.08772572007000001,0.042466207274999994
Pleiades,64971933089093760,13.21777,13.992208,12.351245,1.0,True,134.84134308,0.08772572007000001,0.042466207274999994
Pleiades,64974338270788864,16.11487,17.743353,14.877634,0.9489288314455726,True,134.84134308,0.08772572007000001,0.042466207274999994
Pleiades,64974574492213248,17.363674,19.30851,16.061031,0.7940434609943939,False,134.84134308,0.08772572007000001,0.042466207274999994
Pleiades,64977705525131904,14.081177,15.108032,13.074501,0.9388517463215512,True,134.84134308,0.08772572007000001,0.042466207274999994
Pleiades,64979732749686016,11.273634,11.696708,10.691306,0.8969752941542555,True,134.84134308,0.08772572007000001,0.042466207274999994
Pleiades,64980278208557696,11.961676,12.596969,11.177523,0.2139859787741213,False,134.84134308,0.08772572007000001,0.042466207274999994
Pleiades,64980832261312640,16.288599,17.955683,15.026005,0.904899764538146,True,134.84134308,0.08772572007000001,0.042466207274999994
Pleiades,64981137202021376,12.397641,13.016661,11.634639,0.902593439556466,True,134.84134308,0.08772572007000001,0.042466207274999994
Pleiades,64981863053470592,17.219704,19.208763,15.883824,0.769142402456303,False,134.84134308,0.08772572007000001,0.042466207274999994
Pleiades,64981931772948480,10.363573,10.842356,9.716273,0.7482597174569989,False,134.84134308,0.08772572007000001,0.042466207274999994
Pleiades,64982344089813248,16.27454,17.967371,15.030655,0.6524352879388465,False,134.84134308,0.08772572007000001,0.042466207274999994
Pleiades,64984951133439232,17.09217,19.02397,15.796086,0.8852235002585949,True,134.84134308,0.08772572007000001,0.042466207274999994
Pleiades,64985127228608128,12.563813,13.306281,11.721897,0.8086980423341767,True,134.84134308,0.08772572007000001,0.042466207274999994
Pleiades,64986325522809728,18.267855,20.152155,16.919113,0.7525071168764224,False,134.84134308,0.08772572007000001,0.042466207274999994
Pleiades,64987876007763968,16.418585,18.037115,15.171599,0.8992700762554124,True,134.84134308,0.08772572007000001,0.042466207274999994
Pleiades,64988322684358144,16.84718,18.706785,15.553324,0.8125424312173986,True,134.84134308,0.08772572007000001,0.042466207274999994
Pleiades,64988803720689408,17.783087,19.74599,16.419292,0.8482058856883831,True,134.84134308,0.08772572007000001,0.042466207274999994
Pleiades,64989490915460608,13.712051,14.600283,12.782841,0.9260356043950652,True,134.84134308,0.08772572007000001,0.042466207274999994
Pleiades,64990349908937984,15.722567,17.261951,14.517586,0.8852235002585949,True,134.84134308,0.08772572007000001,0.042466207274999994
Pleiades,64990586130069504,13.113663,13.854302,12.268779,0.6115699900729495,False,134.84134308,0.08772572007000001,0.042466207274999994
Pleiades,64990792288875264,17.404692,19.282608,16.104057,0.8969752941542555,True,134.84134308,0.08772572007000001,0.042466207274999994
Pleiades,64992544636157568,19.498247,20.989952,18.046577,0.2661635233339336,False,134.84134308,0.08772572007000001,0.042466207274999994
Pleiades,64993579724240896,18.28803,20.360893,16.923494,0.5003819117340406,False,134.84134308,0.08772572007000001,0.042466207274999994
Pleiades,64997187496822912,17.839243,19.713297,16.480227,1.0,False,134.84134308,0.08772572007000001,0.042466207274999994
Pleiades,64998905483757568,15.042486,16.345612,13.913245,0.7869654365710921,False,134.84134308,0.08772572007000001,0.042466207274999994
Pleiades,64999558318784768,15.923727,17.508135,14.711693,1.0,True,134.84134308,0.08772572007000001,0.042466207274999994
Pleiades,64999588381514496,9.99203,10.279016,9.538562,0.7693950021872915,False,134.84134308,0.08772572007000001,0.042466207274999994
Pleiades,65000073712701056,19.53008,21.417053,17.984467,0.3507137889742321,False,134.84134308,0.08772572007000001,0.042466207274999994
Pleiades,65000417312240896,15.711198,16.785028,14.390324,0.9396377180876596,True,134.84134308,0.08772572007000001,0.042466207274999994
Pleiades,65000623471297024,15.735696,17.356327,14.441016,0.5644854088696574,False,134.84134308,0.08772572007000001,0.042466207274999994
Pleiades,65000863988835200,16.795107,18.595438,15.50964,0.668086366039727,False,134.84134308,0.08772572007000001,0.042466207274999994
Pleiades,65003612767943040,17.898127,20.17663,16.506802,0.727863013292721,False,134.84134308,0.08772572007000001,0.042466207274999994
Pleiades,65004437401569664,16.694729,18.330616,15.449906,0.9495187174918585,True,134.84134308,0.08772572007000001,0.042466207274999994
Pleiades,65004712279475712,10.388345,10.711754,9.896658,0.9368051517575792,True,134.84134308,0.08772572007000001,0.042466207274999994
Pleiades,65005262035285888,14.264648,15.604331,13.129026,0.7311412833466839,False,134.84134308,0.08772572007000001,0.042466207274999994
Pleiades,65005846150835200,16.335794,18.170729,15.042625,0.7529655702005682,False,134.84134308,0.08772572007000001,0.042466207274999994
Pleiades,65007083101413888,7.746769,7.812398,7.595021,0.6657968702412963,False,134.84134308,0.08772572007000001,0.042466207274999994
Pleiades,65007942094880640,17.557415,19.774302,16.193071,0.4109546965752827,False,134.84134308,0.08772572007000001,0.042466207274999994
Pleiades,65008010814357248,17.381496,19.213495,16.073286,0.9166406451479596,True,134.84134308,0.08772572007000001,0.042466207274999994
Pleiades,65008388771477120,16.497435,18.41301,15.17908,0.9968133071271104,True,134.84134308,0.08772572007000001,0.042466207274999994
Pleiades,65010175477867776,13.320808,13.615209,11.879012,0.4350251570235306,False,134.84134308,0.08772572007000001,0.042466207274999994
Pleiades,65010239900405504,11.99486,12.511447,11.295786,0.9622201052556862,True,134.84134308,0.08772572007000001,0.042466207274999994
Pleiades,65010519075247616,16.342907,18.058958,15.08565,0.930554801676254,True,134.84134308,0.08772572007000001,0.042466207274999994
Pleiades,65010549138050944,12.215946,12.771295,11.509644,1.0,True,134.84134308,0.08772572007000001,0.042466207274999994
Pleiades,65011412428446592,14.170108,15.443391,13.048277,0.7821253394090976,False,134.84134308,0.08772572007000001,0.042466207274999994
Pleiades,65011476851589632,18.451954,20.400572,17.060495,0.9034660237324954,False,134.84134308,0.08772572007000001,0.042466207274999994
Pleiades,65011481147922560,17.294428,19.121851,15.994456,0.6537448699120286,False,134.84134308,0.08772572007000001,0.042466207274999994
Pleiades,65011962184337664,17.058777,18.886227,15.764659,0.6097329670451556,False,134.84134308,0.08772572007000001,0.042466207274999994
Pleiades,65012408860856832,16.648165,18.418951,15.380183,0.948887603165544,True,134.84134308,0.08772572007000001,0.042466207274999994
Pleiades,65013474012743936,13.317822,14.096745,12.448992,0.8812343076383752,True,134.84134308,0.08772572007000001,0.042466207274999994
Pleiades,65014195567317504,15.997229,17.562798,14.775707,0.8506479997407947,True,134.84134308,0.08772572007000001,0.042466207274999994
Pleiades,65014985841292032,16.735138,18.473598,15.478024,0.738961694076426,False,134.84134308,0.08772572007000001,0.042466207274999994
Pleiades,65017627244152064,6.997606,7.002589,6.960183,1.0,True,134.84134308,0.08772572007000001,0.042466207274999994
Pleiades,65017906418989312,14.748187,16.20566,13.568075,0.9373750093819746,True,134.84134308,0.08772572007000001,0.042466207274999994
Pleiades,65018417518780672,16.862331,18.660522,15.572258,0.8373968789359189,True,134.84134308,0.08772572007000001,0.042466207274999994
Pleiades,65019246448775424,17.37894,19.200218,16.08857,0.6448406194076732,False,134.84134308,0.08772572007000001,0.042466207274999994
Pleiades,65019963707009024,18.670362,20.654741,17.297281,0.9265573382637045,False,134.84134308,0.08772572007000001,0.042466207274999994
Pleiades,65020414679879296,9.761056,10.036342,9.328334,0.915644905301262,True,134.84134308,0.08772572007000001,0.042466207274999994
Pleiades,65023232178029440,14.220257,15.296538,13.1896,0.718147528098297,False,134.84134308,0.08772572007000001,0.042466207274999994
Pleiades,65026839950559744,13.883523,14.821616,12.925335,0.8480417427809998,True,134.84134308,0.08772572007000001,0.042466207274999994
Pleiades,65027595864800000,9.057103,9.293049,8.661972,0.7708731690890032,False,134.84134308,0.08772572007000001,0.042466207274999994
Pleiades,65027905102436608,13.702901,14.601405,12.766048,0.7733273541802669,False,134.84134308,0.08772572007000001,0.042466207274999994
Pleiades,65029550073165184,18.133823,20.180763,16.760004,0.6893063008786648,False,134.84134308,0.08772572007000001,0.042466207274999994
Pleiades,65030344643851776,11.829097,12.339624,11.159572,0.4653198772178619,False,134.84134308,0.08772572007000001,0.042466207274999994
Pleiades,65032745528876032,18.516258,20.840694,17.108147,0.6955079985838111,False,134.84134308,0.08772572007000001,0.042466207274999994
Pleiades,65034910192391680,19.54457,21.38431,18.06658,0.402447218017243,False,134.84134308,0.08772572007000001,0.042466207274999994
Pleiades,65037731987586304,17.058886,19.003546,15.761085,0.6910682183013523,False,134.84134308,0.08772572007000001,0.042466207274999994
Pleiades,65038281743395584,16.831034,18.834366,15.499237,0.6834210152567178,False,134.84134308,0.08772572007000001,0.042466207274999994
Pleiades,65040686925109760,15.615843,17.099405,14.424569,0.787643651839186,False,134.84134308,0.08772572007000001,0.042466207274999994
Pleiades,65042439271761280,17.29081,19.234756,15.988699,0.6639271513082454,False,134.84134308,0.08772572007000001,0.042466207274999994
Pleiades,65042645428743680,17.786415,19.672274,16.176714,0.7564333040558806,False,134.84134308,0.08772572007000001,0.042466207274999994
Pleiades,65047043476608128,16.736732,18.59807,15.452512,0.7151852231697382,False,134.84134308,0.08772572007000001,0.042466207274999994
Pleiades,65048589663795200,20.058289,21.3019,18.485056,0.5020158638734387,False,134.84134308,0.08772572007000001,0.042466207274999994
Pleiades,65049139420729856,19.14169,21.188501,17.721786,0.5420100162855168,False,134.84134308,0.08772572007000001,0.042466207274999994
Pleiades,65052639818118400,18.776737,21.002762,17.361822,0.8116321923180961,False,134.84134308,0.08772572007000001,0.042466207274999994
Pleiades,65052953351603456,12.413892,13.024586,11.663943,0.8555347521773407,True,134.84134308,0.08772572007000001,0.042466207274999994
Pleiades,65053915424355584,17.104906,19.01437,15.805661,0.7599646523115435,False,134.84134308,0.08772572007000001,0.042466207274999994
Pleiades,65056526764528128,15.538341,17.033222,14.345987,0.769142402456303,False,134.84134308,0.08772572007000001,0.042466207274999994
Pleiades,65058760147520000,16.57428,18.37387,15.299133,0.8721782852612178,True,134.84134308,0.08772572007000001,0.042466207274999994
Pleiades,65062917675789184,16.419624,18.211761,15.129765,0.2168427428133769,False,134.84134308,0.08772572007000001,0.042466207274999994
Pleiades,65063707949772544,10.357922,10.749845,9.791486,0.3377996798296852,False,134.84134308,0.08772572007000001,0.042466207274999994
Pleiades,65063707949772672,15.696248,15.79145,14.050344,0.445114701580611,False,134.84134308,0.08772572007000001,0.042466207274999994
Pleiades,65064837524605312,18.181866,20.410484,16.785686,0.6485540334953714,False,134.84134308,0.08772572007000001,0.042466207274999994
Pleiades,65072435323295872,11.193929,11.627196,10.593733,0.6068862308489271,False,134.84134308,0.08772572007000001,0.042466207274999994
Pleiades,65078929312363392,16.435478,16.980797,14.132764,0.8533527453158521,True,134.84134308,0.08772572007000001,0.042466207274999994
Pleiades,65079788307324672,16.140701,17.753311,14.908607,0.6868853373139335,False,134.84134308,0.08772572007000001,0.042466207274999994
Pleiades,65084358152509440,13.831366,14.762932,12.873901,0.8042055075099283,True,134.84134308,0.08772572007000001,0.042466207274999994
Pleiades,65086591535491584,10.823086,11.230583,10.24679,1.0,True,134.84134308,0.08772572007000001,0.042466207274999994
Pleiades,65088275162687104,16.996695,18.775732,15.729276,0.7709688242512734,False,134.84134308,0.08772572007000001,0.042466207274999994
Pleiades,65089336018173440,10.576324,10.927368,10.060749,0.7055133778096653,False,134.84134308,0.08772572007000001,0.042466207274999994
Pleiades,65089473457126784,13.418813,14.245265,12.528186,0.6750023320162571,False,134.84134308,0.08772572007000001,0.042466207274999994
Pleiades,65090680344356992,9.430407,9.689258,9.003955,0.6581299500446554,False,134.84134308,0.08772572007000001,0.042466207274999994
Pleiades,65096899456994304,15.868685,17.412394,14.653085,0.4382464619060505,False,134.84134308,0.08772572007000001,0.042466207274999994
Pleiades,65098514364769408,16.232439,17.897514,14.988882,0.8245817263036492,True,134.84134308,0.08772572007000001,0.042466207274999994
Pleiades,65101606741121792,16.835623,18.681997,15.543577,0.7994920706253232,False,134.84134308,0.08772572007000001,0.042466207274999994
Pleiades,65107860213588096,13.492777,14.324309,12.597651,0.7226708346891004,False,134.84134308,0.08772572007000001,0.042466207274999994
Pleiades,65108714911246720,16.459938,18.090578,15.217663,0.619464003045965,False,134.84134308,0.08772572007000001,0.042466207274999994
Pleiades,65112739296356608,16.70023,18.5285,15.426275,0.5556244900955745,False,134.84134308,0.08772572007000001,0.042466207274999994
Pleiades,65113559634339200,9.810571,10.083867,9.372724,0.591787772700603,False,134.84134308,0.08772572007000001,0.042466207274999994
Pleiades,65113873167733248,17.078058,18.938143,15.789668,0.3608179672733335,False,134.84134308,0.08772572007000001,0.042466207274999994
Pleiades,65117206062341760,14.743395,16.149273,13.574709,0.940849630226088,True,134.84134308,0.08772572007000001,0.042466207274999994
Pleiades,65119164567417856,10.658403,11.022289,10.129077,0.6996595365797966,False,134.84134308,0.08772572007000001,0.042466207274999994
Pleiades,65119469509073152,18.58516,20.470793,17.201927,0.7080632810223317,False,134.84134308,0.08772572007000001,0.042466207274999994
Pleiades,65120470237460480,9.069493,9.289895,8.691947,0.815989649176948,True,134.84134308,0.08772572007000001,0.042466207274999994
Pleiades,65121810267254656,19.740993,20.493414,18.268028,0.6370670232914759,False,134.84134308,0.08772572007000001,0.042466207274999994
Pleiades,65125452399528320,14.410244,15.531999,13.354491,0.7223539037984807,False,134.84134308,0.08772572007000001,0.042466207274999994
Pleiades,65125516823040256,19.29973,21.371836,17.853703,0.4884657719826518,False,134.84134308,0.08772572007000001,0.042466207274999994
Pleiades,65125864716379264,12.452076,13.067136,11.703961,0.8905430510958133,True,134.84134308,0.08772572007000001,0.042466207274999994
Pleiades,65128506120036352,18.148575,20.36319,16.807646,0.6505132043162517,False,134.84134308,0.08772572007000001,0.042466207274999994
Pleiades,65129506848731136,12.169894,12.770027,11.423228,0.3869421230888419,False,134.84134308,0.08772572007000001,0.042466207274999994
Pleiades,65131121756446592,13.487999,14.278063,12.427227,0.7936409116768972,False,134.84134308,0.08772572007000001,0.042466207274999994
Pleiades,65134592089910656,14.803357,16.046324,13.696748,0.6556542478709931,False,134.84134308,0.08772572007000001,0.042466207274999994
Pleiades,65135176205557888,16.075401,17.695559,14.843436,0.6577731294993617,False,134.84134308,0.08772572007000001,0.042466207274999994
Pleiades,65136791113382912,16.743004,18.552668,15.475222,0.7359009735269387,False,134.84134308,0.08772572007000001,0.042466207274999994
Pleiades,65147438335354624,17.286898,19.106556,16.012018,0.8677735046945461,True,134.84134308,0.08772572007000001,0.042466207274999994
Pleiades,65150947325369600,10.972593,11.369089,10.408467,0.8793930405439851,True,134.84134308,0.08772572007000001,0.042466207274999994
Pleiades,65151531440914560,13.867477,14.802361,12.916341,0.6182230966095452,False,134.84134308,0.08772572007000001,0.042466207274999994
Pleiades,65153833543386624,13.935524,14.910838,12.961369,0.8463703581943951,True,134.84134308,0.08772572007000001,0.042466207274999994
Pleiades,65155856471318912,17.686852,19.83891,16.341368,0.5215626411239148,False,134.84134308,0.08772572007000001,0.042466207274999994
Pleiades,65156891560085504,17.641811,19.618221,16.316025,0.6951590728948798,False,134.84134308,0.08772572007000001,0.042466207274999994
Pleiades,65161250950264192,15.555487,16.417515,13.708513,0.5540285185458173,False,134.84134308,0.08772572007000001,0.042466207274999994
Pleiades,65161560188203776,17.538729,19.592358,16.224443,0.3174814869335513,False,134.84134308,0.08772572007000001,0.042466207274999994
Pleiades,65161976802151680,13.374578,14.203643,12.481163,0.7235191392626154,False,134.84134308,0.08772572007000001,0.042466207274999994
Pleiades,65162492198224768,17.780386,19.695827,16.452774,0.9222615804075016,False,134.84134308,0.08772572007000001,0.042466207274999994
Pleiades,65163110673516928,16.323061,18.017593,15.066506,0.6578217529550534,False,134.84134308,0.08772572007000001,0.042466207274999994
Pleiades,65163797868281088,11.943017,12.495064,11.226545,0.1944886387717482,False,134.84134308,0.08772572007000001,0.042466207274999994
Pleiades,65164171528305792,12.190561,12.771814,11.464812,0.8649467995404636,True,134.84134308,0.08772572007000001,0.042466207274999994
Pleiades,65165653294149760,16.157358,18.058023,14.853676,0.948887603165544,True,134.84134308,0.08772572007000001,0.042466207274999994
Pleiades,65167577439502592,15.381319,16.831255,14.212311,0.8742708859657281,True,134.84134308,0.08772572007000001,0.042466207274999994
Pleiades,65168844452782208,17.820105,19.85855,16.485216,0.6048881298997874,False,134.84134308,0.08772572007000001,0.042466207274999994
Pleiades,65169394210980096,19.801334,21.32286,18.334303,0.3993802513075939,False,134.84134308,0.08772572007000001,0.042466207274999994
Pleiades,65169566007289216,18.89392,21.07396,17.47245,0.3066597760447909,False,134.84134308,0.08772572007000001,0.042466207274999994
Pleiades,65169943964429952,16.988838,19.105682,15.657268,0.909497312620548,True,134.84134308,0.08772572007000001,0.042466207274999994
Pleiades,65170016980919808,16.171886,17.804462,14.9347,0.8914681438839288,True,134.84134308,0.08772572007000001,0.042466207274999994
Pleiades,65171009118683264,19.613657,21.55446,18.089975,0.2755716700258458,False,134.84134308,0.08772572007000001,0.042466207274999994
Pleiades,65173620458875008,17.018866,18.30291,15.578316,0.948887603165544,True,134.84134308,0.08772572007000001,0.042466207274999994
Pleiades,65175480179315840,17.297462,19.097338,16.003448,0.8670313993399502,True,134.84134308,0.08772572007000001,0.042466207274999994
Pleiades,65178190301724544,18.718615,20.564253,17.174627,0.6062573607945827,False,134.84134308,0.08772572007000001,0.042466207274999994
Pleiades,65178568258674176,11.925609,12.631835,11.008814,0.1954513048518821,False,134.84134308,0.08772572007000001,0.042466207274999994
Pleiades,65179946945247488,15.793812,17.310444,14.586884,0.7974602143775354,False,134.84134308,0.08772572007000001,0.042466207274999994
Pleiades,65181115176348544,15.794596,17.485998,14.537514,0.4349427453695391,False,134.84134308,0.08772572007000001,0.042466207274999994
Pleiades,65181321334778240,18.633621,21.159538,17.245832,0.6001944341937068,False,134.84134308,0.08772572007000001,0.042466207274999994
Pleiades,65181527493208192,16.055323,17.659685,14.835887,0.9412552286310708,True,134.84134308,0.08772572007000001,0.042466207274999994
Pleiades,65184894747573376,15.929374,17.71861,14.660658,0.7774473958883448,False,134.84134308,0.08772572007000001,0.042466207274999994
Pleiades,65184929107310592,7.85987,8.030746,7.545328,0.4699489708640253,False,134.84134308,0.08772572007000001,0.042466207274999994
Pleiades,65188090203295744,8.888269,9.08254,8.5459,0.902593439556466,True,134.84134308,0.08772572007000001,0.042466207274999994
Pleiades,65189739470654464,17.109238,19.158346,15.764849,0.8888864016616889,True,134.84134308,0.08772572007000001,0.042466207274999994
Pleiades,65190048708380160,12.071662,12.781521,11.243565,1.0,True,134.84134308,0.08772572007000001,0.042466207274999994
Pleiades,65190220507070208,12.855757,13.581586,12.029433,0.9455816074948225,True,134.84134308,0.08772572007000001,0.042466207274999994
Pleiades,65190838982357760,18.086927,19.94924,16.607555,0.7836773726133858,False,134.84134308,0.08772572007000001,0.042466207274999994
Pleiades,65194274954079104,19.30919,21.270926,17.821043,0.4305293271452331,False,134.84134308,0.08772572007000001,0.042466207274999994
Pleiades,65194584193758336,11.684071,12.160024,11.048585,1.0,True,134.84134308,0.08772572007000001,0.042466207274999994
Pleiades,65195404530870144,18.384014,20.278824,16.989515,1.0,False,134.84134308,0.08772572007000001,0.042466207274999994
Pleiades,65196370900147968,10.590246,11.024535,9.982679,0.8022648052273652,True,134.84134308,0.08772572007000001,0.042466207274999994
Pleiades,65196405259884544,16.095974,17.717226,14.856418,0.8830142627649357,True,134.84134308,0.08772572007000001,0.042466207274999994
Pleiades,65199222758514048,16.09085,17.692274,14.820974,0.659354689934968,False,134.84134308,0.08772572007000001,0.042466207274999994
Pleiades,65199978672758272,10.045166,10.413593,9.512707,0.8006660745998458,True,134.84134308,0.08772572007000001,0.042466207274999994
Pleiades,65200283613608704,17.161976,19.1588,15.788345,0.8063724376933624,False,134.84134308,0.08772572007000001,0.042466207274999994
Pleiades,65201039527567232,12.133683,12.948728,11.235674,0.9082665358316828,True,134.84134308,0.08772572007000001,0.042466207274999994
Pleiades,65201073889760896,18.689657,20.05489,17.100424,0.6795782465194319,False,134.84134308,0.08772572007000001,0.042466207274999994
Pleiades,65201245688454144,19.739166,21.478441,18.274315,0.3596871687281639,False,134.84134308,0.08772572007000001,0.042466207274999994
Pleiades,65201249983083392,14.375109,15.703154,13.25629,0.929618812645945,True,134.84134308,0.08772572007000001,0.042466207274999994
Pleiades,65202383854448384,17.039532,18.557104,15.764448,0.8350135160656494,True,134.84134308,0.08772572007000001,0.042466207274999994
Pleiades,65202418214188544,14.805443,16.206171,13.606966,0.7897052586869012,False,134.84134308,0.08772572007000001,0.042466207274999994
Pleiades,65202830531043968,14.606908,15.806311,13.519028,0.679449861049019,False,134.84134308,0.08772572007000001,0.042466207274999994
Pleiades,65203723882387200,19.511316,21.292871,18.068214,0.1929801961046837,False,134.84134308,0.08772572007000001,0.042466207274999994
Pleiades,65203758244032512,16.309023,18.169506,15.010233,0.7822005724885038,False,134.84134308,0.08772572007000001,0.042466207274999994
Pleiades,65204342359530112,18.085272,20.24981,16.404898,0.7615842348271449,False,134.84134308,0.08772572007000001,0.042466207274999994
Pleiades,65206674525036672,17.452063,19.732012,16.096153,0.956187252744248,False,134.84134308,0.08772572007000001,0.042466207274999994
Pleiades,65207709611941376,7.286501,7.291563,7.249264,0.937830866137194,True,134.84134308,0.08772572007000001,0.042466207274999994
Pleiades,65207709613871744,9.739319,10.072752,9.239894,0.6290755736787276,False,134.84134308,0.08772572007000001,0.042466207274999994
Pleiades,65208396808627840,13.007188,13.72062,12.173166,0.9368051517575792,True,134.84134308,0.08772572007000001,0.042466207274999994
Pleiades,65209079706818176,18.482868,20.602064,17.084446,0.5832078173257824,False,134.84134308,0.08772572007000001,0.042466207274999994
Pleiades,65210389673469312,16.523058,18.352386,15.202623,0.536529566828826,False,134.84134308,0.08772572007000001,0.042466207274999994
Pleiades,65211038213901952,19.281624,20.712492,17.791553,0.877156614644559,False,134.84134308,0.08772572007000001,0.042466207274999994
Pleiades,65211145587780992,13.736212,14.64295,12.789618,0.9236512199164744,True,134.84134308,0.08772572007000001,0.042466207274999994
Pleiades,65211557904569856,15.067968,16.34015,13.95385,0.948887603165544,True,134.84134308,0.08772572007000001,0.042466207274999994
Pleiades,65212107660378880,8.332108,8.471214,8.059982,0.7899449087963603,False,134.84134308,0.08772572007000001,0.042466207274999994
Pleiades,65212206443054464,18.32441,19.941536,16.912607,0.7888645384771471,False,134.84134308,0.08772572007000001,0.042466207274999994
Pleiades,65212691775922048,13.56767,14.262362,12.399113,0.5027508575801382,False,134.84134308,0.08772572007000001,0.042466207274999994
Pleiades,65212760495396736,15.390224,16.735388,14.23825,0.8586120169356886,True,134.84134308,0.08772572007000001,0.042466207274999994
Pleiades,65212932294091264,15.380993,16.784214,14.205992,0.9055906590682592,True,134.84134308,0.08772572007000001,0.042466207274999994
Pleiades,65213172812266240,16.13903,17.94389,14.856176,0.8415175350766354,True,134.84134308,0.08772572007000001,0.042466207274999994
Pleiades,65213172812266752,17.144829,19.003336,15.839386,0.5780064036555652,False,134.84134308,0.08772572007000001,0.042466207274999994
Pleiades,65214409762926720,13.566717,14.430969,12.650938,0.9368051517575792,True,134.84134308,0.08772572007000001,0.042466207274999994
Pleiades,65214856439472640,13.134053,13.93304,12.255639,0.948887603165544,True,134.84134308,0.08772572007000001,0.042466207274999994
Pleiades,65215058301202816,18.035473,19.721964,16.660027,0.90426815834675,False,134.84134308,0.08772572007000001,0.042466207274999994
Pleiades,65215887229784320,19.715424,21.33726,18.193775,0.8863423922767514,False,134.84134308,0.08772572007000001,0.042466207274999994
Pleiades,65216363971331072,17.420778,19.251213,16.08192,0.7982526882520623,False,134.84134308,0.08772572007000001,0.042466207274999994
Pleiades,65216643145862144,15.73245,17.236677,14.520493,0.6263285578660635,False,134.84134308,0.08772572007000001,0.042466207274999994
Pleiades,65217222966811264,18.18747,19.809248,16.821396,0.642992480097668,False,134.84134308,0.08772572007000001,0.042466207274999994
Pleiades,65217326044027392,18.299746,19.507273,16.907484,0.4874659789721136,False,134.84134308,0.08772572007000001,0.042466207274999994
Pleiades,65217605216685568,18.179188,19.917322,16.76173,0.6363295560774141,False,134.84134308,0.08772572007000001,0.042466207274999994
Pleiades,65220143544571520,19.49101,20.91216,18.02848,0.6561925129760879,False,134.84134308,0.08772572007000001,0.042466207274999994
Pleiades,65221487868870784,7.833629,7.920607,7.654846,1.0,True,134.84134308,0.08772572007000001,0.042466207274999994
Pleiades,65221586651685248,18.12122,19.827961,16.742,0.7136731081914224,False,134.84134308,0.08772572007000001,0.042466207274999994
Pleiades,65222209423382912,8.016329,8.119099,7.80699,0.2328276346218699,False,134.84134308,0.08772572007000001,0.042466207274999994
Pleiades,65222484301820800,18.887249,20.729467,17.46466,0.7934744636567456,False,134.84134308,0.08772572007000001,0.042466207274999994
Pleiades,65222518661019520,13.691072,14.590597,12.760758,0.7489020793617567,False,134.84134308,0.08772572007000001,0.042466207274999994
Pleiades,65222759179728640,9.984646,10.313002,9.486859,0.7296070969111416,False,134.84134308,0.08772572007000001,0.042466207274999994
Pleiades,65223515093523328,16.894072,18.676842,15.604281,0.9634759886756348,True,134.84134308,0.08772572007000001,0.042466207274999994
Pleiades,65223583812996864,17.106117,18.959896,15.698542,0.897403510863781,True,134.84134308,0.08772572007000001,0.042466207274999994
Pleiades,65223618172733952,11.957084,12.480111,11.278872,0.8227675142599989,True,134.84134308,0.08772572007000001,0.042466207274999994
Pleiades,65224442806459008,13.603668,14.4831,12.671939,0.5193430984705948,False,134.84134308,0.08772572007000001,0.042466207274999994
Pleiades,65224889481112832,19.425034,21.312378,17.792358,0.9164977092220752,False,134.84134308,0.08772572007000001,0.042466207274999994
Pleiades,65225469302220800,17.469643,19.398048,16.14061,0.8045715985849989,True,134.84134308,0.08772572007000001,0.042466207274999994
Pleiades,65225611037551360,9.199545,9.431398,8.808819,0.7632389509517788,False,134.84134308,0.08772572007000001,0.042466207274999994
Pleiades,65226092073881856,17.303078,18.825335,15.999248,0.7425296101249307,False,134.84134308,0.08772572007000001,0.042466207274999994
Pleiades,65226401312036864,13.540735,14.369822,12.522509,0.7615842348271449,False,134.84134308,0.08772572007000001,0.042466207274999994
Pleiades,65228772133391488,17.9169,19.907795,16.578157,0.7276769965535436,False,134.84134308,0.08772572007000001,0.042466207274999994
Pleiades,65229008357099136,20.095755,21.509907,18.574871,0.2768464746923289,False,134.84134308,0.08772572007000001,0.042466207274999994
Pleiades,65229184450247296,17.291239,19.20061,15.989532,0.7380876117492204,False,134.84134308,0.08772572007000001,0.042466207274999994
Pleiades,65229734206151680,14.781489,16.170414,13.620048,0.2191226338637871,False,134.84134308,0.08772572007000001,0.042466207274999994
Pleiades,65230764996027776,8.228746,8.105177,7.661086,0.8531872971815683,True,134.84134308,0.08772572007000001,0.042466207274999994
Pleiades,65230764998207232,9.408872,8.081759,7.678432,0.2301139727320511,False,134.84134308,0.08772572007000001,0.042466207274999994
Pleiades,65231486552803328,7.352819,7.391202,7.256838,0.9683043011133962,True,134.84134308,0.08772572007000001,0.042466207274999994
Pleiades,65232066371441792,17.853973,19.832811,16.521322,0.8382576567911586,True,134.84134308,0.08772572007000001,0.042466207274999994
Pleiades,65232105028172160,10.641136,11.002267,10.113153,0.9927723467967912,True,134.84134308,0.08772572007000001,0.042466207274999994
Pleiades,65232757863112192,16.385273,18.250391,15.084168,0.958697064700138,True,134.84134308,0.08772572007000001,0.042466207274999994
Pleiades,65233788655261568,11.201932,11.649506,10.5917,0.3260590267409829,False,134.84134308,0.08772572007000001,0.042466207274999994
Pleiades,65237911823760640,16.364956,18.06714,15.102766,0.9686450525846017,True,134.84134308,0.08772572007000001,0.042466207274999994
Pleiades,65239522434899840,19.276834,21.22079,17.836294,0.8721782852612178,False,134.84134308,0.08772572007000001,0.042466207274999994
Pleiades,65240690665952768,18.203392,20.351564,16.798393,0.2862886125514502,False,134.84134308,0.08772572007000001,0.042466207274999994
Pleiades,65241313435901568,14.32924,15.033832,12.844796,1.0,True,134.84134308,0.08772572007000001,0.042466207274999994
Pleiades,65241313437941504,14.416532,15.336383,12.858709,0.8474332520747315,False,134.84134308,0.08772572007000001,0.042466207274999994
Pleiades,65241863193865856,16.52288,18.249743,15.257679,0.8813427770520909,True,134.84134308,0.08772572007000001,0.042466207274999994
Pleiades,65242069352190976,9.539745,9.822223,9.087022,1.0,True,134.84134308,0.08772572007000001,0.042466207274999994
Pleiades,65242271214003456,18.296852,20.426233,16.692944,0.3215453788307058,False,134.84134308,0.08772572007000001,0.042466207274999994
Pleiades,65244435877629824,17.847445,19.796124,16.505604,0.8954798492826261,False,134.84134308,0.08772572007000001,0.042466207274999994
Pleiades,65244646332548352,16.130625,17.692402,14.900802,0.6050792111746154,False,134.84134308,0.08772572007000001,0.042466207274999994
Pleiades,65244749411766528,13.679698,14.571675,12.749762,0.8124892981283514,True,134.84134308,0.08772572007000001,0.042466207274999994
Pleiades,65245539685760640,16.285315,17.977835,15.022346,0.8941911991645056,True,134.84134308,0.08772572007000001,0.042466207274999994
Pleiades,65247704349267584,11.167223,11.591781,10.58207,0.8599231505278341,True,134.84134308,0.08772572007000001,0.042466207274999994
Pleiades,65248151025861120,13.168843,13.995894,12.250082,0.5928578574324104,False,134.84134308,0.08772572007000001,0.042466207274999994
Pleiades,65248460263511552,11.859773,12.415699,11.137634,0.9933077136724237,True,134.84134308,0.08772572007000001,0.042466207274999994
Pleiades,65249250535404928,10.878019,11.249774,9.96843,0.6565337989457664,False,134.84134308,0.08772572007000001,0.042466207274999994
Pleiades,65249250537488128,11.056349,11.359674,10.068474,0.3816602130974474,False,134.84134308,0.08772572007000001,0.042466207274999994
Pleiades,65254576296865152,17.378773,19.218224,16.06999,0.9677382382310284,True,134.84134308,0.08772572007000001,0.042466207274999994
Pleiades,65254851174771584,14.815301,16.166859,13.669749,0.455677341099247,False,134.84134308,0.08772572007000001,0.042466207274999994
Pleiades,65254885534508672,16.582888,18.250332,15.340737,0.7153661024771053,False,134.84134308,0.08772572007000001,0.042466207274999994
Pleiades,65257187636977536,17.168375,19.123604,15.868272,0.8014746479207111,True,134.84134308,0.08772572007000001,0.042466207274999994
Pleiades,65263097511969792,17.451342,19.483572,16.108372,0.8875704834989029,True,134.84134308,0.08772572007000001,0.042466207274999994
Pleiades,65263612908043392,17.377176,19.323338,16.066093,0.6996595365797966,False,134.84134308,0.08772572007000001,0.042466207274999994
Pleiades,65264506261240448,17.445004,19.276646,16.153786,0.6878626654562758,False,134.84134308,0.08772572007000001,0.042466207274999994
Pleiades,65264673762670080,17.92541,19.886974,16.590786,0.4814229041698603,False,134.84134308,0.08772572007000001,0.042466207274999994
Pleiades,65265674492422784,17.757893,19.69635,16.42879,0.8906958890489701,False,134.84134308,0.08772572007000001,0.042466207274999994
Pleiades,65266494828710400,14.178851,15.150766,13.054563,0.8382576567911586,True,134.84134308,0.08772572007000001,0.042466207274999994
Pleiades,65267078945207296,15.717465,17.21952,14.508502,0.7655535066587642,False,134.84134308,0.08772572007000001,0.042466207274999994
Pleiades,65267388182879104,17.134035,18.838417,15.860837,0.6019948897359423,False,134.84134308,0.08772572007000001,0.042466207274999994
Pleiades,65268075377736832,18.248959,19.77378,16.85254,0.4814229041698603,False,134.84134308,0.08772572007000001,0.042466207274999994
Pleiades,65269935099961600,17.16973,18.952118,15.872448,0.9686450525846017,True,134.84134308,0.08772572007000001,0.042466207274999994
Pleiades,65270450496044416,15.178773,16.506485,14.032974,0.8423287147556348,True,134.84134308,0.08772572007000001,0.042466207274999994
Pleiades,65271996684817280,3.698209,3.645838,3.7338,0.3375243636296644,False,134.84134308,0.08772572007000001,0.042466207274999994
Pleiades,65272817023559040,14.205589,14.27768,12.883926,0.3614593930632991,False,134.84134308,0.08772572007000001,0.042466207274999994
Pleiades,65273027476967680,12.943953,13.674229,12.004851,0.390548663776823,False,134.84134308,0.08772572007000001,0.042466207274999994
Pleiades,65275020341243520,16.460293,18.216768,15.19673,0.9194430846257412,True,134.84134308,0.08772572007000001,0.042466207274999994
Pleiades,65275089060719104,11.193486,11.617371,10.609508,0.7359009735269387,False,134.84134308,0.08772572007000001,0.042466207274999994
Pleiades,65275501377570944,8.547794,8.713078,8.243614,0.3330378385138921,False,134.84134308,0.08772572007000001,0.042466207274999994
Pleiades,65276703968959488,10.392956,10.766737,9.845572,0.8596966772762356,True,134.84134308,0.08772572007000001,0.042466207274999994
Pleiades,65276772687884544,15.964371,17.67296,14.612076,0.3146857804665038,False,134.84134308,0.08772572007000001,0.042466207274999994
Pleiades,65277975278721408,16.796629,18.134432,15.497537,0.7005625873116289,False,134.84134308,0.08772572007000001,0.042466207274999994
Pleiades,65279418387728896,16.810167,18.49749,15.505249,0.7188659283709868,False,134.84134308,0.08772572007000001,0.042466207274999994
Pleiades,65280036863012864,17.37458,19.284576,15.969918,0.7755477575674846,False,134.84134308,0.08772572007000001,0.042466207274999994
Pleiades,65280071222749824,16.561602,18.256601,15.307397,0.4484104922117708,False,134.84134308,0.08772572007000001,0.042466207274999994
Pleiades,65280552259109760,17.197369,19.03498,15.912276,0.4389319515017456,False,134.84134308,0.08772572007000001,0.042466207274999994
Pleiades,65281166437426176,12.989489,13.737245,12.144871,0.8336235346701653,True,134.84134308,0.08772572007000001,0.042466207274999994
Pleiades,65281239453865856,14.607255,15.810062,13.522047,0.7153661024771053,False,134.84134308,0.08772572007000001,0.042466207274999994
Pleiades,65282098447322752,16.211872,17.810318,14.96774,0.5827249868263874,False,134.84134308,0.08772572007000001,0.042466207274999994
Pleiades,65282716920396160,15.446207,15.308132,13.828513,0.915644905301262,False,134.84134308,0.08772572007000001,0.042466207274999994
Pleiades,65283094877491200,17.727373,19.039753,16.373842,0.9683043011133962,False,134.84134308,0.08772572007000001,0.042466207274999994
Pleiades,65283232316451328,3.863349,3.836872,3.85064,0.748793602143097,False,134.84134308,0.08772572007000001,0.042466207274999994
Pleiades,65284228751087872,15.503866,16.962757,14.318729,0.5809238728338277,False,134.84134308,0.08772572007000001,0.042466207274999994
Pleiades,65284327535890176,18.861193,20.448689,17.450748,0.323122546133987,False,134.84134308,0.08772572007000001,0.042466207274999994
Pleiades,65284469269256704,11.090695,11.508349,10.504712,0.9095144633335828,True,134.84134308,0.08772572007000001,0.042466207274999994
Pleiades,65285633203088768,16.799587,18.621845,15.480961,0.4595082120683389,False,134.84134308,0.08772572007000001,0.042466207274999994
Pleiades,65287458566524928,5.441325,5.419782,5.441004,0.9887923216363697,True,134.84134308,0.08772572007000001,0.042466207274999994
Pleiades,65289004754691200,16.33304,18.051172,15.071658,0.8228160959367294,True,134.84134308,0.08772572007000001,0.042466207274999994
Pleiades,65289279632597760,11.1088,11.523164,10.524111,0.8455840307369493,True,134.84134308,0.08772572007000001,0.042466207274999994
Pleiades,65289279632598016,16.479933,18.315138,15.197699,0.7568415437899045,False,134.84134308,0.08772572007000001,0.042466207274999994
Pleiades,65289588870240384,15.17523,16.548038,14.01894,0.5446251602233628,False,134.84134308,0.08772572007000001,0.042466207274999994
Pleiades,65289623229979136,11.209136,11.650412,10.597657,0.948887603165544,True,134.84134308,0.08772572007000001,0.042466207274999994
Pleiades,65290718444385536,18.899288,21.103075,17.503136,0.3146857804665038,False,134.84134308,0.08772572007000001,0.042466207274999994
Pleiades,65292234570088064,8.121808,8.253396,7.86998,0.5211003347534945,False,134.84134308,0.08772572007000001,0.042466207274999994
Pleiades,65292268929825408,15.011795,16.287046,13.89221,0.7492951577719165,False,134.84134308,0.08772572007000001,0.042466207274999994
Pleiades,65293368441513344,15.395012,16.845022,14.221549,0.8728608037748586,True,134.84134308,0.08772572007000001,0.042466207274999994
Pleiades,65294429297360000,18.84571,20.246685,17.406633,0.4522641989172903,False,134.84134308,0.08772572007000001,0.042466207274999994
Pleiades,65294807253267328,18.121277,19.91787,16.756044,0.9721318952694996,False,134.84134308,0.08772572007000001,0.042466207274999994
Pleiades,65295430026352512,10.27496,10.606586,9.774689,1.0,True,134.84134308,0.08772572007000001,0.042466207274999994
Pleiades,65296357738731008,8.54996,8.726979,8.228857,0.7807588672585998,False,134.84134308,0.08772572007000001,0.042466207274999994
Pleiades,65297251091930624,16.519524,18.264065,15.223836,0.8530073110460199,True,134.84134308,0.08772572007000001,0.042466207274999994
Pleiades,65297594689312768,15.664892,17.160046,14.456167,0.6440826120345456,False,134.84134308,0.08772572007000001,0.042466207274999994
Pleiades,65298208867376384,17.7707,19.76046,16.4412,0.7876679330933722,False,134.84134308,0.08772572007000001,0.042466207274999994
Pleiades,65298483745290368,16.687817,18.342989,15.419619,0.6444625861700989,False,134.84134308,0.08772572007000001,0.042466207274999994
Pleiades,65299381395665664,16.308125,18.199066,14.98798,0.3520558143393942,False,134.84134308,0.08772572007000001,0.042466207274999994
Pleiades,65299965511216384,15.661935,17.200996,14.453829,1.0,True,134.84134308,0.08772572007000001,0.042466207274999994
Pleiades,65304604076598784,17.650377,19.738798,16.307512,0.4940582405379842,False,134.84134308,0.08772572007000001,0.042466207274999994
Pleiades,65308418007467648,8.97878,9.19639,8.60474,0.4134684596554847,False,134.84134308,0.08772572007000001,0.042466207274999994
Pleiades,65309100904545280,11.319914,11.763476,10.694428,0.3144194158709754,False,134.84134308,0.08772572007000001,0.042466207274999994
Pleiades,65330099002345216,12.854562,13.591151,12.013043,0.4549721184938987,False,134.84134308,0.08772572007000001,0.042466207274999994
Pleiades,65338688937033344,16.776613,18.654413,15.304965,0.2589577384259148,False,134.84134308,0.08772572007000001,0.042466207274999994
Pleiades,65349684053273600,17.253536,19.246073,15.942219,0.6061532390084938,False,134.84134308,0.08772572007000001,0.042466207274999994
Pleiades,65390056745622144,13.806207,14.861064,12.761006,0.2954930651915949,False,134.84134308,0.08772572007000001,0.042466207274999994
Pleiades,65392801227714048,18.889145,20.821081,17.453619,0.6357364270266324,False,134.84134308,0.08772572007000001,0.042466207274999994
Pleiades,65393698877913728,17.043106,18.948141,15.750369,0.5593502459473668,False,134.84134308,0.08772572007000001,0.042466207274999994
Pleiades,65419434321982464,15.45358,16.929869,14.259051,0.6731138595312589,False,134.84134308,0.08772572007000001,0.042466207274999994
Pleiades,65430150263676800,17.263535,19.390522,15.912833,0.2815604335561316,False,134.84134308,0.08772572007000001,0.042466207274999994
Pleiades,65431185353051776,17.581938,19.602215,16.25463,0.6072235262294619,False,134.84134308,0.08772572007000001,0.042466207274999994
Pleiades,65434518247043072,15.266522,16.607735,14.125302,0.5685993411816371,False,134.84134308,0.08772572007000001,0.042466207274999994
Pleiades,65435102362687616,14.358019,15.443427,13.325564,0.5877305919087447,False,134.84134308,0.08772572007000001,0.042466207274999994
Pleiades,65437644983223936,15.836971,17.068968,14.543722,0.468844538872113,False,134.84134308,0.08772572007000001,0.042466207274999994
Pleiades,65437644983224320,8.301424,8.425534,8.056978,0.7030664952059119,False,134.84134308,0.08772572007000001,0.042466207274999994
Pleiades,65437713703084544,20.605509,21.061995,19.082361,0.2815979094711477,False,134.84134308,0.08772572007000001,0.042466207274999994
Pleiades,65467778474649856,17.431618,19.526354,16.095354,0.5987602132167491,False,134.84134308,0.08772572007000001,0.042466207274999994
Pleiades,65471729844532864,12.829326,13.534286,12.004468,0.4224968581056826,False,134.84134308,0.08772572007000001,0.042466207274999994
Pleiades,65482140845207680,7.781851,7.866844,7.58506,0.2122817188730453,False,134.84134308,0.08772572007000001,0.042466207274999994
Pleiades,65482175204949248,9.51185,9.741448,9.122601,0.2122817188730453,False,134.84134308,0.08772572007000001,0.042466207274999994
Pleiades,65486951208575488,15.875267,17.44845,14.660801,0.5213627600802164,False,134.84134308,0.08772572007000001,0.042466207274999994
Pleiades,65496949892472832,16.694832,18.408049,15.446553,0.2122817188730453,False,134.84134308,0.08772572007000001,0.042466207274999994
Pleiades,65505879126566400,19.763779,21.471367,18.30474,0.3245180792381525,False,134.84134308,0.08772572007000001,0.042466207274999994
Pleiades,65506467539939584,16.037605,17.859928,14.751467,0.6115745679149913,False,134.84134308,0.08772572007000001,0.042466207274999994
Pleiades,65507807569730304,16.982033,19.00937,15.656887,0.4387044324260373,False,134.84134308,0.08772572007000001,0.042466207274999994
Pleiades,65531515789166976,17.700287,19.765,16.365238,0.391359376207627,False,134.84134308,0.08772572007000001,0.042466207274999994
Pleiades,65544538129847936,17.184761,18.993847,15.886567,0.5966254058693606,False,134.84134308,0.08772572007000001,0.042466207274999994
Pleiades,65552681387907200,16.760855,18.542149,15.477258,0.5719868741614199,False,134.84134308,0.08772572007000001,0.042466207274999994
Pleiades,65553471661907328,14.985798,16.492205,13.786908,0.5927404599759125,False,134.84134308,0.08772572007000001,0.042466207274999994
Pleiades,65561099523771264,18.422298,20.46339,17.015406,0.4973693476250822,False,134.84134308,0.08772572007000001,0.042466207274999994
Pleiades,65561473183104640,17.376736,19.306112,16.073645,0.5303969885420404,False,134.84134308,0.08772572007000001,0.042466207274999994
Pleiades,65561507542846208,18.96073,20.896965,17.602152,0.2122817188730453,False,134.84134308,0.08772572007000001,0.042466207274999994
Pleiades,65576011650237440,14.56671,15.778492,13.470258,0.571730917497618,False,134.84134308,0.08772572007000001,0.042466207274999994
Pleiades,65588484235454592,13.100869,13.850247,12.250756,0.6713997595432991,False,134.84134308,0.08772572007000001,0.042466207274999994
Pleiades,65589137070475264,15.532084,17.030619,14.332068,0.5520361323923932,False,134.84134308,0.08772572007000001,0.042466207274999994
Pleiades,65603946117575936,16.564484,18.348476,15.292192,0.6840965502035784,False,134.84134308,0.08772572007000001,0.042466207274999994
Pleiades,65605354866829184,15.395707,16.808872,14.223,0.5877614588010213,False,134.84134308,0.08772572007000001,0.042466207274999994
Pleiades,65626623544976768,16.585747,18.35791,15.306788,0.5896375306073767,False,134.84134308,0.08772572007000001,0.042466207274999994
Pleiades,65635522717170944,15.975678,17.525719,14.756134,0.5675068466616725,False,134.84134308,0.08772572007000001,0.042466207274999994
Pleiades,65641634452663296,18.158997,20.425034,16.81365,0.5594972162723725,False,134.84134308,0.08772572007000001,0.042466207274999994
Pleiades,65641913628380288,13.549343,14.446805,12.603915,0.477671356040468,False,134.84134308,0.08772572007000001,0.042466207274999994
Pleiades,65643184938861312,15.459801,16.896822,14.279595,0.6597285093468235,False,134.84134308,0.08772572007000001,0.042466207274999994
Pleiades,65644451951851776,19.683691,21.422241,17.99981,0.2299918196232554,False,134.84134308,0.08772572007000001,0.042466207274999994
Pleiades,65662765692400384,19.899265,21.320412,18.379679,0.2766507017794563,False,134.84134308,0.08772572007000001,0.042466207274999994
Pleiades,65666102884206848,17.307737,19.188805,16.02317,0.3872183329870269,False,134.84134308,0.08772572007000001,0.042466207274999994
Pleiades,65671634801986048,16.071117,17.700754,14.832083,0.6682817769114437,False,134.84134308,0.08772572007000001,0.042466207274999994
Pleiades,65673593307063552,14.110739,15.143591,13.089289,0.6993267535993409,False,134.84134308,0.08772572007000001,0.042466207274999994
Pleiades,65674383581036800,15.41097,16.859787,14.228603,0.7965231318279677,False,134.84134308,0.08772572007000001,0.042466207274999994
Pleiades,65675895409522048,17.106327,18.973682,15.818094,0.3772017831511454,False,134.84134308,0.08772572007000001,0.042466207274999994
Pleiades,65677098000371712,16.782677,18.485563,15.52881,0.3724051733331898,False,134.84134308,0.08772572007000001,0.042466207274999994
Pleiades,65677372878285312,12.194483,12.753522,11.491251,0.7330178857447651,False,134.84134308,0.08772572007000001,0.042466207274999994
Pleiades,65677506019076224,18.279741,20.309072,16.929232,0.6559124699654925,False,134.84134308,0.08772572007000001,0.042466207274999994
Pleiades,65680499614460800,12.713165,13.387769,11.922517,0.5567352356443557,False,134.84134308,0.08772572007000001,0.042466207274999994
Pleiades,65685065162835840,20.399689,21.114313,18.853165,0.3735179381524676,False,134.84134308,0.08772572007000001,0.042466207274999994
Pleiades,65688539793220480,17.595358,19.512072,16.273886,0.5628367366345162,False,134.84134308,0.08772572007000001,0.042466207274999994
Pleiades,65690498298435840,14.073176,15.29284,12.967694,0.5344259552934371,False,134.84134308,0.08772572007000001,0.042466207274999994
Pleiades,65697267166874240,18.340422,20.523376,16.957226,0.4859423593526214,False,134.84134308,0.08772572007000001,0.042466207274999994
Pleiades,65699569269925888,17.171106,19.03689,15.835271,0.8051334661180694,True,134.84134308,0.08772572007000001,0.042466207274999994
Pleiades,65701527774387840,16.473394,18.18702,15.216422,0.7389344878936636,False,134.84134308,0.08772572007000001,0.042466207274999994
Pleiades,65702867804200448,17.165022,18.959425,15.896071,0.2284521054368343,False,134.84134308,0.08772572007000001,0.042466207274999994
Pleiades,65707673870040832,18.137424,20.269684,16.767166,0.4646281019801309,False,134.84134308,0.08772572007000001,0.042466207274999994
Pleiades,65712488530853120,13.523306,14.414308,12.58623,0.5255813376438375,False,134.84134308,0.08772572007000001,0.042466207274999994
Pleiades,65717814290369920,16.219612,17.903921,14.962777,0.6471218777188271,False,134.84134308,0.08772572007000001,0.042466207274999994
Pleiades,65719463557799424,18.019203,20.191437,16.599543,0.4454865233077105,False,134.84134308,0.08772572007000001,0.042466207274999994
Pleiades,65720734868130816,16.478794,18.200987,15.218929,0.6227028249278999,False,134.84134308,0.08772572007000001,0.042466207274999994
Pleiades,65732447241199744,12.259071,12.838505,11.536366,0.7017787985654921,False,134.84134308,0.08772572007000001,0.042466207274999994
Pleiades,65750627840192256,13.494305,14.329623,12.594611,0.6664550530469651,False,134.84134308,0.08772572007000001,0.042466207274999994
Pleiades,65768151306811904,14.006242,14.995607,13.01508,0.5944754810305388,False,134.84134308,0.08772572007000001,0.042466207274999994
Pleiades,65772789871345024,17.190685,19.097763,15.879832,0.5574945164979931,False,134.84134308,0.08772572007000001,0.042466207274999994
Pleiades,65775195052996608,16.437164,18.175772,15.169004,0.5343494996892068,False,134.84134308,0.08772572007000001,0.042466207274999994
Pleiades,65776736943479808,7.197622,7.197748,7.163851,0.4431899846886914,False,134.84134308,0.08772572007000001,0.042466207274999994
Pleiades,65779971056668032,16.605007,18.351845,15.339501,0.5207470723519951,False,134.84134308,0.08772572007000001,0.042466207274999994
Pleiades,65781345446197504,12.35714,12.962699,11.609704,0.6264970322563799,False,134.84134308,0.08772572007000001,0.042466207274999994
Pleiades,65783029073414144,14.732029,15.968925,13.63122,0.7249878546221287,False,134.84134308,0.08772572007000001,0.042466207274999994
Pleiades,65787289680918528,11.822466,12.310161,11.174502,0.5973439494682043,False,134.84134308,0.08772572007000001,0.042466207274999994
Pleiades,65800930496992512,12.519773,13.333003,11.633076,0.6663011891788319,False,134.84134308,0.08772572007000001,0.042466207274999994
Pleiades,65801205374896128,18.089643,20.067326,16.740437,0.5733687732227167,False,134.84134308,0.08772572007000001,0.042466207274999994
Pleiades,65807218329068544,17.257784,19.148548,15.968283,0.5796502531393106,False,134.84134308,0.08772572007000001,0.042466207274999994
Pleiades,65814979333012352,18.008188,20.096142,16.651821,0.6752918403535801,False,134.84134308,0.08772572007000001,0.042466207274999994
Pleiades,65819965792011904,9.597126,9.863168,9.166551,0.6964668122196009,False,134.84134308,0.08772572007000001,0.042466207274999994
Pleiades,65823676643738368,15.64664,17.161125,14.443658,0.6683472225707103,False,134.84134308,0.08772572007000001,0.042466207274999994
Pleiades,65830548591559936,16.53809,18.229343,15.288203,0.4561820056206157,False,134.84134308,0.08772572007000001,0.042466207274999994
Pleiades,65844361206181376,14.184004,15.221865,13.170077,0.5899338074747614,False,134.84134308,0.08772572007000001,0.042466207274999994
Pleiades,65864427293364864,12.307622,12.902467,11.57429,0.6663011891788319,False,134.84134308,0.08772572007000001,0.042466207274999994
Pleiades,65864427293364992,15.775829,16.957745,14.445992,0.5950111140928869,False,134.84134308,0.08772572007000001,0.042466207274999994
Pleiades,65871501101936896,18.780855,21.135202,17.2662,0.3101435422251452,False,134.84134308,0.08772572007000001,0.042466207274999994
Pleiades,65924762994490496,17.017515,18.808746,15.737793,0.2122817188730453,False,134.84134308,0.08772572007000001,0.042466207274999994
Pleiades,65937712317870592,18.60938,21.168388,17.116999,0.4709787776895894,False,134.84134308,0.08772572007000001,0.042466207274999994
Pleiades,65945997312877952,15.830249,17.609398,14.563474,0.5808489417416302,False,134.84134308,0.08772572007000001,0.042466207274999994
Pleiades,65963348980559616,17.04558,18.836628,15.762746,0.483076421516862,False,134.84134308,0.08772572007000001,0.042466207274999994
Pleiades,66009047433698048,17.171795,19.142275,15.865156,0.3859185525326183,False,134.84134308,0.08772572007000001,0.042466207274999994
Pleiades,66016499197830272,17.977488,20.05984,16.602026,0.2122817188730453,False,134.84134308,0.08772572007000001,0.042466207274999994
Pleiades,66111886127026944,16.517345,18.087063,14.77247,0.3709997765986676,False,134.84134308,0.08772572007000001,0.042466207274999994
Pleiades,66161020555461120,16.859692,18.63897,15.584092,0.3627615738998876,False,134.84134308,0.08772572007000001,0.042466207274999994
Pleiades,66167205308371328,16.356625,17.987978,15.00555,0.4435439281146469,False,134.84134308,0.08772572007000001,0.042466207274999994
Pleiades,66223585341377152,18.778666,20.88542,17.337074,0.3265678102243984,False,134.84134308,0.08772572007000001,0.042466207274999994
Pleiades,66253757489229568,16.282982,17.734455,15.110148,0.2122817188730453,False,134.84134308,0.08772572007000001,0.042466207274999994
Pleiades,66280248847432192,15.346905,16.87844,14.146956,0.4980769942627489,False,134.84134308,0.08772572007000001,0.042466207274999994
Pleiades,66289044940711168,16.339365,18.070919,15.05034,0.228184426778851,False,134.84134308,0.08772572007000001,0.042466207274999994
Pleiades,66339381957477504,14.900044,16.167212,13.795332,0.187875612164558,False,134.84134308,0.08772572007000001,0.042466207274999994
Pleiades,66359138806835840,15.47584,16.891525,14.25634,0.2213856945152414,False,134.84134308,0.08772572007000001,0.042466207274999994
Pleiades,66364047951798656,18.705404,20.854,17.279882,0.2530370911470314,False,134.84134308,0.08772572007000001,0.042466207274999994
Pleiades,66429232674604544,16.541801,18.27351,15.270677,0.7887215402029557,False,134.84134308,0.08772572007000001,0.042466207274999994
Pleiades,66431775295228288,17.713388,19.749584,16.402296,0.6390114054651316,False,134.84134308,0.08772572007000001,0.042466207274999994
Pleiades,66441323003146112,17.535738,19.467857,16.22108,0.7644858205274259,False,134.84134308,0.08772572007000001,0.042466207274999994
Pleiades,66445038154189952,17.512774,19.388319,16.20945,0.877247723662236,True,134.84134308,0.08772572007000001,0.042466207274999994
Pleiades,66451429065390080,16.797077,18.630234,15.453439,0.8885692231867142,True,134.84134308,0.08772572007000001,0.042466207274999994
Pleiades,66451497784867712,15.786174,17.350674,14.57029,0.8372254111959352,True,134.84134308,0.08772572007000001,0.042466207274999994
Pleiades,66452047540860160,16.796696,18.619001,15.503763,0.8989261645020699,True,134.84134308,0.08772572007000001,0.042466207274999994
Pleiades,66452734735432192,15.160209,16.501139,14.013567,0.6739141568650209,False,134.84134308,0.08772572007000001,0.042466207274999994
Pleiades,66452769091505024,11.35299,11.778655,10.758796,0.8513068049461846,True,134.84134308,0.08772572007000001,0.042466207274999994
Pleiades,66453181412027392,17.699118,19.753994,16.344934,0.7898097845133109,False,134.84134308,0.08772572007000001,0.042466207274999994
Pleiades,66453490649681280,6.159169,6.129117,6.178773,0.6281550732051728,False,134.84134308,0.08772572007000001,0.042466207274999994
Pleiades,66460225158376192,17.770643,19.853231,16.446558,0.9395897158632006,False,134.84134308,0.08772572007000001,0.042466207274999994
Pleiades,66462939577861248,10.161764,10.46863,9.688195,0.8314598215200903,True,134.84134308,0.08772572007000001,0.042466207274999994
Pleiades,66468918172339328,17.061905,18.879023,15.782236,0.7313669014792543,False,134.84134308,0.08772572007000001,0.042466207274999994
Pleiades,66469742806047744,17.095089,19.079287,15.758581,0.7864908522204653,False,134.84134308,0.08772572007000001,0.042466207274999994
Pleiades,66470567439742208,17.230505,19.122137,15.938574,0.7315398156370082,False,134.84134308,0.08772572007000001,0.042466207274999994
Pleiades,66471220274934272,9.926686,10.219089,9.466751,0.6340228433916317,False,134.84134308,0.08772572007000001,0.042466207274999994
Pleiades,66473178779856768,16.476507,18.147923,15.221072,0.7359857974655074,False,134.84134308,0.08772572007000001,0.042466207274999994
Pleiades,66473728535654784,17.981903,20.05863,16.645803,0.6034507805552635,False,134.84134308,0.08772572007000001,0.042466207274999994
Pleiades,66480944080770176,12.090216,12.629843,11.399089,0.7084075809624291,False,134.84134308,0.08772572007000001,0.042466207274999994
Pleiades,66481734354737792,13.465058,14.303122,12.563636,0.7238490392306112,False,134.84134308,0.08772572007000001,0.042466207274999994
Pleiades,66481837433947392,13.02816,13.758848,12.188227,0.8570047612460427,True,134.84134308,0.08772572007000001,0.042466207274999994
Pleiades,66482868226100096,14.081378,15.105553,13.072544,0.8364238084562831,True,134.84134308,0.08772572007000001,0.042466207274999994
Pleiades,66483761579269888,16.594847,18.303976,15.329693,0.8528486903635843,True,134.84134308,0.08772572007000001,0.042466207274999994
Pleiades,66483795939004416,16.654318,18.378128,15.400385,0.676686494618224,False,134.84134308,0.08772572007000001,0.042466207274999994
Pleiades,66485582645439104,16.709013,18.453854,15.451104,0.6780855847676767,False,134.84134308,0.08772572007000001,0.042466207274999994
Pleiades,66486510358371072,6.930358,6.965038,6.828312,0.3340819552396536,False,134.84134308,0.08772572007000001,0.042466207274999994
Pleiades,66486613437582464,16.524082,18.417606,15.214885,0.1857968248148483,False,134.84134308,0.08772572007000001,0.042466207274999994
Pleiades,66489259137570816,12.779283,13.456099,11.986392,0.8297111506126573,True,134.84134308,0.08772572007000001,0.042466207274999994
Pleiades,66490977124308352,15.649214,17.319496,14.336164,0.4008364290721556,False,134.84134308,0.08772572007000001,0.042466207274999994
Pleiades,66497952151148544,16.873875,18.586943,15.61828,0.5906713789258172,False,134.84134308,0.08772572007000001,0.042466207274999994
Pleiades,66498158310444288,19.579899,21.368536,18.03953,0.3933535048968992,False,134.84134308,0.08772572007000001,0.042466207274999994
Pleiades,66499154741977216,11.176867,11.592295,10.593778,0.7657822846259128,False,134.84134308,0.08772572007000001,0.042466207274999994
Pleiades,66500013736315264,14.787384,15.642261,13.19901,0.547618398715431,False,134.84134308,0.08772572007000001,0.042466207274999994
Pleiades,66501181966524800,10.746968,11.107175,10.220457,0.8126036257625658,True,134.84134308,0.08772572007000001,0.042466207274999994
Pleiades,66502281478384000,11.114523,11.519879,10.538406,0.6884342421446958,False,134.84134308,0.08772572007000001,0.042466207274999994
Pleiades,66503449709270400,10.430534,10.861636,9.829401,0.6700059275227981,False,134.84134308,0.08772572007000001,0.042466207274999994
Pleiades,66506331628024832,8.101668,8.198534,7.902198,0.8990604642334119,True,134.84134308,0.08772572007000001,0.042466207274999994
Pleiades,66507469798631808,6.806421,6.811625,6.756288,0.8124598104302809,True,134.84134308,0.08772572007000001,0.042466207274999994
Pleiades,66507469798632320,10.234675,10.564196,9.657333,0.2686924338027871,False,134.84134308,0.08772572007000001,0.042466207274999994
Pleiades,66507882115488128,15.739478,17.259941,14.533685,0.6585389246567345,False,134.84134308,0.08772572007000001,0.042466207274999994
Pleiades,66509595804577920,19.73047,21.13175,18.260015,0.4476458104144374,False,134.84134308,0.08772572007000001,0.042466207274999994
Pleiades,66509634462127360,16.713524,18.446587,15.454812,0.441069961857548,False,134.84134308,0.08772572007000001,0.042466207274999994
Pleiades,66509771901085696,16.25907,18.160973,14.947622,0.7688043927432106,False,134.84134308,0.08772572007000001,0.042466207274999994
Pleiades,66511970924353792,16.304827,17.967447,15.061431,0.7185780180486203,False,134.84134308,0.08772572007000001,0.042466207274999994
Pleiades,66512074003566976,16.154657,17.787874,14.917308,0.8924265172070737,True,134.84134308,0.08772572007000001,0.042466207274999994
Pleiades,66515196441155712,18.430693,20.561298,17.021553,0.9151179218952142,False,134.84134308,0.08772572007000001,0.042466207274999994
Pleiades,66515922294233728,16.615265,18.334606,15.350577,0.7405650396667544,False,134.84134308,0.08772572007000001,0.042466207274999994
Pleiades,66517468482370176,13.975899,14.928371,13.007132,0.985651382587492,True,134.84134308,0.08772572007000001,0.042466207274999994
Pleiades,66517468482370304,10.245731,10.560406,9.762666,0.6927182571366519,False,134.84134308,0.08772572007000001,0.042466207274999994
Pleiades,66521179334108928,17.046577,18.865902,15.772549,0.9104497184955268,True,134.84134308,0.08772572007000001,0.042466207274999994
Pleiades,66521213693847808,14.001765,15.076541,12.856866,0.3608718099018046,False,134.84134308,0.08772572007000001,0.042466207274999994
Pleiades,66521381194879232,16.340902,18.059566,15.072655,0.8089501692496375,True,134.84134308,0.08772572007000001,0.042466207274999994
Pleiades,66522107047046656,16.513573,18.152136,15.275189,0.6643582987859928,False,134.84134308,0.08772572007000001,0.042466207274999994
Pleiades,66522137109124096,17.764944,19.78377,16.432545,0.5993802966071718,False,134.84134308,0.08772572007000001,0.042466207274999994
Pleiades,66522381924952704,16.501642,18.197205,15.240046,0.9840847369812404,True,134.84134308,0.08772572007000001,0.042466207274999994
Pleiades,66523103479455232,16.814566,18.51744,15.558638,0.6946211397627504,False,134.84134308,0.08772572007000001,0.042466207274999994
Pleiades,66523103479455744,16.80336,18.574518,15.532686,0.8169238312411133,True,134.84134308,0.08772572007000001,0.042466207274999994
Pleiades,66523893753437824,9.903484,10.187208,9.453119,1.0,True,134.84134308,0.08772572007000001,0.042466207274999994
Pleiades,66525061984664832,16.86826,18.254799,15.152763,0.6099321937060278,False,134.84134308,0.08772572007000001,0.042466207274999994
Pleiades,66526127137440128,3.615795,3.583036,3.619412,0.3836353084956661,False,134.84134308,0.08772572007000001,0.042466207274999994
Pleiades,66529975427235712,5.203287,5.185276,5.218389,0.3802797373722656,False,134.84134308,0.08772572007000001,0.042466207274999994
Pleiades,66531178017967872,16.580677,18.256296,15.330612,0.9381092173088283,True,134.84134308,0.08772572007000001,0.042466207274999994
Pleiades,66532174450470656,17.994638,20.140959,16.658693,0.5801175331304831,False,134.84134308,0.08772572007000001,0.042466207274999994
Pleiades,66532621126978304,16.443531,18.124313,15.184818,0.5704959507865418,False,134.84134308,0.08772572007000001,0.042466207274999994
Pleiades,66533170882790784,16.850975,18.581367,15.576973,0.8347785233432686,True,134.84134308,0.08772572007000001,0.042466207274999994
Pleiades,66536331978799616,15.43928,16.828413,14.27855,0.8374562049314466,True,134.84134308,0.08772572007000001,0.042466207274999994
Pleiades,66537981246228096,11.425587,11.855159,10.82816,0.7253765379609042,False,134.84134308,0.08772572007000001,0.042466207274999994
Pleiades,66539252556578816,13.446994,14.276546,12.548794,0.6456009374139182,False,134.84134308,0.08772572007000001,0.042466207274999994
Pleiades,66541142342159232,17.168797,18.958809,15.89782,0.8566114760246912,True,134.84134308,0.08772572007000001,0.042466207274999994
Pleiades,66542551091588352,14.994947,16.342287,13.846723,0.5596578101976801,False,134.84134308,0.08772572007000001,0.042466207274999994
Pleiades,66546742979468416,16.63125,18.308577,15.389677,0.7566295107080478,False,134.84134308,0.08772572007000001,0.042466207274999994
Pleiades,66550350752004352,14.980229,16.384867,13.798022,0.3183551447731489,False,134.84134308,0.08772572007000001,0.042466207274999994
Pleiades,66551686483467904,17.795551,19.807096,16.455793,0.6932695940590865,False,134.84134308,0.08772572007000001,0.042466207274999994
Pleiades,66552824649322752,19.952904,21.633133,18.467577,0.3264471589977134,False,134.84134308,0.08772572007000001,0.042466207274999994
Pleiades,66553443128503552,16.20243,17.838186,14.963677,0.7526639146326084,False,134.84134308,0.08772572007000001,0.042466207274999994
Pleiades,66553885506789504,18.835318,21.051628,17.398514,0.7979856652844233,False,134.84134308,0.08772572007000001,0.042466207274999994
Pleiades,66555573432261376,14.462538,15.585812,13.379059,0.6885929101553268,False,134.84134308,0.08772572007000001,0.042466207274999994
Pleiades,66555985749157760,7.955738,8.027872,7.794085,0.667789050619601,False,134.84134308,0.08772572007000001,0.042466207274999994
Pleiades,66556535504957568,16.240494,17.818926,15.01792,0.7320039203283604,False,134.84134308,0.08772572007000001,0.042466207274999994
Pleiades,66556535504958848,11.475932,11.925756,10.860993,0.7070881827705645,False,134.84134308,0.08772572007000001,0.042466207274999994
Pleiades,66556672943906688,16.043076,17.807573,14.758016,0.63870203415783,False,134.84134308,0.08772572007000001,0.042466207274999994
Pleiades,66558249192653952,7.546007,7.565866,7.475968,0.9596752797715636,True,134.84134308,0.08772572007000001,0.042466207274999994
Pleiades,66560349435890176,16.40082,18.048187,15.16089,0.8158479317352758,True,134.84134308,0.08772572007000001,0.042466207274999994
Pleiades,66560727393001216,16.679499,18.390163,15.42267,0.7812729333301459,False,134.84134308,0.08772572007000001,0.042466207274999994
Pleiades,66562342296619520,17.559366,19.62135,16.122906,0.4489630441492689,False,134.84134308,0.08772572007000001,0.042466207274999994
Pleiades,66565365957676416,10.915199,11.290863,10.371225,0.7402907782426317,False,134.84134308,0.08772572007000001,0.042466207274999994
Pleiades,66565778274538624,16.925774,18.804388,15.632983,0.8176251420718649,True,134.84134308,0.08772572007000001,0.042466207274999994
Pleiades,66566946505629440,12.286877,12.848716,11.577943,0.7864869205796912,False,134.84134308,0.08772572007000001,0.042466207274999994
Pleiades,66567427541958784,16.955412,18.747786,15.685095,0.4302002107614099,False,134.84134308,0.08772572007000001,0.042466207274999994
Pleiades,66570554277316992,11.173697,11.588182,10.590354,0.7371952353510207,False,134.84134308,0.08772572007000001,0.042466207274999994
Pleiades,66581549393480704,13.582582,14.450566,12.664517,0.6942432635065244,False,134.84134308,0.08772572007000001,0.042466207274999994
Pleiades,66581961710329984,10.85027,11.244666,10.27921,0.708708511090242,False,134.84134308,0.08772572007000001,0.042466207274999994
Pleiades,66584332530000512,12.184782,12.720761,11.377075,0.433091877379509,False,134.84134308,0.08772572007000001,0.042466207274999994
Pleiades,66584465673208448,18.17171,20.221792,16.787174,0.1826654669971691,False,134.84134308,0.08772572007000001,0.042466207274999994
Pleiades,66586218019920640,19.038036,21.259542,17.654766,0.2085033579532557,False,134.84134308,0.08772572007000001,0.042466207274999994
Pleiades,66592265333776512,18.837732,20.532059,17.415663,0.4134164761931503,False,134.84134308,0.08772572007000001,0.042466207274999994
Pleiades,66593437863017984,17.161787,19.036694,15.881412,0.7871444602160927,False,134.84134308,0.08772572007000001,0.042466207274999994
Pleiades,66597767189992832,15.093363,16.374218,13.973975,0.5994352705260214,False,134.84134308,0.08772572007000001,0.042466207274999994
Pleiades,66612473157921024,12.603814,13.40438,11.729854,0.6550944123495515,False,134.84134308,0.08772572007000001,0.042466207274999994
Pleiades,66623605713181184,18.457989,20.603466,17.031855,0.4375076083892119,False,134.84134308,0.08772572007000001,0.042466207274999994
Pleiades,66624357329718400,18.086258,20.226496,16.697895,0.5439004065376498,False,134.84134308,0.08772572007000001,0.042466207274999994
Pleiades,66628995894842624,17.29378,19.135326,15.70226,0.5670508967286036,False,134.84134308,0.08772572007000001,0.042466207274999994
Pleiades,66640712564777856,12.341359,12.929286,11.599124,0.7108827736887812,False,134.84134308,0.08772572007000001,0.042466207274999994
Pleiades,66642641008348416,16.535604,18.235193,15.230453,0.8069332893262308,True,134.84134308,0.08772572007000001,0.042466207274999994
Pleiades,66648001127514368,16.8203,18.59796,15.554891,0.7573532083071615,False,134.84134308,0.08772572007000001,0.042466207274999994
Pleiades,66649409876772096,15.435466,17.07267,14.195093,0.7629891011876437,False,134.84134308,0.08772572007000001,0.042466207274999994
Pleiades,66652467893487488,14.509749,15.654358,13.441506,0.7100227241874189,False,134.84134308,0.08772572007000001,0.042466207274999994
Pleiades,66655560269868544,9.341612,9.580916,8.942785,0.7519228875975971,False,134.84134308,0.08772572007000001,0.042466207274999994
Pleiades,66657415696297344,8.769578,8.962629,8.428415,0.8236637981781204,True,134.84134308,0.08772572007000001,0.042466207274999994
Pleiades,66658240329321088,16.36067,18.048218,15.105106,0.8923144140059889,True,134.84134308,0.08772572007000001,0.042466207274999994
Pleiades,66658996243552000,12.009029,12.538474,11.315678,0.5921297050158608,False,134.84134308,0.08772572007000001,0.042466207274999994
Pleiades,66659271121456768,16.468485,18.198425,15.212521,0.6797980914570277,False,134.84134308,0.08772572007000001,0.042466207274999994
Pleiades,66659408560406528,16.571566,18.296785,15.310652,0.703142705185192,False,134.84134308,0.08772572007000001,0.042466207274999994
Pleiades,66661809444531712,19.456411,21.40709,18.011322,0.1983136779985903,False,134.84134308,0.08772572007000001,0.042466207274999994
Pleiades,66665902550940672,15.61589,17.081081,14.430078,0.6899810463270379,False,134.84134308,0.08772572007000001,0.042466207274999994
Pleiades,66665902550940800,15.811114,17.354408,14.601952,0.6122806655916136,False,134.84134308,0.08772572007000001,0.042466207274999994
Pleiades,66671468828544384,14.976172,16.478016,13.760519,0.7092681698580084,False,134.84134308,0.08772572007000001,0.042466207274999994
Pleiades,66694455493470464,13.737393,14.644784,12.791295,0.5050972996552883,False,134.84134308,0.08772572007000001,0.042466207274999994
Pleiades,66695688147432832,18.782063,20.964321,17.39587,0.633149705382403,False,134.84134308,0.08772572007000001,0.042466207274999994
Pleiades,66697547870378368,16.585989,16.453089,16.856543,0.4206746708280472,False,134.84134308,0.08772572007000001,0.042466207274999994
Pleiades,66699712533433600,17.059772,19.115883,15.675858,0.4402546522036439,False,134.84134308,0.08772572007000001,0.042466207274999994
Pleiades,66702048996405632,16.630585,18.513653,15.309422,0.6781715369391784,False,134.84134308,0.08772572007000001,0.042466207274999994
Pleiades,66709333257230720,19.115324,20.999863,17.71618,0.5543422281095359,False,134.84134308,0.08772572007000001,0.042466207274999994
Pleiades,66710845088732160,14.752962,15.965364,13.655684,0.8208062946325376,True,134.84134308,0.08772572007000001,0.042466207274999994
Pleiades,66710948167949696,16.773333,18.40924,15.50229,0.8345837531028937,True,134.84134308,0.08772572007000001,0.042466207274999994
Pleiades,66711532283494656,16.304049,17.939493,15.056418,0.7444952246371553,False,134.84134308,0.08772572007000001,0.042466207274999994
Pleiades,66712253837994880,16.740343,18.456854,15.468422,0.5674897567853967,False,134.84134308,0.08772572007000001,0.042466207274999994
Pleiades,66713044112564864,9.440848,9.439773,8.720302,0.620126627608819,False,134.84134308,0.08772572007000001,0.042466207274999994
Pleiades,66714177981308800,17.282734,17.504105,15.850125,0.9465552059627333,False,134.84134308,0.08772572007000001,0.042466207274999994
Pleiades,66714418501518848,16.853323,17.596237,15.508355,0.8678955883331693,False,134.84134308,0.08772572007000001,0.042466207274999994
Pleiades,66715105696289024,6.29883,6.292354,6.28298,0.948887603165544,True,134.84134308,0.08772572007000001,0.042466207274999994
Pleiades,66715273197982848,8.243902,8.362129,8.008208,0.9045664499887284,True,134.84134308,0.08772572007000001,0.042466207274999994
Pleiades,66715827250786432,16.877417,18.581,15.567018,0.8911834218737673,True,134.84134308,0.08772572007000001,0.042466207274999994
Pleiades,66716136489019008,17.69065,19.374018,16.326809,0.9887923216363697,False,134.84134308,0.08772572007000001,0.042466207274999994
Pleiades,66717987616472704,17.494467,19.410238,16.170437,0.8781057343089357,False,134.84134308,0.08772572007000001,0.042466207274999994
Pleiades,66719194505127168,17.41301,19.324333,16.092218,0.5963239196607383,False,134.84134308,0.08772572007000001,0.042466207274999994
Pleiades,66719228864863360,15.501962,16.94402,14.329345,0.7747970402449956,False,134.84134308,0.08772572007000001,0.042466207274999994
Pleiades,66720294016753280,16.058432,17.849825,14.75069,0.8701174171965504,True,134.84134308,0.08772572007000001,0.042466207274999994
Pleiades,66720534534913792,14.94409,16.259766,13.808888,0.8030836601091416,True,134.84134308,0.08772572007000001,0.042466207274999994
Pleiades,66720946851771904,10.705852,11.158739,10.089388,0.2158956936148269,False,134.84134308,0.08772572007000001,0.042466207274999994
Pleiades,66722355601033600,14.699243,16.110651,13.530191,0.9154075563339824,True,134.84134308,0.08772572007000001,0.042466207274999994
Pleiades,66722660540945408,18.549948,20.89604,17.172089,0.977369324701054,False,134.84134308,0.08772572007000001,0.042466207274999994
Pleiades,66723008433853056,19.05715,20.86506,17.577883,0.1936578294610482,False,134.84134308,0.08772572007000001,0.042466207274999994
Pleiades,66724451545088128,8.214289,8.388234,7.886941,0.2442157204168314,False,134.84134308,0.08772572007000001,0.042466207274999994
Pleiades,66725379258016768,6.939808,6.993091,6.811228,0.5359931869734275,False,134.84134308,0.08772572007000001,0.042466207274999994
Pleiades,66727234683931520,13.826407,14.762202,12.866948,0.9979261016848276,True,134.84134308,0.08772572007000001,0.042466207274999994
Pleiades,66728089380491648,17.542105,19.308191,16.23424,0.9470371865890754,False,134.84134308,0.08772572007000001,0.042466207274999994
Pleiades,66728089380492160,17.551449,19.537806,16.156221,0.7270332560394763,False,134.84134308,0.08772572007000001,0.042466207274999994
Pleiades,66728128037119616,17.05648,18.528778,15.189589,0.4571900936611706,False,134.84134308,0.08772572007000001,0.042466207274999994
Pleiades,66728265476081408,17.19236,19.43611,15.85624,0.9092964538816476,False,134.84134308,0.08772572007000001,0.042466207274999994
Pleiades,66728501697350016,18.567303,20.497004,17.17692,0.8225450796464365,False,134.84134308,0.08772572007000001,0.042466207274999994
Pleiades,66729021390315904,17.858953,19.745502,16.488464,0.3946314734770162,False,134.84134308,0.08772572007000001,0.042466207274999994
Pleiades,66729261908482048,9.376594,9.618052,8.972963,0.9506980911326756,True,134.84134308,0.08772572007000001,0.042466207274999994
Pleiades,66729635568719872,17.617458,19.659708,16.203325,0.7964800791399269,False,134.84134308,0.08772572007000001,0.042466207274999994
Pleiades,66729674225341696,17.056747,18.837578,15.783017,0.8255226302317727,True,134.84134308,0.08772572007000001,0.042466207274999994
Pleiades,66729880383767168,6.815936,6.841812,6.740395,0.5613210507614707,False,134.84134308,0.08772572007000001,0.042466207274999994
Pleiades,66730120901930240,13.26761,14.080364,12.376759,0.8418938861351003,True,134.84134308,0.08772572007000001,0.042466207274999994
Pleiades,66730601936067072,18.383253,20.590567,17.01693,0.7535735943970385,False,134.84134308,0.08772572007000001,0.042466207274999994
Pleiades,66731731512764416,18.72439,20.66141,17.28117,0.9887923216363697,False,134.84134308,0.08772572007000001,0.042466207274999994
Pleiades,66732423004453376,14.973033,16.493011,13.771814,0.74794533299751,False,134.84134308,0.08772572007000001,0.042466207274999994
Pleiades,66733552578791296,12.441148,12.528202,11.134912,0.51512495022557,False,134.84134308,0.08772572007000001,0.042466207274999994
Pleiades,66733763034205696,15.690887,17.22188,14.480276,0.63185471936729,False,134.84134308,0.08772572007000001,0.042466207274999994
Pleiades,66734720809017856,12.229151,12.911525,11.428227,0.4029740828016304,False,134.84134308,0.08772572007000001,0.042466207274999994
Pleiades,66734725106867968,16.997358,19.002993,15.676642,0.5697129365737398,False,134.84134308,0.08772572007000001,0.042466207274999994
Pleiades,66735446661374976,17.16143,18.948214,15.899798,0.6563223152891511,False,134.84134308,0.08772572007000001,0.042466207274999994
Pleiades,66737095928811648,10.402332,10.743448,9.896464,0.9299768399367528,True,134.84134308,0.08772572007000001,0.042466207274999994
Pleiades,66737405166459264,14.798532,16.045107,13.697297,0.9096939135809908,True,134.84134308,0.08772572007000001,0.042466207274999994
Pleiades,66737576965143296,16.923494,18.857653,15.617101,0.5656619828936306,False,134.84134308,0.08772572007000001,0.042466207274999994
Pleiades,66738023641737088,16.653147,18.428715,15.385392,0.8450578176610001,True,134.84134308,0.08772572007000001,0.042466207274999994
Pleiades,66738328582414720,20.168182,20.879896,18.675493,0.464601385498511,False,134.84134308,0.08772572007000001,0.042466207274999994
Pleiades,66739982146803456,13.717735,14.627194,12.773757,0.9591928489172596,True,134.84134308,0.08772572007000001,0.042466207274999994
Pleiades,66740497542906368,17.043259,18.779428,15.767084,0.8351173502072813,True,134.84134308,0.08772572007000001,0.042466207274999994
Pleiades,66741116018188416,16.133425,17.845594,14.87848,0.8498110575608768,True,134.84134308,0.08772572007000001,0.042466207274999994
Pleiades,66741833275728768,20.620213,21.522026,19.066664,1.0,False,134.84134308,0.08772572007000001,0.042466207274999994
Pleiades,66742765285619584,15.015844,16.3272,13.887265,0.833815475075381,True,134.84134308,0.08772572007000001,0.042466207274999994
Pleiades,66745170467302656,16.013287,17.626804,14.782482,0.8466960571072305,True,134.84134308,0.08772572007000001,0.042466207274999994
Pleiades,66745617143891968,6.604883,6.582264,6.61482,0.7164857223738813,False,134.84134308,0.08772572007000001,0.042466207274999994
Pleiades,66745754582838272,16.6729,18.446114,15.39664,0.8935812249200081,True,134.84134308,0.08772572007000001,0.042466207274999994
Pleiades,66746441777612416,7.525846,7.561352,7.428444,0.5633055082725889,False,134.84134308,0.08772572007000001,0.042466207274999994
Pleiades,66747816167123712,11.899782,12.410251,11.228242,0.689955356143861,False,134.84134308,0.08772572007000001,0.042466207274999994
Pleiades,66749121837171840,15.359683,16.778868,14.188808,0.8387652284673682,True,134.84134308,0.08772572007000001,0.042466207274999994
Pleiades,66750358787789056,17.649462,19.585096,16.338833,0.4163699248870492,False,134.84134308,0.08772572007000001,0.042466207274999994
Pleiades,66752042414936704,14.890118,16.249926,13.742282,0.270081833515765,False,134.84134308,0.08772572007000001,0.042466207274999994
Pleiades,66753038847347456,13.430262,14.295788,12.497025,0.6183641715956104,False,134.84134308,0.08772572007000001,0.042466207274999994
Pleiades,66753446866736896,19.331717,21.200668,17.861761,0.2921518218686533,False,134.84134308,0.08772572007000001,0.042466207274999994
Pleiades,66754241438299520,12.732842,13.386664,11.953037,0.8199315856895285,True,134.84134308,0.08772572007000001,0.042466207274999994
Pleiades,66755959425257856,16.821295,18.565859,15.562358,0.8165638379264037,True,134.84134308,0.08772572007000001,0.042466207274999994
Pleiades,66757746131459200,17.477245,19.35184,16.179333,0.7238490392306112,False,134.84134308,0.08772572007000001,0.042466207274999994
Pleiades,66759773356036992,18.582916,20.6405,17.186144,0.3043007322220826,False,134.84134308,0.08772572007000001,0.042466207274999994
Pleiades,66761903659793152,15.173774,16.563791,14.01304,0.7343848763988791,False,134.84134308,0.08772572007000001,0.042466207274999994
Pleiades,66763965244167808,16.977882,18.668314,15.698369,0.8091365066368905,True,134.84134308,0.08772572007000001,0.042466207274999994
Pleiades,66765751950550144,16.251667,17.963158,15.001132,0.6903135552247978,False,134.84134308,0.08772572007000001,0.042466207274999994
Pleiades,66765855029760768,17.289736,19.216705,15.98992,0.563016615169263,False,134.84134308,0.08772572007000001,0.042466207274999994
Pleiades,66765855029900288,18.507313,20.5129,17.145472,0.4601325220519793,False,134.84134308,0.08772572007000001,0.042466207274999994
Pleiades,66767843597097856,17.77927,19.776958,16.462059,0.9196838891683944,False,134.84134308,0.08772572007000001,0.042466207274999994
Pleiades,66771146429454592,10.304679,10.622301,9.816208,0.507997546155369,False,134.84134308,0.08772572007000001,0.042466207274999994
Pleiades,66771764904729984,17.683437,19.51135,16.370293,0.8520843735862286,False,134.84134308,0.08772572007000001,0.042466207274999994
Pleiades,66774513683782912,12.459594,13.073255,11.70027,0.899994666369787,True,134.84134308,0.08772572007000001,0.042466207274999994
Pleiades,66779358406877568,15.694813,17.253107,14.458935,0.7285159415869679,False,134.84134308,0.08772572007000001,0.042466207274999994
Pleiades,66779564565300224,16.700275,18.416279,15.442813,0.758520893999093,False,134.84134308,0.08772572007000001,0.042466207274999994
Pleiades,66781316909399424,14.0124,14.979152,13.008881,0.702649742475645,False,134.84134308,0.08772572007000001,0.042466207274999994
Pleiades,66781832308018176,10.873117,11.263568,10.302857,0.8088792496907523,True,134.84134308,0.08772572007000001,0.042466207274999994
Pleiades,66782450780736000,20.073732,21.509108,18.51338,0.5947107225373724,False,134.84134308,0.08772572007000001,0.042466207274999994
Pleiades,66782897460055424,16.011278,17.626322,14.772564,0.8251607065770186,True,134.84134308,0.08772572007000001,0.042466207274999994
Pleiades,66782931820393216,17.010265,18.275524,15.151375,0.7522967855064066,False,134.84134308,0.08772572007000001,0.042466207274999994
Pleiades,66783099321711360,18.508291,20.037075,17.094213,0.5661959404983423,False,134.84134308,0.08772572007000001,0.042466207274999994
Pleiades,66783584654831872,15.896999,17.473085,14.669244,0.8403659119343974,True,134.84134308,0.08772572007000001,0.042466207274999994
Pleiades,66783722091045248,18.957493,20.676556,17.516006,0.8227675142599989,False,134.84134308,0.08772572007000001,0.042466207274999994
Pleiades,66785504503382528,18.133894,19.502014,16.737078,0.5469112231261983,False,134.84134308,0.08772572007000001,0.042466207274999994
Pleiades,66786505232432512,6.425264,6.409082,6.425955,0.9887923216363697,True,134.84134308,0.08772572007000001,0.042466207274999994
Pleiades,66786539592171392,16.471231,18.110031,15.216504,0.9324210369169144,True,134.84134308,0.08772572007000001,0.042466207274999994
Pleiades,66786951909028736,18.101824,19.833954,16.75687,0.615222655077121,False,134.84134308,0.08772572007000001,0.042466207274999994
Pleiades,66787119410915072,12.868829,13.571247,12.058481,1.0,True,134.84134308,0.08772572007000001,0.042466207274999994
Pleiades,66788253282520192,17.185026,19.154016,15.884916,0.8316548200454007,True,134.84134308,0.08772572007000001,0.042466207274999994
Pleiades,66788291938818304,10.296593,10.624539,9.802695,0.9727766687045984,True,134.84134308,0.08772572007000001,0.042466207274999994
Pleiades,66788669895935616,16.643583,18.317886,15.406652,0.7316740467351149,False,134.84134308,0.08772572007000001,0.042466207274999994
Pleiades,66789872486779520,6.802811,6.802068,6.767419,0.3666007054781638,False,134.84134308,0.08772572007000001,0.042466207274999994
Pleiades,66791483097102464,17.592712,19.536972,16.274693,0.6848392060683945,False,134.84134308,0.08772572007000001,0.042466207274999994
Pleiades,66791521754962560,19.57034,21.696175,18.095886,0.5200306138078005,False,134.84134308,0.08772572007000001,0.042466207274999994
Pleiades,66791624833561856,17.191496,18.87722,15.913277,0.6824420101180017,False,134.84134308,0.08772572007000001,0.042466207274999994
Pleiades,66791659193405952,16.691021,18.59326,15.390779,0.5608732612434228,False,134.84134308,0.08772572007000001,0.042466207274999994
Pleiades,66792999222948992,16.739185,18.45224,15.48984,0.7263169523488722,False,134.84134308,0.08772572007000001,0.042466207274999994
Pleiades,66793583338514816,14.310514,15.417697,13.269692,0.9453052991402748,True,134.84134308,0.08772572007000001,0.042466207274999994
Pleiades,66795640626019200,19.34698,21.448984,17.89699,0.2814245429172057,False,134.84134308,0.08772572007000001,0.042466207274999994
Pleiades,66797156751286912,16.827679,18.772224,15.437075,0.7421610278990463,False,134.84134308,0.08772572007000001,0.042466207274999994
Pleiades,66798496781121792,5.752026,5.729278,5.752268,0.8342782116983422,True,134.84134308,0.08772572007000001,0.042466207274999994
Pleiades,66798526845337344,13.832768,14.597712,12.832641,0.9569117119786706,True,134.84134308,0.08772572007000001,0.042466207274999994
Pleiades,66798977817468288,16.209143,17.774271,14.975864,0.977369324701054,True,134.84134308,0.08772572007000001,0.042466207274999994
Pleiades,66799763794633856,12.414279,13.013465,11.674582,0.929085087518044,True,134.84134308,0.08772572007000001,0.042466207274999994
Pleiades,66799768088857856,12.692504,13.357429,11.910682,0.7655041601726551,False,134.84134308,0.08772572007000001,0.042466207274999994
Pleiades,66800180408292992,15.064789,16.382164,13.920582,0.7085878553610376,False,134.84134308,0.08772572007000001,0.042466207274999994
Pleiades,66800244832257280,17.224361,19.027359,15.906121,0.774693732041334,False,134.84134308,0.08772572007000001,0.042466207274999994
Pleiades,66800592725851776,11.405896,11.852175,10.798162,0.6694302364650093,False,134.84134308,0.08772572007000001,0.042466207274999994
Pleiades,66801623514684416,14.265003,15.452683,13.068843,0.8636677288156255,True,134.84134308,0.08772572007000001,0.042466207274999994
Pleiades,66801623517295104,16.6805,18.398893,15.403146,0.9296805960387988,True,134.84134308,0.08772572007000001,0.042466207274999994
Pleiades,66801795315987584,17.648338,19.887398,16.25305,0.467897510963625,False,134.84134308,0.08772572007000001,0.042466207274999994
Pleiades,66802207632871808,15.082205,16.466335,13.920368,0.6916890937661982,False,134.84134308,0.08772572007000001,0.042466207274999994
Pleiades,66802276352348416,13.399992,14.216869,12.512312,0.8530073110460199,True,134.84134308,0.08772572007000001,0.042466207274999994
Pleiades,66802654309459712,9.593008,9.87635,9.140193,0.2589348866546797,False,134.84134308,0.08772572007000001,0.042466207274999994
Pleiades,66803616382830592,18.092802,19.897985,16.698038,0.8095481035531464,False,134.84134308,0.08772572007000001,0.042466207274999994
Pleiades,66804406656115328,15.301958,16.966087,14.059534,0.516123225306508,False,134.84134308,0.08772572007000001,0.042466207274999994
Pleiades,66807464672814336,15.306499,16.692606,14.148092,0.8387777582348612,True,134.84134308,0.08772572007000001,0.042466207274999994
Pleiades,66808220587759104,13.70242,14.605712,12.758081,0.8426305598496464,True,134.84134308,0.08772572007000001,0.042466207274999994
Pleiades,66808839062339712,17.464863,19.405117,16.141865,0.8530073110460199,True,134.84134308,0.08772572007000001,0.042466207274999994
Pleiades,66808869124393600,11.587448,12.058104,10.955926,0.74720135029878,False,134.84134308,0.08772572007000001,0.042466207274999994
Pleiades,66809491897360896,10.408444,10.741416,9.907416,0.8951403604652597,True,134.84134308,0.08772572007000001,0.042466207274999994
Pleiades,66811450402457216,13.337562,14.147645,12.452992,0.6698517204550754,False,134.84134308,0.08772572007000001,0.042466207274999994
Pleiades,66814302260735104,11.950156,12.338009,11.022074,0.475190153462622,False,134.84134308,0.08772572007000001,0.042466207274999994
Pleiades,66816187748666624,12.904102,13.64193,12.063589,0.653236060669278,False,134.84134308,0.08772572007000001,0.042466207274999994
Pleiades,66816295125702144,12.540388,13.175777,11.774289,1.0,True,134.84134308,0.08772572007000001,0.042466207274999994
Pleiades,66818322350220416,15.761837,17.2547,14.567279,0.8006138918760082,True,134.84134308,0.08772572007000001,0.042466207274999994
Pleiades,66820590092840960,15.393848,16.805998,14.228175,0.753639390018301,False,134.84134308,0.08772572007000001,0.042466207274999994
Pleiades,66821655244731264,15.617148,17.185358,14.402938,0.6283326957328093,False,134.84134308,0.08772572007000001,0.042466207274999994
Pleiades,66823132713476480,16.87391,18.656853,15.57754,0.8526003560119717,True,134.84134308,0.08772572007000001,0.042466207274999994
Pleiades,66823304512166528,13.674303,14.561905,12.73635,0.5876802133983736,False,134.84134308,0.08772572007000001,0.042466207274999994
Pleiades,66824472743376768,17.582697,19.566555,16.287697,0.6079535040827525,False,134.84134308,0.08772572007000001,0.042466207274999994
Pleiades,66828870789879168,16.20272,17.278618,14.304742,0.7239789711139472,False,134.84134308,0.08772572007000001,0.042466207274999994
Pleiades,66831069813319936,15.47262,16.954754,14.285221,0.9116760792352394,True,134.84134308,0.08772572007000001,0.042466207274999994
Pleiades,66831172892327680,18.0745,20.373697,16.704256,0.7674030689317919,False,134.84134308,0.08772572007000001,0.042466207274999994
Pleiades,66832100605159424,10.744773,11.121812,10.203328,0.8296670688512652,True,134.84134308,0.08772572007000001,0.042466207274999994
Pleiades,66834054814431232,16.563644,18.453848,15.206267,0.8296626556853646,True,134.84134308,0.08772572007000001,0.042466207274999994
Pleiades,66837495084120320,13.436048,14.251829,12.419264,0.4008641975686997,False,134.84134308,0.08772572007000001,0.042466207274999994
Pleiades,66838452861270272,10.10806,10.424523,9.622222,0.8850713629674564,True,134.84134308,0.08772572007000001,0.042466207274999994
Pleiades,66839591028151552,16.414059,18.24284,15.125492,0.2368382975754247,False,134.84134308,0.08772572007000001,0.042466207274999994
Pleiades,66846291177113088,14.673388,15.891913,13.578023,0.758118464440187,False,134.84134308,0.08772572007000001,0.042466207274999994
Pleiades,66847631206903040,15.424488,17.10973,14.1731,0.9560991168989876,True,134.84134308,0.08772572007000001,0.042466207274999994
Pleiades,66850517426494208,17.439728,19.212,16.13909,0.7306010868142593,False,134.84134308,0.08772572007000001,0.042466207274999994
Pleiades,66852647730267264,13.310761,14.104215,12.426154,0.7598127053404687,False,134.84134308,0.08772572007000001,0.042466207274999994
Pleiades,66863058730966528,10.70626,11.07512,10.166348,0.5455636566317865,False,134.84134308,0.08772572007000001,0.042466207274999994
Pleiades,66867800374681344,15.381897,16.772404,14.222671,0.684245134891509,False,134.84134308,0.08772572007000001,0.042466207274999994
Pleiades,66872095342031872,16.321066,17.934072,14.786532,0.5878591540103416,False,134.84134308,0.08772572007000001,0.042466207274999994
Pleiades,66874599304044160,18.87,20.729593,17.44471,0.6695940443678878,False,134.84134308,0.08772572007000001,0.042466207274999994
Pleiades,66876596467931776,17.568546,19.525105,16.238928,0.6200799388083177,False,134.84134308,0.08772572007000001,0.042466207274999994
Pleiades,66878245735176704,15.398036,16.79538,14.236216,0.5215821412908511,False,134.84134308,0.08772572007000001,0.042466207274999994
Pleiades,66878932929927936,12.87643,13.519095,12.104125,0.2674286908623041,False,134.84134308,0.08772572007000001,0.042466207274999994
Pleiades,66880307319457408,17.516953,19.69421,16.088322,0.6426368759167778,False,134.84134308,0.08772572007000001,0.042466207274999994
Pleiades,66885942316710784,16.95706,18.764578,15.676529,0.7070047527732491,False,134.84134308,0.08772572007000001,0.042466207274999994
Pleiades,66886011036187392,16.50337,18.203884,15.257768,0.6044355828092308,False,134.84134308,0.08772572007000001,0.042466207274999994
Pleiades,66887660303617408,16.868773,18.824398,15.608827,0.7435105931946323,False,134.84134308,0.08772572007000001,0.042466207274999994
Pleiades,66894772769437952,17.874992,19.896244,16.55087,0.7049417006017707,False,134.84134308,0.08772572007000001,0.042466207274999994
Pleiades,66897933865345920,13.247913,14.024435,12.384273,0.6569017666523685,False,134.84134308,0.08772572007000001,0.042466207274999994
Pleiades,66898002584817280,16.320951,17.987934,15.07618,0.6279822985452979,False,134.84134308,0.08772572007000001,0.042466207274999994
Pleiades,66899239535574400,15.598198,17.058237,14.41126,0.6941941515150418,False,134.84134308,0.08772572007000001,0.042466207274999994
Pleiades,66903293984399872,13.613075,14.502443,12.683687,0.7289130389922,False,134.84134308,0.08772572007000001,0.042466207274999994
Pleiades,66905561723623808,16.73906,17.86402,14.81238,0.2996870587908382,False,134.84134308,0.08772572007000001,0.042466207274999994
Pleiades,66905561727107200,16.954079,17.861519,14.810824,0.2288273516644651,False,134.84134308,0.08772572007000001,0.042466207274999994
Pleiades,66911231083913600,15.793973,17.35099,14.573525,0.6578086846900574,False,134.84134308,0.08772572007000001,0.042466207274999994
Pleiades,66915560410893440,17.438322,19.418928,16.125551,0.4320253551596329,False,134.84134308,0.08772572007000001,0.042466207274999994
Pleiades,66919163886142976,20.306597,21.455786,18.811592,0.2371167533132017,False,134.84134308,0.08772572007000001,0.042466207274999994
Pleiades,66926211929978880,16.598265,18.312096,15.348464,0.7410922754970448,False,134.84134308,0.08772572007000001,0.042466207274999994
Pleiades,66930403817997696,16.304043,18.003853,15.056395,0.658963232215314,False,134.84134308,0.08772572007000001,0.042466207274999994
Pleiades,66937859881182848,12.781891,13.624446,11.871041,0.5672984942433867,False,134.84134308,0.08772572007000001,0.042466207274999994
Pleiades,66939848447027584,9.118056,9.297057,8.638018,0.629441665823385,False,134.84134308,0.08772572007000001,0.042466207274999994
Pleiades,66940299422471296,14.485869,15.638486,13.414243,0.5689001149056085,False,134.84134308,0.08772572007000001,0.042466207274999994
Pleiades,66941635153934848,18.346786,20.376652,16.962992,0.8577864185355752,False,134.84134308,0.08772572007000001,0.042466207274999994
Pleiades,66942189204257408,18.907158,20.894022,17.510237,0.725755633840441,False,134.84134308,0.08772572007000001,0.042466207274999994
Pleiades,66942910762588928,17.047014,18.806553,15.772173,0.4149865315427554,False,134.84134308,0.08772572007000001,0.042466207274999994
Pleiades,66944422591073024,13.309442,14.130023,12.413292,0.294758610834921,False,134.84134308,0.08772572007000001,0.042466207274999994
Pleiades,66950435545271680,16.213099,17.842764,14.978201,0.5265032329220848,False,134.84134308,0.08772572007000001,0.042466207274999994
Pleiades,66951466337428480,17.001446,18.88575,15.705547,0.3720568845255987,False,134.84134308,0.08772572007000001,0.042466207274999994
Pleiades,66957612431742080,12.017368,12.681604,11.214888,0.3078105249493006,False,134.84134308,0.08772572007000001,0.042466207274999994
Pleiades,66957994687842176,11.730169,12.249611,11.03897,0.6308624008358189,False,134.84134308,0.08772572007000001,0.042466207274999994
Pleiades,66960262430594816,9.52466,9.781733,9.102612,0.716650019798652,False,134.84134308,0.08772572007000001,0.042466207274999994
Pleiades,66960743466922624,16.939152,18.816092,15.652843,0.7378326546786333,False,134.84134308,0.08772572007000001,0.042466207274999994
Pleiades,66969535261875072,15.461911,17.070673,14.220058,0.6399122532157908,False,134.84134308,0.08772572007000001,0.042466207274999994
Pleiades,66969676998824576,9.013485,9.241159,8.625974,0.6466261204458944,False,134.84134308,0.08772572007000001,0.042466207274999994
Pleiades,66974453002505088,16.260448,17.91959,15.00533,0.5924772505472349,False,134.84134308,0.08772572007000001,0.042466207274999994
Pleiades,66980362877378432,9.434445,9.706347,8.994207,0.6826628456811557,False,134.84134308,0.08772572007000001,0.042466207274999994
Pleiades,66981599827956864,16.263796,18.155348,14.910811,0.3793063195850762,False,134.84134308,0.08772572007000001,0.042466207274999994
Pleiades,66982458821495424,17.51472,19.417814,16.193716,0.669812888244598,False,134.84134308,0.08772572007000001,0.042466207274999994
Pleiades,66997817623367296,13.447046,14.266644,12.555357,0.548112192453825,False,134.84134308,0.08772572007000001,0.042466207274999994
Pleiades,66999913567402112,14.906961,16.331007,13.733307,0.3321727115442658,False,134.84134308,0.08772572007000001,0.042466207274999994
Pleiades,67011767677005568,16.17624,17.998787,14.887779,0.4560089995248415,False,134.84134308,0.08772572007000001,0.042466207274999994
Pleiades,67019150723650560,19.083107,20.9334,17.634907,0.3638403323763019,False,134.84134308,0.08772572007000001,0.042466207274999994
Pleiades,67034994860213888,15.463224,16.857904,14.301279,0.337868794298446,False,134.84134308,0.08772572007000001,0.042466207274999994
Pleiades,67044198973423744,18.4318,20.532038,17.03312,0.4838877748541075,False,134.84134308,0.08772572007000001,0.042466207274999994
Pleiades,67046775953855360,18.14221,20.459524,16.628946,0.2032859992860492,False,134.84134308,0.08772572007000001,0.042466207274999994
Pleiades,67046780250475520,15.079865,16.296991,13.986965,0.180815733067645,False,134.84134308,0.08772572007000001,0.042466207274999994
Pleiades,67054305033161344,16.526533,18.253506,15.259408,0.4850592175470711,False,134.84134308,0.08772572007000001,0.042466207274999994
Pleiades,67069835634816896,15.76675,17.291077,14.562909,0.5892650958024803,False,134.84134308,0.08772572007000001,0.042466207274999994
Pleiades,67072236519533696,18.623491,20.990215,17.061346,0.1912451298012712,False,134.84134308,0.08772572007000001,0.042466207274999994
Pleiades,67072751916039040,19.677654,21.049501,18.216692,0.189586003791922,False,134.84134308,0.08772572007000001,0.042466207274999994
Pleiades,67074096242336384,15.520327,17.041536,14.321079,0.5463249905274976,False,134.84134308,0.08772572007000001,0.042466207274999994
Pleiades,67085641114472320,16.777615,18.584688,15.498139,0.6163599185851832,False,134.84134308,0.08772572007000001,0.042466207274999994
Pleiades,67103405099117568,17.058586,18.857258,15.652665,0.3560877413323495,False,134.84134308,0.08772572007000001,0.042466207274999994
Pleiades,67278158729741696,17.481783,19.241093,16.183466,0.5614778242121458,False,134.84134308,0.08772572007000001,0.042466207274999994
Pleiades,67281869581448448,15.203217,16.374144,13.843924,0.221253705731682,False,134.84134308,0.08772572007000001,0.042466207274999994
Pleiades,67281869581448704,12.515738,13.189443,11.706357,0.2901332324601655,False,134.84134308,0.08772572007000001,0.042466207274999994
Pleiades,67285614792891264,13.859352,14.982887,12.761145,0.4081060747568955,False,134.84134308,0.08772572007000001,0.042466207274999994
Pleiades,67304959325424768,17.576826,19.634825,16.255455,0.619312770534648,False,134.84134308,0.08772572007000001,0.042466207274999994
Pleiades,67331381964358656,10.882879,11.258994,10.334896,0.2422935859407704,False,134.84134308,0.08772572007000001,0.042466207274999994
Pleiades,67349764424286848,16.227058,17.926008,14.971893,0.4585881584872452,False,134.84134308,0.08772572007000001,0.042466207274999994
Pleiades,67352066526730240,16.171669,17.833359,14.916925,0.5419914018955606,False,134.84134308,0.08772572007000001,0.042466207274999994
Pleiades,67364328655082752,18.517399,20.47745,17.130848,0.2092972966828623,False,134.84134308,0.08772572007000001,0.042466207274999994
Pleiades,67368353043627648,17.077164,19.02259,15.740949,0.5009917529982906,False,134.84134308,0.08772572007000001,0.042466207274999994
Pleiades,67368834079044224,16.899532,18.701546,15.610303,0.6778939794085349,False,134.84134308,0.08772572007000001,0.042466207274999994
Pleiades,67368834079847680,15.1005,16.437878,13.942909,0.539927812318523,False,134.84134308,0.08772572007000001,0.042466207274999994
Pleiades,67368868438779392,15.409541,16.849098,14.224479,0.6529982754213465,False,134.84134308,0.08772572007000001,0.042466207274999994
Pleiades,67369658709673344,7.648581,7.708904,7.50619,0.6440897820361856,False,134.84134308,0.08772572007000001,0.042466207274999994
Pleiades,67373094686549632,15.564647,17.046179,14.37185,0.6247128256258941,False,134.84134308,0.08772572007000001,0.042466207274999994
Pleiades,67376633739588352,14.856225,16.162073,13.723164,0.4234650092114043,False,134.84134308,0.08772572007000001,0.042466207274999994
Pleiades,67381787700522240,17.003773,19.004307,15.666292,0.5389565608428674,False,134.84134308,0.08772572007000001,0.042466207274999994
Pleiades,67429856973800960,17.405403,19.445452,16.02439,0.3061465155634633,False,134.84134308,0.08772572007000001,0.042466207274999994
Pleiades,67527885307288192,16.362728,17.999723,15.101884,0.4217726562356425,False,134.84134308,0.08772572007000001,0.042466207274999994
Pleiades,67540495331120128,16.923477,18.72343,15.652442,0.3698697529302646,False,134.84134308,0.08772572007000001,0.042466207274999994
Pleiades,67576332537157888,17.068302,18.920773,15.782391,0.5036387127796795,False,134.84134308,0.08772572007000001,0.042466207274999994
Pleiades,67618285777617664,9.733864,10.003591,9.30285,0.5810345117931196,False,134.84134308,0.08772572007000001,0.042466207274999994
Pleiades,67656665605333888,16.639168,18.279505,15.375237,0.3215706874146058,False,134.84134308,0.08772572007000001,0.042466207274999994
Pleiades,67662330666441088,18.379122,20.521152,17.002039,0.5480320020934139,False,134.84134308,0.08772572007000001,0.042466207274999994
Pleiades,67667935599570432,17.20123,18.974302,15.937686,0.5273884915448268,False,134.84134308,0.08772572007000001,0.042466207274999994
Pleiades,67680850564641792,11.690367,12.185722,11.034441,0.3841186397885257,False,134.84134308,0.08772572007000001,0.042466207274999994
Pleiades,67724697887107200,17.51643,19.50931,16.198092,0.4706453775599974,False,134.84134308,0.08772572007000001,0.042466207274999994
Pleiades,67732257029618048,14.31126,15.404963,13.273613,0.7872081638507157,False,134.84134308,0.08772572007000001,0.042466207274999994
Pleiades,67736070960579072,16.76218,18.480066,15.497606,0.4093021172940056,False,134.84134308,0.08772572007000001,0.042466207274999994
Pleiades,67747615832673408,16.504719,18.252691,15.242684,0.4543940980738764,False,134.84134308,0.08772572007000001,0.042466207274999994
Pleiades,67756789882795008,15.859415,17.421396,14.645842,0.7478030562643604,False,134.84134308,0.08772572007000001,0.042466207274999994
Pleiades,67793309988387456,18.356155,20.617382,16.99236,0.665056747748792,False,134.84134308,0.08772572007000001,0.042466207274999994
Pleiades,67799189799869312,8.786226,8.964191,8.465299,0.5277993391187594,False,134.84134308,0.08772572007000001,0.042466207274999994
Pleiades,67832346947351424,17.240038,19.187365,15.938464,0.6924289242694559,False,134.84134308,0.08772572007000001,0.042466207274999994
Pleiades,67878663874731136,16.109005,17.726307,14.876077,0.3566771510334766,False,134.84134308,0.08772572007000001,0.042466207274999994
Pleiades,67899520235887616,17.188633,19.1299,15.888532,0.5700726475452846,False,134.84134308,0.08772572007000001,0.042466207274999994
Pleiades,67920926352940032,15.754189,17.412075,14.509309,0.4627697151048968,False,134.84134308,0.08772572007000001,0.042466207274999994
Pleiades,67988615037924096,17.926485,19.960243,16.555113,0.4443622346747921,False,134.84134308,0.08772572007000001,0.042466207274999994
Pleiades,67998201404864896,16.64228,18.496355,15.344315,0.4812197421780271,False,134.84134308,0.08772572007000001,0.042466207274999994
Pleiades,68006241583701888,15.914934,17.475151,14.693427,0.4262542614855009,False,134.84134308,0.08772572007000001,0.042466207274999994
Pleiades,68014964661425280,17.378237,19.445175,16.070404,0.4998588867542806,False,134.84134308,0.08772572007000001,0.042466207274999994
Pleiades,68045583484082048,14.544645,15.738517,13.461346,0.5036625153029985,False,134.84134308,0.08772572007000001,0.042466207274999994
Pleiades,68046133239891584,14.357129,15.463994,13.309529,0.6428003852563439,False,134.84134308,0.08772572007000001,0.042466207274999994
Pleiades,68051390279853824,13.306072,14.098605,12.434976,0.5366349387170373,False,134.84134308,0.08772572007000001,0.042466207274999994
Pleiades,68097020012324352,9.433693,9.692336,9.011402,0.5690840582433988,False,134.84134308,0.08772572007000001,0.042466207274999994
Pleiades,68117635855255168,16.598715,18.337,15.340514,0.7244693267809421,False,134.84134308,0.08772572007000001,0.042466207274999994
Pleiades,68120418994061312,17.177141,19.123713,15.875628,0.8316338134767826,True,134.84134308,0.08772572007000001,0.042466207274999994
Pleiades,68120728231661824,13.659394,14.554316,12.721828,0.6931509294858074,False,134.84134308,0.08772572007000001,0.042466207274999994
Pleiades,68129764842889600,10.699779,11.072549,10.161397,0.8198712682439006,True,134.84134308,0.08772572007000001,0.042466207274999994
Pleiades,68141408498321280,17.13838,18.925375,15.847212,0.6856784907798348,False,134.84134308,0.08772572007000001,0.042466207274999994
Pleiades,68142374866825216,17.183352,19.15658,15.890286,0.6507776873099795,False,134.84134308,0.08772572007000001,0.042466207274999994
Pleiades,68145707761492608,17.778164,19.760536,16.452433,0.6760253787884039,False,134.84134308,0.08772572007000001,0.042466207274999994
Pleiades,68145776480904064,17.255363,19.178942,15.95155,0.6881188168177098,False,134.84134308,0.08772572007000001,0.042466207274999994
Pleiades,68147391388599808,15.734668,17.45591,14.482784,0.6071919918551713,False,134.84134308,0.08772572007000001,0.042466207274999994
Pleiades,68150861722174848,11.304962,11.757917,10.692468,0.881284972257002,True,134.84134308,0.08772572007000001,0.042466207274999994
Pleiades,68152820227358720,15.784899,17.319324,14.580702,0.724164047144148,False,134.84134308,0.08772572007000001,0.042466207274999994
Pleiades,68156290560900480,17.983885,20.136116,16.64138,0.688332486937228,False,134.84134308,0.08772572007000001,0.042466207274999994
Pleiades,68161921261591808,18.5983,20.612793,17.172953,0.25997567417771,False,134.84134308,0.08772572007000001,0.042466207274999994
Pleiades,68162028637205888,16.882187,18.717651,15.594941,0.6430907747145145,False,134.84134308,0.08772572007000001,0.042466207274999994
Pleiades,68162921990400256,16.227856,17.88982,14.981466,0.6869696820502275,False,134.84134308,0.08772572007000001,0.042466207274999994
Pleiades,68167835432980480,15.505199,17.248701,14.248546,0.9694896120051466,True,134.84134308,0.08772572007000001,0.042466207274999994
Pleiades,68168419548529920,17.14373,19.0137,15.843956,0.6385395932147953,False,134.84134308,0.08772572007000001,0.042466207274999994
Pleiades,68170721650939264,16.658615,18.35119,15.403993,0.7845412381059838,False,134.84134308,0.08772572007000001,0.042466207274999994
Pleiades,68174191984522368,16.293001,17.99997,15.043575,0.8784964193145776,True,134.84134308,0.08772572007000001,0.042466207274999994
Pleiades,68175806892217216,15.53727,16.989435,14.347767,0.8307949448196337,True,134.84134308,0.08772572007000001,0.042466207274999994
Pleiades,68183125516472320,15.516793,16.969069,14.333384,0.3597965482597959,False,134.84134308,0.08772572007000001,0.042466207274999994
Pleiades,68183331674900864,16.861164,18.651493,15.586341,0.6269800192301558,False,134.84134308,0.08772572007000001,0.042466207274999994
Pleiades,68185221460637824,16.584269,18.295221,15.32468,0.7753714305259126,False,134.84134308,0.08772572007000001,0.042466207274999994
Pleiades,68186114813689344,17.018175,18.900452,15.71983,0.8324016737102614,True,134.84134308,0.08772572007000001,0.042466207274999994
Pleiades,68192093408157568,17.612053,19.473457,16.31107,0.4930670136108658,False,134.84134308,0.08772572007000001,0.042466207274999994
Pleiades,68195598101454336,16.495232,18.144897,15.260658,0.6140556672673364,False,134.84134308,0.08772572007000001,0.042466207274999994
Pleiades,68199270297901952,18.634268,20.484312,17.229973,0.5080081092174019,False,134.84134308,0.08772572007000001,0.042466207274999994
Pleiades,68222119524026112,18.12979,20.04292,16.748459,0.4248324571836024,False,134.84134308,0.08772572007000001,0.042466207274999994
Pleiades,68225834671270528,14.685989,15.902973,13.590218,0.4223906777678066,False,134.84134308,0.08772572007000001,0.042466207274999994
Pleiades,68232191222851456,17.717175,19.59014,16.356083,0.6158968696478045,False,134.84134308,0.08772572007000001,0.042466207274999994
Pleiades,68232603539842944,17.68662,19.820995,16.355438,0.6389855129445685,False,134.84134308,0.08772572007000001,0.042466207274999994
Pleiades,68233531252642432,16.483887,18.232893,15.228994,0.8351593518689331,True,134.84134308,0.08772572007000001,0.042466207274999994
Pleiades,68236795427794816,16.123356,17.788473,14.88306,0.5695266660926745,False,134.84134308,0.08772572007000001,0.042466207274999994
Pleiades,68238543478364032,18.210098,20.41846,16.838749,0.3275285613869021,False,134.84134308,0.08772572007000001,0.042466207274999994
Pleiades,68250264445159936,9.708421,9.997422,9.249148,0.3033338242413233,False,134.84134308,0.08772572007000001,0.042466207274999994
Pleiades,68254245878512384,10.22619,10.540687,9.739897,0.5513933262888405,False,134.84134308,0.08772572007000001,0.042466207274999994
Pleiades,68254765570883712,17.32352,19.239063,16.020863,0.6696813560651492,False,134.84134308,0.08772572007000001,0.042466207274999994
Pleiades,68259438496008832,14.768776,16.127905,13.620842,0.7755734738562001,False,134.84134308,0.08772572007000001,0.042466207274999994
Pleiades,68261053403709312,17.022444,18.84837,15.73141,0.8576060952408958,True,134.84134308,0.08772572007000001,0.042466207274999994
Pleiades,68261946756899456,17.688309,19.731678,16.364979,0.6876853893608129,False,134.84134308,0.08772572007000001,0.042466207274999994
Pleiades,68262973252098304,17.22576,19.043566,15.952443,0.7638354865123445,False,134.84134308,0.08772572007000001,0.042466207274999994
Pleiades,68263145050803840,18.587467,20.959158,17.172539,0.5280962097958366,False,134.84134308,0.08772572007000001,0.042466207274999994
Pleiades,68265279651517056,16.258966,17.900425,15.005593,0.6878626654562758,False,134.84134308,0.08772572007000001,0.042466207274999994
Pleiades,68265588889169664,15.268429,16.649843,14.112316,1.0,True,134.84134308,0.08772572007000001,0.042466207274999994
Pleiades,68266787183070976,15.754662,17.229923,14.432161,0.5429402158979569,False,134.84134308,0.08772572007000001,0.042466207274999994
Pleiades,68267680536205440,13.848956,14.731272,12.826828,0.3393678574847456,False,134.84134308,0.08772572007000001,0.042466207274999994
Pleiades,68268165869533568,17.094841,18.978615,15.800221,0.6962582263767702,False,134.84134308,0.08772572007000001,0.042466207274999994
Pleiades,68268303308484224,17.534178,19.494085,16.20471,0.6903533158154928,False,134.84134308,0.08772572007000001,0.042466207274999994
Pleiades,68279225408437888,18.960083,21.188862,17.566809,0.6092326315201606,False,134.84134308,0.08772572007000001,0.042466207274999994
Pleiades,68282837477714816,17.633608,19.569696,16.32495,0.8065779637359766,True,134.84134308,0.08772572007000001,0.042466207274999994
Pleiades,68283421593270400,17.595737,19.660284,16.245514,0.8463342888100381,False,134.84134308,0.08772572007000001,0.042466207274999994
Pleiades,68284104491279872,17.849161,19.979172,16.521389,0.6186554511716428,False,134.84134308,0.08772572007000001,0.042466207274999994
Pleiades,68291977168100480,15.252396,16.605614,14.102098,0.6238191632212635,False,134.84134308,0.08772572007000001,0.042466207274999994
Pleiades,68293729514855040,8.198288,8.314782,7.966471,0.1983936712998389,False,134.84134308,0.08772572007000001,0.042466207274999994
Pleiades,68294309333614720,18.979607,20.635462,17.597692,0.8863746193118786,False,134.84134308,0.08772572007000001,0.042466207274999994
Pleiades,68294554148575232,13.636955,14.524401,12.698147,0.8288059513813439,True,134.84134308,0.08772572007000001,0.042466207274999994
Pleiades,68295481861500928,13.767338,14.708723,12.79974,0.6330941706981758,False,134.84134308,0.08772572007000001,0.042466207274999994
Pleiades,68296650092601088,15.147523,16.500673,13.995567,0.8078360624316981,True,134.84134308,0.08772572007000001,0.042466207274999994
Pleiades,68296890611072384,10.529654,10.896353,9.992223,0.5967432869032527,False,134.84134308,0.08772572007000001,0.042466207274999994
Pleiades,68297921403225984,15.520733,16.781622,14.030823,0.3534395622722847,False,134.84134308,0.08772572007000001,0.042466207274999994
Pleiades,68298093201624960,17.32333,19.283113,16.015848,0.7399827709895084,False,134.84134308,0.08772572007000001,0.042466207274999994
Pleiades,68300326584600448,17.220604,19.123468,15.943714,0.4608955820598446,False,134.84134308,0.08772572007000001,0.042466207274999994
Pleiades,68301250000967680,14.651505,15.777858,13.380641,0.2563544926376565,False,134.84134308,0.08772572007000001,0.042466207274999994
Pleiades,68303487680516224,11.282754,11.738189,10.658539,0.9383652861489024,True,134.84134308,0.08772572007000001,0.042466207274999994
Pleiades,68303659479211776,15.863776,17.4033,14.655067,0.8535113280785948,True,134.84134308,0.08772572007000001,0.042466207274999994
Pleiades,68303728198686080,16.39733,18.074743,15.148664,0.8136239554746512,True,134.84134308,0.08772572007000001,0.042466207274999994
Pleiades,68304548536306176,19.634474,21.465973,18.161734,0.2055744624611184,False,134.84134308,0.08772572007000001,0.042466207274999994
Pleiades,68306099020642432,8.041619,8.130938,7.858599,0.9213801121289024,True,134.84134308,0.08772572007000001,0.042466207274999994
Pleiades,68308882159427840,15.432,16.975058,14.227994,0.653236060669278,False,134.84134308,0.08772572007000001,0.042466207274999994
Pleiades,68310359628169088,10.84777,11.317899,10.209844,0.578115643017105,False,134.84134308,0.08772572007000001,0.042466207274999994
Pleiades,68310359628169472,12.553257,13.180518,11.786735,0.732497002921455,False,134.84134308,0.08772572007000001,0.042466207274999994
Pleiades,68310561489710336,9.370604,9.61723,8.960799,0.7414282974059335,False,134.84134308,0.08772572007000001,0.042466207274999994
Pleiades,68314414077327744,14.889832,16.194736,13.762322,0.7813060386195433,False,134.84134308,0.08772572007000001,0.042466207274999994
Pleiades,68317609532996480,11.684883,12.169249,11.045845,0.7192934555981805,False,134.84134308,0.08772572007000001,0.042466207274999994
Pleiades,68317746971945600,15.114011,16.56693,13.933933,0.3985016478294291,False,134.84134308,0.08772572007000001,0.042466207274999994
Pleiades,68319529381881344,17.55076,19.507822,16.259018,0.6255709104664715,False,134.84134308,0.08772572007000001,0.042466207274999994
Pleiades,68322145018429952,10.600085,10.958863,10.071496,0.9496897220584732,True,134.84134308,0.08772572007000001,0.042466207274999994
Pleiades,68322454256073344,17.02367,18.730904,15.755831,0.6687513754814274,False,134.84134308,0.08772572007000001,0.042466207274999994
Pleiades,68323485048225152,13.734854,14.646505,12.78727,0.8148622076889114,True,134.84134308,0.08772572007000001,0.042466207274999994
Pleiades,68323966084583680,15.649356,17.35604,14.392746,0.7105282788474535,False,134.84134308,0.08772572007000001,0.042466207274999994
Pleiades,68325649711754880,14.418429,15.786762,13.26437,0.4383726159225374,False,134.84134308,0.08772572007000001,0.042466207274999994
Pleiades,68327402058399232,15.965781,17.541262,14.746066,0.9640080571830624,True,134.84134308,0.08772572007000001,0.042466207274999994
Pleiades,68334235349446528,11.509661,11.976294,10.868325,0.6220467124223603,False,134.84134308,0.08772572007000001,0.042466207274999994
Pleiades,68334617603435648,16.925804,18.581059,15.648413,0.6018745292293868,False,134.84134308,0.08772572007000001,0.042466207274999994
Pleiades,68345956317106688,15.720017,17.203571,14.476903,0.5287592511531336,False,134.84134308,0.08772572007000001,0.042466207274999994
Pleiades,68348155340347776,15.177081,16.503788,14.042981,0.7040567412626586,False,134.84134308,0.08772572007000001,0.042466207274999994
Pleiades,68354374452892160,16.329308,18.015522,15.079587,0.714631639151095,False,134.84134308,0.08772572007000001,0.042466207274999994
Pleiades,68356367317952128,17.243416,19.092524,15.919441,0.6027683617461796,False,134.84134308,0.08772572007000001,0.042466207274999994
Pleiades,68356367317952256,15.603813,17.066156,14.419466,0.7370074159439852,False,134.84134308,0.08772572007000001,0.042466207274999994
Pleiades,68363411064150272,13.830462,14.770897,12.864971,0.8569746425499951,True,134.84134308,0.08772572007000001,0.042466207274999994
Pleiades,68364544933829376,13.597192,14.215121,12.341842,0.7487175930606679,False,134.84134308,0.08772572007000001,0.042466207274999994
Pleiades,68364544935515392,13.520599,13.966045,12.166754,0.4908394251452361,False,134.84134308,0.08772572007000001,0.042466207274999994
Pleiades,68364643718417280,18.468193,20.525528,17.094667,0.3296850807872697,False,134.84134308,0.08772572007000001,0.042466207274999994
Pleiades,68364682374473856,17.172848,19.089901,15.869752,0.491458580474626,False,134.84134308,0.08772572007000001,0.042466207274999994
Pleiades,68367190635351936,17.305487,19.210033,15.999046,0.9314369267832182,True,134.84134308,0.08772572007000001,0.042466207274999994
Pleiades,68378563708730624,15.265487,16.642916,14.11296,0.8277030777448908,True,134.84134308,0.08772572007000001,0.042466207274999994
Pleiades,68381793524163968,17.462278,19.421736,16.145945,0.7965109698417521,False,134.84134308,0.08772572007000001,0.042466207274999994
Pleiades,68385057699293056,17.05122,18.9107,15.770191,0.6675789093047348,False,134.84134308,0.08772572007000001,0.042466207274999994
Pleiades,68385603159177344,16.929817,18.611752,15.680053,0.2995594146130253,False,134.84134308,0.08772572007000001,0.042466207274999994
Pleiades,68390417818463872,12.376555,12.961727,11.653043,0.608133240279079,False,134.84134308,0.08772572007000001,0.042466207274999994
Pleiades,68390830135333504,15.981778,17.579458,14.757203,0.7876844726555956,False,134.84134308,0.08772572007000001,0.042466207274999994
Pleiades,68395399980532864,15.965155,17.573677,14.735998,0.6595018656134332,False,134.84134308,0.08772572007000001,0.042466207274999994
Pleiades,68395606138958592,16.7538,18.569962,15.48779,0.8413091975017054,True,134.84134308,0.08772572007000001,0.042466207274999994
Pleiades,68398732874994944,11.978131,12.501055,11.303301,0.4972388899439852,False,134.84134308,0.08772572007000001,0.042466207274999994
Pleiades,68404711469410432,15.412398,16.903673,14.2181,0.3504612812729422,False,134.84134308,0.08772572007000001,0.042466207274999994
Pleiades,68409487473090688,10.443639,10.779536,9.937388,0.2926165695313374,False,134.84134308,0.08772572007000001,0.042466207274999994
Pleiades,68433814167849728,16.179638,17.808455,14.933311,0.6757430660419272,False,134.84134308,0.08772572007000001,0.042466207274999994
Pleiades,68436627369761664,19.019094,21.287378,17.599215,0.5853747703039786,False,134.84134308,0.08772572007000001,0.042466207274999994
Pleiades,68444878003882240,10.378874,10.706098,9.886065,0.648311971646039,False,134.84134308,0.08772572007000001,0.042466207274999994
Pleiades,68448142178730752,16.846962,18.647589,15.560642,0.7246139029400133,False,134.84134308,0.08772572007000001,0.042466207274999994
Pleiades,68449757086421760,17.407322,19.50424,16.049368,0.4768415446598249,False,134.84134308,0.08772572007000001,0.042466207274999994
Pleiades,68452265347345664,16.482616,18.18414,15.22404,0.6244024178890719,False,134.84134308,0.08772572007000001,0.042466207274999994
Pleiades,68458514523905408,17.69337,19.63906,16.394808,0.5689377389200294,False,134.84134308,0.08772572007000001,0.042466207274999994
Pleiades,68468203969427200,17.405783,19.346193,16.118494,0.5209854510285896,False,134.84134308,0.08772572007000001,0.042466207274999994
Pleiades,68475767408245632,14.442084,15.50671,13.415037,0.379715736208099,False,134.84134308,0.08772572007000001,0.042466207274999994
Pleiades,68475904847290240,16.66706,18.404629,15.402696,0.5179808326809182,False,134.84134308,0.08772572007000001,0.042466207274999994
Pleiades,68505110624876032,15.973412,17.618519,14.740653,0.6854511506992582,False,134.84134308,0.08772572007000001,0.042466207274999994
Pleiades,68506347575444096,15.023798,16.37651,13.877517,0.5192980258028655,False,134.84134308,0.08772572007000001,0.042466207274999994
Pleiades,68508855836353536,17.16749,19.066471,15.868505,0.441383822287344,False,134.84134308,0.08772572007000001,0.042466207274999994
Pleiades,68513356962056704,17.071465,18.965057,15.782824,0.5239043101232845,False,134.84134308,0.08772572007000001,0.042466207274999994
Pleiades,68514559552895488,16.784979,18.50351,15.53354,0.6083628995517407,False,134.84134308,0.08772572007000001,0.042466207274999994
Pleiades,68530124514310912,15.321436,16.68231,14.169616,0.4997192318995748,False,134.84134308,0.08772572007000001,0.042466207274999994
Pleiades,68536549785807232,15.330455,16.535498,13.853692,0.4067886408763856,False,134.84134308,0.08772572007000001,0.042466207274999994
Pleiades,68540535515653504,7.10341,7.105184,7.06649,0.68492997201294,False,134.84134308,0.08772572007000001,0.042466207274999994
Pleiades,68556508497159936,17.349161,19.442793,15.945213,0.6523226577567875,False,134.84134308,0.08772572007000001,0.042466207274999994
Pleiades,68559738312482048,17.464352,19.536726,16.09025,0.3655645697110336,False,134.84134308,0.08772572007000001,0.042466207274999994
Pleiades,68577300435634432,16.688622,18.390865,15.433775,0.4584756534477472,False,134.84134308,0.08772572007000001,0.042466207274999994
Pleiades,68580530251050496,15.709093,17.479498,14.430606,0.6693851174243528,False,134.84134308,0.08772572007000001,0.042466207274999994
Pleiades,68581694185489920,17.939394,20.051432,16.57297,0.7188867967779528,False,134.84134308,0.08772572007000001,0.042466207274999994
Pleiades,68584034944338560,17.426853,19.23724,16.020414,0.5429402158979569,False,134.84134308,0.08772572007000001,0.042466207274999994
Pleiades,68586779426847104,19.008127,21.425339,17.593805,0.4324277352067685,False,134.84134308,0.08772572007000001,0.042466207274999994
Pleiades,68587161680620288,13.344251,14.372921,12.326188,0.6427919587483804,False,134.84134308,0.08772572007000001,0.042466207274999994
Pleiades,68591456647799552,17.099754,18.912289,15.839739,0.577481184142123,False,134.84134308,0.08772572007000001,0.042466207274999994
Pleiades,68593346433465856,8.754338,8.924881,8.43793,0.5899392631975506,False,134.84134308,0.08772572007000001,0.042466207274999994
Pleiades,68595751615127296,15.024521,16.341234,13.893018,0.8224502075912142,True,134.84134308,0.08772572007000001,0.042466207274999994
Pleiades,68600321460320768,16.925434,18.727976,15.65381,0.6950579855583408,False,134.84134308,0.08772572007000001,0.042466207274999994
Pleiades,68605058807852928,17.936289,19.922916,16.570292,0.3737531848526224,False,134.84134308,0.08772572007000001,0.042466207274999994
Pleiades,68606918530067072,17.212824,19.092867,15.919743,0.7158874236588932,False,134.84134308,0.08772572007000001,0.042466207274999994
Pleiades,68607090328759040,15.619633,17.314476,14.347107,0.603836765699028,False,134.84134308,0.08772572007000001,0.042466207274999994
Pleiades,68610006610414976,13.129373,13.907189,12.159527,0.3661993449515505,False,134.84134308,0.08772572007000001,0.042466207274999994
Pleiades,68616779774936064,17.905586,19.845585,16.559826,0.2920373002971288,False,134.84134308,0.08772572007000001,0.042466207274999994
Pleiades,68618978798306432,13.392295,14.380012,12.401081,0.4447088738700083,False,134.84134308,0.08772572007000001,0.042466207274999994
Pleiades,68620868583787904,13.497553,14.36562,12.579953,0.5891444209353865,False,134.84134308,0.08772572007000001,0.042466207274999994
Pleiades,68624613795266432,17.096783,19.019308,15.793688,0.4674408037349859,False,134.84134308,0.08772572007000001,0.042466207274999994
Pleiades,68625846449476096,15.551507,16.803755,13.928285,0.2143492019841442,False,134.84134308,0.08772572007000001,0.042466207274999994
Pleiades,68632310376680064,17.088264,18.9768,15.80586,0.4051670698884477,False,134.84134308,0.08772572007000001,0.042466207274999994
Pleiades,68641037750201088,14.814797,16.095644,13.700026,0.1960714718593847,False,134.84134308,0.08772572007000001,0.042466207274999994
Pleiades,68653201097557888,15.461283,16.957909,14.268449,0.4776984370052449,False,134.84134308,0.08772572007000001,0.042466207274999994
Pleiades,68660244843997312,11.862063,12.40069,11.161109,0.2520556901339532,False,134.84134308,0.08772572007000001,0.042466207274999994
Pleiades,68660554081641472,16.92848,18.734554,15.657799,0.7256255346841542,False,134.84134308,0.08772572007000001,0.042466207274999994
Pleiades,68663470363446144,18.964235,21.227262,17.565928,0.4032941401395324,False,134.84134308,0.08772572007000001,0.042466207274999994
Pleiades,68672717428941184,15.680477,17.385504,14.393118,0.4274861133921497,False,134.84134308,0.08772572007000001,0.042466207274999994
Pleiades,68738894284608256,19.462788,21.245237,17.985586,0.2173785076018536,False,134.84134308,0.08772572007000001,0.042466207274999994
Pleiades,68748751233818112,17.639044,19.664015,16.314384,0.3767305216067133,False,134.84134308,0.08772572007000001,0.042466207274999994
Pleiades,68828225308044288,17.328482,19.207443,16.032202,0.4464303780589348,False,134.84134308,0.08772572007000001,0.042466207274999994
Pleiades,68860012362308992,16.081041,17.77265,14.842973,0.4612981681776319,False,134.84134308,0.08772572007000001,0.042466207274999994
Pleiades,68862280104972544,16.282486,17.853992,15.069211,0.1762993424367557,False,134.84134308,0.08772572007000001,0.042466207274999994
Pleiades,68897842434107392,11.909498,12.415644,11.233913,0.3632321465102145,False,134.84134308,0.08772572007000001,0.042466207274999994
Pleiades,68956803745067520,13.745739,14.678923,12.769683,0.3528176463309338,False,134.84134308,0.08772572007000001,0.042466207274999994
Pleiades,68979034496030848,15.916973,17.477108,14.705377,0.3280565265391063,False,134.84134308,0.08772572007000001,0.042466207274999994
Pleiades,69122520763444352,15.786348,17.355377,14.572138,0.3403861134881972,False,134.84134308,0.08772572007000001,0.042466207274999994
Pleiades,69162201965316096,17.73708,19.549065,16.403906,0.4507064894535152,False,134.84134308,0.08772572007000001,0.042466207274999994
Pleiades,69218418793157632,16.186283,17.81778,14.871798,0.2971565460567209,False,134.84134308,0.08772572007000001,0.042466207274999994
Pleiades,69250235911393408,10.720195,11.085978,10.186197,0.4672563849810177,False,134.84134308,0.08772572007000001,0.042466207274999994
Pleiades,69252293199079424,19.633228,21.36781,18.110163,0.2423076284642384,False,134.84134308,0.08772572007000001,0.042466207274999994
Pleiades,69260990509512192,16.93472,18.855425,15.639442,0.4725117605357322,False,134.84134308,0.08772572007000001,0.042466207274999994
Pleiades,69294010218010240,16.418324,18.085238,15.159132,0.6097817162309117,False,134.84134308,0.08772572007000001,0.042466207274999994
Pleiades,69294319455655808,15.154167,16.507885,14.005911,0.5043772889220506,False,134.84134308,0.08772572007000001,0.042466207274999994
Pleiades,69313419173585792,18.86689,20.941463,17.419666,0.5114896813724593,False,134.84134308,0.08772572007000001,0.042466207274999994
Pleiades,69335619861034752,8.088434,8.194869,7.874224,0.4937166552509958,False,134.84134308,0.08772572007000001,0.042466207274999994
Pleiades,69349535555140608,14.885939,16.386095,13.689721,0.4098930860195609,False,134.84134308,0.08772572007000001,0.042466207274999994
Pleiades,69351219182301184,16.92915,18.724829,15.63162,0.4842224588858492,False,134.84134308,0.08772572007000001,0.042466207274999994
Pleiades,69370941672125184,13.381167,14.233792,12.466092,0.4140146136298589,False,134.84134308,0.08772572007000001,0.042466207274999994
Pleiades,69383753558066560,18.07075,20.135176,16.74333,0.3126474563046172,False,134.84134308,0.08772572007000001,0.042466207274999994
Pleiades,69400010010608768,14.538095,15.720887,13.460749,0.6466065468369164,False,134.84134308,0.08772572007000001,0.042466207274999994
Pleiades,69400834644329984,16.81632,18.587639,15.554015,0.3509988972161584,False,134.84134308,0.08772572007000001,0.042466207274999994
Pleiades,69405782446704128,10.523172,10.842448,10.037847,0.2572967896224663,False,134.84134308,0.08772572007000001,0.042466207274999994
Pleiades,69409424578948608,15.84586,17.43449,14.623628,0.5732183451480359,False,134.84134308,0.08772572007000001,0.042466207274999994
Pleiades,69420213536768896,17.16172,18.9444,15.883916,0.3096743870209147,False,134.84134308,0.08772572007000001,0.042466207274999994
Pleiades,69448899622936704,19.811827,21.822224,18.269205,0.4933165559465253,False,134.84134308,0.08772572007000001,0.042466207274999994
Pleiades,69461784523819904,18.212976,20.326752,16.837252,0.2527688485221863,False,134.84134308,0.08772572007000001,0.042466207274999994
Pleiades,69470206956077056,17.340832,19.389893,15.980186,0.4018003204182596,False,134.84134308,0.08772572007000001,0.042466207274999994
Pleiades,69485978075890176,12.876896,13.545222,12.089619,0.4436630813408821,False,134.84134308,0.08772572007000001,0.042466207274999994
Pleiades,69486733990130048,17.653664,19.758694,16.301975,0.5272151061666611,False,134.84134308,0.08772572007000001,0.042466207274999994
Pleiades,69498725538868352,13.689861,14.51047,12.803471,0.3613148538055792,False,134.84134308,0.08772572007000001,0.042466207274999994
Pleiades,69502298951642496,16.682117,18.41536,15.418863,0.4993211506146965,False,134.84134308,0.08772572007000001,0.042466207274999994
Pleiades,69573251811510912,17.18513,19.065592,15.896445,0.4482841323576575,False,134.84134308,0.08772572007000001,0.042466207274999994
Pleiades,69575313395795584,12.616145,13.276678,11.838497,0.5192980258028655,False,134.84134308,0.08772572007000001,0.042466207274999994
Pleiades,69583456653826048,14.452721,15.591552,13.393092,0.4533707363128524,False,134.84134308,0.08772572007000001,0.042466207274999994
Pleiades,69585140280997760,12.308469,12.876274,11.595516,0.4991768636026383,False,134.84134308,0.08772572007000001,0.042466207274999994
Pleiades,69643757994608512,10.579699,10.931972,10.059653,0.4231335319468615,False,134.84134308,0.08772572007000001,0.042466207274999994
Pleiades,69649736589001600,12.820246,13.487654,12.031796,0.4034273422310594,False,134.84134308,0.08772572007000001,0.042466207274999994
Pleiades,69651759518208000,17.323578,19.13233,16.041603,0.4068279040573946,False,134.84134308,0.08772572007000001,0.042466207274999994
Pleiades,69704643451409792,16.654419,18.35738,15.405487,0.50447991426728,False,134.84134308,0.08772572007000001,0.042466207274999994
Pleiades,69707907626540928,16.477827,18.121414,15.23525,0.2893975160749803,False,134.84134308,0.08772572007000001,0.042466207274999994
Pleiades,69754121474458112,17.486122,19.326122,16.162916,0.2960686187431303,False,134.84134308,0.08772572007000001,0.042466207274999994
Pleiades,69754155834196224,16.682032,18.36205,15.431042,0.2384346182726976,False,134.84134308,0.08772572007000001,0.042466207274999994
Pleiades,69763158085629440,15.491304,16.980213,14.298569,0.2492745877345717,False,134.84134308,0.08772572007000001,0.042466207274999994
Pleiades,69763329884321152,16.217434,17.918858,14.96103,0.2220426789121887,False,134.84134308,0.08772572007000001,0.042466207274999994
Pleiades,69763329884321664,16.347681,18.10068,15.086542,0.5107987530570344,False,134.84134308,0.08772572007000001,0.042466207274999994
Pleiades,69775179698089728,17.650997,19.638287,16.280132,0.217961110695108,False,134.84134308,0.08772572007000001,0.042466207274999994
Pleiades,69783842646586624,19.438786,21.379957,18.014536,0.4308117277800246,False,134.84134308,0.08772572007000001,0.042466207274999994
Pleiades,69794528526747136,18.420551,20.658655,17.00586,0.3827511016531899,False,134.84134308,0.08772572007000001,0.042466207274999994
Pleiades,69806039039416832,17.622309,19.673035,16.268385,0.7074873837642063,False,134.84134308,0.08772572007000001,0.042466207274999994
Pleiades,69807963184755840,16.527004,18.252249,15.262377,0.8973833515434702,True,134.84134308,0.08772572007000001,0.042466207274999994
Pleiades,69810093488518784,14.467274,15.619524,13.387757,0.634014345185746,False,134.84134308,0.08772572007000001,0.042466207274999994
Pleiades,69811364798863744,14.463644,15.626272,13.390887,0.9442582175083853,True,134.84134308,0.08772572007000001,0.042466207274999994
Pleiades,69811639676769536,10.473494,10.826579,9.955907,0.9160922996010782,True,134.84134308,0.08772572007000001,0.042466207274999994
Pleiades,69811948914407168,9.715471,9.987203,9.281519,0.8875875655755148,True,134.84134308,0.08772572007000001,0.042466207274999994
Pleiades,69812945346809344,15.99179,17.340973,14.727977,0.9683043011133962,False,134.84134308,0.08772572007000001,0.042466207274999994
Pleiades,69812945346809600,5.640408,5.600362,5.680828,0.7195255093374743,False,134.84134308,0.08772572007000001,0.042466207274999994
Pleiades,69814388455816960,12.985639,13.718534,12.15587,0.634454603394865,False,134.84134308,0.08772572007000001,0.042466207274999994
Pleiades,69816102146573440,19.957262,20.985638,18.3948,0.3336019780371297,False,134.84134308,0.08772572007000001,0.042466207274999994
Pleiades,69819027020489088,9.570481,9.832442,9.147874,1.0,True,134.84134308,0.08772572007000001,0.042466207274999994
Pleiades,69819404977607168,8.900821,9.130817,8.51024,0.8478959037789626,True,134.84134308,0.08772572007000001,0.042466207274999994
Pleiades,69822875311156224,13.027423,13.663217,12.253275,0.2045370609044728,False,134.84134308,0.08772572007000001,0.042466207274999994
Pleiades,69823940463098112,18.244398,19.987055,16.79668,0.6758266776413397,False,134.84134308,0.08772572007000001,0.042466207274999994
Pleiades,69823940463098752,13.280735,14.289417,12.280123,0.4356923152372638,False,134.84134308,0.08772572007000001,0.042466207274999994
Pleiades,69824249700740736,15.921976,17.668861,14.646667,0.5738600932647315,False,134.84134308,0.08772572007000001,0.042466207274999994
Pleiades,69824730737081600,17.5378,19.49362,16.243486,0.6987306176345159,False,134.84134308,0.08772572007000001,0.042466207274999994
Pleiades,69829541100441600,15.050903,16.38284,13.917029,0.841822191704636,True,134.84134308,0.08772572007000001,0.042466207274999994
Pleiades,69829609819915648,10.561445,10.907932,10.044397,0.2117320194860239,False,134.84134308,0.08772572007000001,0.042466207274999994
Pleiades,69834282744302208,16.973806,18.847755,15.675518,1.0,True,134.84134308,0.08772572007000001,0.042466207274999994
Pleiades,69834759483788928,12.777334,13.446063,11.981714,0.9700302564442808,True,134.84134308,0.08772572007000001,0.042466207274999994
Pleiades,69834763780636672,13.686684,14.534371,12.777094,0.3982362101751747,False,134.84134308,0.08772572007000001,0.042466207274999994
Pleiades,69834866859848192,13.570004,14.436668,12.655458,0.9496897220584732,True,134.84134308,0.08772572007000001,0.042466207274999994
Pleiades,69837134602589952,16.97633,18.871391,15.692143,0.591036711923608,False,134.84134308,0.08772572007000001,0.042466207274999994
Pleiades,69838131035001856,17.42494,19.299313,16.12656,0.6622686631752935,False,134.84134308,0.08772572007000001,0.042466207274999994
Pleiades,69838302833692160,12.791924,13.489324,11.986783,0.5943469496625701,False,134.84134308,0.08772572007000001,0.042466207274999994
Pleiades,69840879814047872,10.546825,10.903748,10.023086,0.564030588189041,False,134.84134308,0.08772572007000001,0.042466207274999994
Pleiades,69841257769938944,16.570871,17.677101,14.654235,0.4123429076070483,False,134.84134308,0.08772572007000001,0.042466207274999994
Pleiades,69847610026687104,10.402031,10.737002,9.900019,0.823838714881431,True,134.84134308,0.08772572007000001,0.042466207274999994
Pleiades,69854348831573504,15.038713,16.35539,13.906964,0.6984729562912408,False,134.84134308,0.08772572007000001,0.042466207274999994
Pleiades,69856272976786560,16.592688,18.488428,15.294246,0.7383029330534051,False,134.84134308,0.08772572007000001,0.042466207274999994
Pleiades,69857235049588736,11.425433,11.88413,10.797315,0.817616851956734,True,134.84134308,0.08772572007000001,0.042466207274999994
Pleiades,69858094042908928,15.161356,16.729242,13.904386,0.6637840122342942,False,134.84134308,0.08772572007000001,0.042466207274999994
Pleiades,69859124835119360,16.831028,18.674034,15.549652,0.7121001061534659,False,134.84134308,0.08772572007000001,0.042466207274999994
Pleiades,69859262274067584,15.265581,16.814035,14.050293,0.4383333855340283,False,134.84134308,0.08772572007000001,0.042466207274999994
Pleiades,69860293066219136,14.256176,15.339489,13.218296,0.8414944404992315,True,134.84134308,0.08772572007000001,0.042466207274999994
Pleiades,69863454162150656,14.92041,16.426243,13.726994,0.6984729562912408,False,134.84134308,0.08772572007000001,0.042466207274999994
Pleiades,69864313154046592,17.271841,17.348885,15.589509,0.5425390474042517,False,134.84134308,0.08772572007000001,0.042466207274999994
Pleiades,69864313155605120,11.010165,11.434752,10.41891,0.9230570544665828,True,134.84134308,0.08772572007000001,0.042466207274999994
Pleiades,69871219462957952,15.6527,17.154627,14.453748,0.8388439108511716,True,134.84134308,0.08772572007000001,0.042466207274999994
Pleiades,69872044096705664,8.016677,8.108076,7.830856,0.8375988662202642,True,134.84134308,0.08772572007000001,0.042466207274999994
Pleiades,69873418486230272,13.811097,14.734083,12.862077,0.3654179411155498,False,134.84134308,0.08772572007000001,0.042466207274999994
Pleiades,69876506565909632,12.238136,12.790103,11.430503,0.531868578638825,False,134.84134308,0.08772572007000001,0.042466207274999994
Pleiades,69876712724339456,11.434036,11.902182,10.793709,0.8410268676339387,True,134.84134308,0.08772572007000001,0.042466207274999994
Pleiades,69876923179646080,15.993855,17.759949,14.714858,0.6219483153403199,False,134.84134308,0.08772572007000001,0.042466207274999994
Pleiades,69877163697813248,13.915545,14.873429,12.946084,0.9954747198061968,True,134.84134308,0.08772572007000001,0.042466207274999994
Pleiades,69877434278985088,19.255594,21.678564,17.868412,0.2170632791956482,False,134.84134308,0.08772572007000001,0.042466207274999994
Pleiades,69877468638718720,18.05234,20.508715,16.654936,0.3888198106607544,False,134.84134308,0.08772572007000001,0.042466207274999994
Pleiades,69877988331531904,7.512999,7.567838,7.385068,0.2335324764619572,False,134.84134308,0.08772572007000001,0.042466207274999994
Pleiades,69878503727603072,14.705767,15.935193,13.608971,0.7122427818039673,False,134.84134308,0.08772572007000001,0.042466207274999994
Pleiades,69883417170175488,10.628875,11.070546,10.023461,0.973237705319118,True,134.84134308,0.08772572007000001,0.042466207274999994
Pleiades,69887432964003584,20.307032,21.381435,18.748098,0.207980433734474,False,134.84134308,0.08772572007000001,0.042466207274999994
Pleiades,69889876800977408,14.827288,16.074652,13.722268,0.816966146288332,True,134.84134308,0.08772572007000001,0.042466207274999994
Pleiades,69892385061858944,15.500117,17.13939,14.240768,0.5121216247564802,False,134.84134308,0.08772572007000001,0.042466207274999994
Pleiades,69894962042148096,17.730902,19.824356,16.39231,0.7739721134178554,False,134.84134308,0.08772572007000001,0.042466207274999994
Pleiades,69896473870624640,11.959438,12.492394,11.258353,0.8993042898628785,True,134.84134308,0.08772572007000001,0.042466207274999994
Pleiades,69898294936767488,17.410069,19.32461,16.10699,0.7205577942303437,False,134.84134308,0.08772572007000001,0.042466207274999994
Pleiades,69898810332838400,13.756668,14.635596,12.831278,0.5731357855939636,False,134.84134308,0.08772572007000001,0.042466207274999994
Pleiades,69904101732529408,11.151539,11.597602,10.534244,0.6723837126288655,False,134.84134308,0.08772572007000001,0.042466207274999994
Pleiades,69904410970171392,15.347046,16.773926,14.175384,0.7257991427700213,False,134.84134308,0.08772572007000001,0.042466207274999994
Pleiades,69904617128601984,15.61384,17.089005,14.424485,0.641036212919019,False,134.84134308,0.08772572007000001,0.042466207274999994
Pleiades,69906472554465792,15.019618,16.341759,13.884453,0.6790884386917865,False,134.84134308,0.08772572007000001,0.042466207274999994
Pleiades,69906571336964608,12.185305,12.743325,11.477435,0.8602512453669561,True,134.84134308,0.08772572007000001,0.042466207274999994
Pleiades,69906713072633856,16.485218,18.16071,15.242576,0.7735102856268506,False,134.84134308,0.08772572007000001,0.042466207274999994
Pleiades,69908156181656576,17.10669,19.013865,15.790594,0.3766505875029267,False,134.84134308,0.08772572007000001,0.042466207274999994
Pleiades,69911282917833216,15.779932,17.34687,14.565957,0.854229149254707,True,134.84134308,0.08772572007000001,0.042466207274999994
Pleiades,69911867033651200,17.140594,18.987534,15.869808,0.8551720569641112,True,134.84134308,0.08772572007000001,0.042466207274999994
Pleiades,69912309413652864,17.451437,19.800999,16.06755,0.7656312220712101,False,134.84134308,0.08772572007000001,0.042466207274999994
Pleiades,69916127639488256,19.326239,20.70517,17.915394,0.2890017241773854,False,134.84134308,0.08772572007000001,0.042466207274999994
Pleiades,69917635172718720,11.862408,12.373336,11.193335,0.7222265370500422,False,134.84134308,0.08772572007000001,0.042466207274999994
Pleiades,69918086146123520,15.064909,16.384289,13.932248,0.7647282821506812,False,134.84134308,0.08772572007000001,0.042466207274999994
Pleiades,69918979499309952,16.726799,18.471159,15.462037,0.7653594223472491,False,134.84134308,0.08772572007000001,0.042466207274999994
Pleiades,69922243674432896,9.988429,10.289189,9.519279,0.2215868819783437,False,134.84134308,0.08772572007000001,0.042466207274999994
Pleiades,69927260196225024,14.310601,15.519986,13.218314,0.3540230516435103,False,134.84134308,0.08772572007000001,0.042466207274999994
Pleiades,69930283851373184,16.021551,17.504892,14.431351,0.3477167196925385,False,134.84134308,0.08772572007000001,0.042466207274999994
Pleiades,69930764889482752,17.323833,19.41236,15.954043,0.6968749902167904,False,134.84134308,0.08772572007000001,0.042466207274999994
Pleiades,69932276717968512,14.340455,15.43668,13.298849,0.6015448664643587,False,134.84134308,0.08772572007000001,0.042466207274999994
Pleiades,69933852969722240,19.056427,21.055378,17.594925,0.3119342204198058,False,134.84134308,0.08772572007000001,0.042466207274999994
Pleiades,69934334006064768,16.46216,18.23241,15.191135,0.7458861423742957,False,134.84134308,0.08772572007000001,0.042466207274999994
Pleiades,69935162935991168,12.610382,13.278322,11.815076,0.7024651611623577,False,134.84134308,0.08772572007000001,0.042466207274999994
Pleiades,69935678330276992,18.787388,21.202868,17.27511,0.3032283301952582,False,134.84134308,0.08772572007000001,0.042466207274999994
Pleiades,69942515919994368,16.459324,18.192596,15.194916,0.7416976152648392,False,134.84134308,0.08772572007000001,0.042466207274999994
Pleiades,69945814454871680,11.437774,11.892746,10.796518,0.6694836511816971,False,134.84134308,0.08772572007000001,0.042466207274999994
Pleiades,69947635521777152,16.461193,18.23539,15.190599,0.7297068507239863,False,134.84134308,0.08772572007000001,0.042466207274999994
Pleiades,69948253997063424,8.26957,8.384363,8.040771,0.6827013780864567,False,134.84134308,0.08772572007000001,0.042466207274999994
Pleiades,69951449452730752,16.65519,18.663876,15.329207,0.7278567306964501,False,134.84134308,0.08772572007000001,0.042466207274999994
Pleiades,69954713627862528,13.986233,14.966399,13.003712,0.3837671208301761,False,134.84134308,0.08772572007000001,0.042466207274999994
Pleiades,69962719446879232,15.570668,17.08781,14.370494,0.603080024672404,False,134.84134308,0.08772572007000001,0.042466207274999994
Pleiades,69964879813013248,9.696473,9.988295,9.23546,0.7777650484662926,False,134.84134308,0.08772572007000001,0.042466207274999994
Pleiades,69968113925681408,16.606457,18.404358,15.329647,0.605206578604452,False,134.84134308,0.08772572007000001,0.042466207274999994
Pleiades,69974504837007232,16.268084,17.919313,15.032873,0.627838966427751,False,134.84134308,0.08772572007000001,0.042466207274999994
Pleiades,69977597213945984,18.60169,20.704824,17.173481,0.4140989716867929,False,134.84134308,0.08772572007000001,0.042466207274999994
Pleiades,69983369649631872,15.634993,17.308414,14.390305,0.6581607744047903,False,134.84134308,0.08772572007000001,0.042466207274999994
Pleiades,69985499953396480,16.536205,18.25759,15.274624,0.4332734486236354,False,134.84134308,0.08772572007000001,0.042466207274999994
Pleiades,69985637392346496,16.544926,18.221704,15.296162,0.7537108857001502,False,134.84134308,0.08772572007000001,0.042466207274999994
Pleiades,69988489250631680,13.315139,14.14078,12.421041,0.548144629105843,False,134.84134308,0.08772572007000001,0.042466207274999994
Pleiades,69990001079112320,17.706488,19.731886,16.357876,0.1999390382023494,False,134.84134308,0.08772572007000001,0.042466207274999994
Pleiades,69990241597280640,15.00792,16.355785,13.861417,0.7018834800792295,False,134.84134308,0.08772572007000001,0.042466207274999994
Pleiades,69992371901046400,17.203047,19.075125,15.901605,0.4842684715472999,False,134.84134308,0.08772572007000001,0.042466207274999994
Pleiades,69996976105980800,16.722004,18.528404,15.437561,0.6512118025192739,False,134.84134308,0.08772572007000001,0.042466207274999994
Pleiades,70010303387697024,17.751265,19.92374,16.391684,0.5239506270629327,False,134.84134308,0.08772572007000001,0.042466207274999994
Pleiades,70012128750557312,15.640018,17.033714,14.47471,0.1880326477277829,False,134.84134308,0.08772572007000001,0.042466207274999994
Pleiades,70019378655328768,15.82318,17.355955,14.620584,0.6715759038809728,False,134.84134308,0.08772572007000001,0.042466207274999994
Pleiades,70024154658949120,8.645617,8.819336,8.328406,0.3033049774022233,False,134.84134308,0.08772572007000001,0.042466207274999994
Pleiades,70024356520465664,17.476831,18.828676,15.515961,0.6078104162698194,False,134.84134308,0.08772572007000001,0.042466207274999994
Pleiades,70026899141106304,18.017368,20.000101,16.65355,0.3097141375148825,False,134.84134308,0.08772572007000001,0.042466207274999994
Pleiades,70028170451469312,14.385638,15.504047,13.333762,0.5962602530232505,False,134.84134308,0.08772572007000001,0.042466207274999994
Pleiades,70035351636365824,14.520498,15.650686,13.344301,0.567822320485311,False,134.84134308,0.08772572007000001,0.042466207274999994
Pleiades,70036695963457792,16.64712,18.404922,15.376298,0.4942556318918467,False,134.84134308,0.08772572007000001,0.042466207274999994
Pleiades,70037795475083008,15.976979,17.80753,14.691559,0.5962602530232505,False,134.84134308,0.08772572007000001,0.042466207274999994
Pleiades,70042743277270016,16.206894,17.871216,14.96501,0.5848446657072096,False,134.84134308,0.08772572007000001,0.042466207274999994
Pleiades,70043155594129536,15.932243,17.582684,14.691605,0.1783521635014322,False,134.84134308,0.08772572007000001,0.042466207274999994
Pleiades,70044456967585280,17.3328,19.229149,16.040962,0.5816277035639728,False,134.84134308,0.08772572007000001,0.042466207274999994
Pleiades,70044628765739776,14.088978,15.089968,13.097936,0.7032969488971683,False,134.84134308,0.08772572007000001,0.042466207274999994
Pleiades,70049477786093056,11.516263,12.07956,10.807908,0.7526465363995172,False,134.84134308,0.08772572007000001,0.042466207274999994
Pleiades,70060610341280128,16.817139,18.58706,15.541569,0.5257360670009881,False,134.84134308,0.08772572007000001,0.042466207274999994
Pleiades,70072773688658432,15.803625,17.322138,14.594683,0.6099388748348932,False,134.84134308,0.08772572007000001,0.042466207274999994
Pleiades,70077270518065920,16.477106,18.169495,15.22555,0.6296097290989668,False,134.84134308,0.08772572007000001,0.042466207274999994
Pleiades,70085929172184704,14.967357,16.04788,13.592311,0.4227547408616755,False,134.84134308,0.08772572007000001,0.042466207274999994
Pleiades,70087612798384384,18.060589,20.514338,16.632174,0.4268450212577157,False,134.84134308,0.08772572007000001,0.042466207274999994
Pleiades,70088819686490496,16.582438,18.440619,15.272038,0.7601095885541141,False,134.84134308,0.08772572007000001,0.042466207274999994
Pleiades,70091259227969920,17.84341,19.954927,16.52448,0.7601095885541141,False,134.84134308,0.08772572007000001,0.042466207274999994
Pleiades,70096791144155008,18.32072,20.663603,16.902536,0.2750456779790759,False,134.84134308,0.08772572007000001,0.042466207274999994
Pleiades,70097581419826944,15.527512,16.979176,14.344953,0.8789091106984037,True,134.84134308,0.08772572007000001,0.042466207274999994
Pleiades,70098612211973248,16.097664,17.75232,14.855719,0.92404482542776,True,134.84134308,0.08772572007000001,0.042466207274999994
Pleiades,70108473456817280,9.931939,10.236442,9.456241,0.2662077768791233,False,134.84134308,0.08772572007000001,0.042466207274999994
Pleiades,70110363240973568,19.922623,21.36298,18.427696,0.4830930767747592,False,134.84134308,0.08772572007000001,0.042466207274999994
Pleiades,70114039734416128,14.559706,15.952679,13.390611,0.6840142843334786,False,134.84134308,0.08772572007000001,0.042466207274999994
Pleiades,70118197262752768,15.557904,17.011028,14.379108,0.5910589905811962,False,134.84134308,0.08772572007000001,0.042466207274999994
Pleiades,70121805035254144,12.406143,13.022924,11.657304,0.7090506612205468,False,134.84134308,0.08772572007000001,0.042466207274999994
Pleiades,70123003329050880,17.220388,19.022488,15.906257,0.5365545248248412,False,134.84134308,0.08772572007000001,0.042466207274999994
Pleiades,70125000491024128,11.733715,12.225448,11.079909,0.5960213045495255,False,134.84134308,0.08772572007000001,0.042466207274999994
Pleiades,70127955428529536,16.52787,18.299717,15.255199,0.7863378779799906,False,134.84134308,0.08772572007000001,0.042466207274999994
Pleiades,70129050643128832,15.788612,17.339298,14.571174,0.6188712809982674,False,134.84134308,0.08772572007000001,0.042466207274999994
Pleiades,70129913933603328,17.34499,19.311802,16.045652,0.5251779212421434,False,134.84134308,0.08772572007000001,0.042466207274999994
Pleiades,70132658415356672,12.512795,13.162354,11.725962,0.4410981161188058,False,134.84134308,0.08772572007000001,0.042466207274999994
Pleiades,70138499571946752,17.489765,19.439495,16.211777,0.263238921227119,False,134.84134308,0.08772572007000001,0.042466207274999994
Pleiades,70138881823528832,14.918668,15.971828,13.430862,0.4538162284625011,False,134.84134308,0.08772572007000001,0.042466207274999994
Pleiades,70143314231433600,17.26757,19.151674,16.00154,0.3307324608560079,False,134.84134308,0.08772572007000001,0.042466207274999994
Pleiades,70146853284493312,16.597889,17.751413,14.697469,0.6168621846639024,False,134.84134308,0.08772572007000001,0.042466207274999994
Pleiades,70148841853153792,19.140116,21.260712,17.660028,0.1765401253562961,False,134.84134308,0.08772572007000001,0.042466207274999994
Pleiades,70150357977789056,15.682308,17.204485,14.481427,0.7413077171564687,False,134.84134308,0.08772572007000001,0.042466207274999994
Pleiades,70152144684310144,15.8355,17.398407,14.617805,0.6727699403902916,False,134.84134308,0.08772572007000001,0.042466207274999994
Pleiades,70153484713977472,16.255726,17.938046,15.013962,0.7507623337503943,False,134.84134308,0.08772572007000001,0.042466207274999994
Pleiades,70158977974956672,12.313311,12.895205,11.586379,0.7882070936574261,False,134.84134308,0.08772572007000001,0.042466207274999994
Pleiades,70160287942261376,16.040766,17.695215,14.802626,0.5378241198927465,False,134.84134308,0.08772572007000001,0.042466207274999994
Pleiades,70165476262750976,16.019033,17.62436,14.792358,0.7540089804122424,False,134.84134308,0.08772572007000001,0.042466207274999994
Pleiades,70169251536714624,12.449474,13.063317,11.700975,0.7344500463597505,False,134.84134308,0.08772572007000001,0.042466207274999994
Pleiades,70175474946486784,17.180622,18.992939,15.896719,0.4950864421466757,False,134.84134308,0.08772572007000001,0.042466207274999994
Pleiades,70176265220466048,17.977596,19.950176,16.64254,0.6083628995517407,False,134.84134308,0.08772572007000001,0.042466207274999994
Pleiades,70180216590377600,17.592936,19.655966,16.2685,0.6095878225753752,False,134.84134308,0.08772572007000001,0.042466207274999994
Pleiades,70189837317110016,16.743217,18.519104,15.480249,0.6199427075075842,False,134.84134308,0.08772572007000001,0.042466207274999994
Pleiades,70190249631846272,10.966018,11.33285,10.425301,0.3981160543604969,False,134.84134308,0.08772572007000001,0.042466207274999994
Pleiades,70194029205283840,17.000456,18.723341,15.568078,0.2039374328218159,False,134.84134308,0.08772572007000001,0.042466207274999994
Pleiades,70200935512668800,15.668273,17.172287,14.480289,0.5962654701351336,False,134.84134308,0.08772572007000001,0.042466207274999994
Pleiades,70201725786644608,16.80722,18.606426,15.538092,0.4986734400520049,False,134.84134308,0.08772572007000001,0.042466207274999994
Pleiades,70215705904150272,17.529934,19.439268,16.223965,0.5440900419224323,False,134.84134308,0.08772572007000001,0.042466207274999994
Pleiades,70224643732103680,16.68356,18.45565,15.406732,0.5571983312167986,False,134.84134308,0.08772572007000001,0.042466207274999994
Pleiades,70230652389756928,18.211119,20.404118,16.82049,0.7701128937829155,False,134.84134308,0.08772572007000001,0.042466207274999994
Pleiades,70234882933734400,12.130169,12.696342,11.417966,0.508594060806715,False,134.84134308,0.08772572007000001,0.042466207274999994
Pleiades,70241033326866944,17.55147,19.65931,16.16714,0.5993750819830292,False,134.84134308,0.08772572007000001,0.042466207274999994
Pleiades,70242785673539712,11.22545,11.647716,10.638309,0.6571010313501425,False,134.84134308,0.08772572007000001,0.042466207274999994
Pleiades,70248180152474368,15.680851,17.244375,14.431259,0.7084548145205517,False,134.84134308,0.08772572007000001,0.042466207274999994
Pleiades,70252681278085376,10.86981,11.24702,10.32441,0.6779799585936862,False,134.84134308,0.08772572007000001,0.042466207274999994
Pleiades,70271854012150912,16.846046,18.656174,15.556267,0.5270580569058938,False,134.84134308,0.08772572007000001,0.042466207274999994
Pleiades,70274190474468864,16.338064,18.019451,15.083654,0.653547483188081,False,134.84134308,0.08772572007000001,0.042466207274999994
Pleiades,70286319462343808,11.747271,12.222333,11.110926,0.6305992041380684,False,134.84134308,0.08772572007000001,0.042466207274999994
Pleiades,70305865857368064,18.74802,20.59232,17.363585,0.4111691246291485,False,134.84134308,0.08772572007000001,0.042466207274999994
Pleiades,70306106375800064,19.718779,21.549152,18.256165,0.6291544718680011,False,134.84134308,0.08772572007000001,0.042466207274999994
Pleiades,70310027681371648,13.87592,14.75958,12.942434,0.3131873583299422,False,134.84134308,0.08772572007000001,0.042466207274999994
Pleiades,70313016978627584,13.390502,14.186887,12.515962,0.544740414491472,False,134.84134308,0.08772572007000001,0.042466207274999994
Pleiades,70334384440377472,16.74325,18.510948,15.463856,0.6094987852474019,False,134.84134308,0.08772572007000001,0.042466207274999994
Pleiades,70347033119553408,8.549268,8.670103,8.313556,0.3094538138776721,False,134.84134308,0.08772572007000001,0.042466207274999994
Pleiades,70356580830628864,17.315113,19.266893,16.001133,0.5279745667685956,False,134.84134308,0.08772572007000001,0.042466207274999994
Pleiades,70376097161725952,18.272564,20.50605,16.887493,0.6772921826951265,False,134.84134308,0.08772572007000001,0.042466207274999994
Pleiades,70377510209693568,18.511187,20.608799,17.111012,0.311572527311976,False,134.84134308,0.08772572007000001,0.042466207274999994
Pleiades,70387057918968064,18.578836,20.74159,17.164362,0.6345132988283134,False,134.84134308,0.08772572007000001,0.042466207274999994
Pleiades,70403589251055232,16.577065,18.146162,15.191341,0.5841919374725907,False,134.84134308,0.08772572007000001,0.042466207274999994
Pleiades,70404894921335936,15.24355,16.83844,14.014311,0.4737260516422962,False,134.84134308,0.08772572007000001,0.042466207274999994
Pleiades,70426507196531456,13.456802,14.265801,12.572135,0.4758027738060097,False,134.84134308,0.08772572007000001,0.042466207274999994
Pleiades,70426782074435584,17.665558,19.591267,16.332497,0.4231116075313935,False,134.84134308,0.08772572007000001,0.042466207274999994
Pleiades,70433241705178240,17.11057,18.988686,15.808114,0.450968581966691,False,134.84134308,0.08772572007000001,0.042466207274999994
Pleiades,70453303494018432,18.28616,20.35061,16.895071,0.4972165899115392,False,134.84134308,0.08772572007000001,0.042466207274999994
Pleiades,70457671479120000,16.297382,17.962172,15.044213,0.4997590193854169,False,134.84134308,0.08772572007000001,0.042466207274999994
Pleiades,70457877637565824,16.525291,18.279528,15.256958,0.4818248729234643,False,134.84134308,0.08772572007000001,0.042466207274999994
Pleiades,70459836143275392,14.615964,15.565535,13.142343,0.247942529788345,False,134.84134308,0.08772572007000001,0.042466207274999994
Pleiades,70461554129560448,13.178868,13.949187,12.313316,0.5299113795382016,False,134.84134308,0.08772572007000001,0.042466207274999994
Pleiades,70462688000922880,11.462444,11.919838,10.843832,0.5453875642835757,False,134.84134308,0.08772572007000001,0.042466207274999994
Pleiades,70462928519077632,18.75198,20.674444,17.329546,0.2735323939344113,False,134.84134308,0.08772572007000001,0.042466207274999994
Pleiades,70472304429797248,19.364632,20.860342,17.899733,0.6018715131937447,False,134.84134308,0.08772572007000001,0.042466207274999994
Pleiades,70472789763930496,17.907574,19.938946,16.56267,0.3435195752507708,False,134.84134308,0.08772572007000001,0.042466207274999994
Pleiades,70493268167993984,16.096619,17.713236,14.864273,0.5486683208908887,False,134.84134308,0.08772572007000001,0.042466207274999994
Pleiades,70495707709395584,16.917927,18.702915,15.639234,0.5196185384100201,False,134.84134308,0.08772572007000001,0.042466207274999994
Pleiades,70506874624338176,11.134379,11.559371,10.543562,0.3361188316510718,False,134.84134308,0.08772572007000001,0.042466207274999994
Pleiades,70545318874491776,18.824797,20.741165,17.393414,0.1811145260349657,False,134.84134308,0.08772572007000001,0.042466207274999994
Pleiades,70740482188431872,20.302423,21.433792,18.814627,0.4679284175146716,False,134.84134308,0.08772572007000001,0.042466207274999994
Pleiades,70761063671155072,18.859985,21.021471,17.420012,0.3701197139205786,False,134.84134308,0.08772572007000001,0.042466207274999994
Pleiades,70768554094282368,17.80625,19.78697,16.454395,0.2959260001174464,False,134.84134308,0.08772572007000001,0.042466207274999994
Pleiades,70794396915576448,18.141165,20.096697,16.748142,0.2808345630982041,False,134.84134308,0.08772572007000001,0.042466207274999994
Pleiades,70847512772943488,17.718212,19.74596,16.393206,0.3168478253779023,False,134.84134308,0.08772572007000001,0.042466207274999994
Pleiades,70934649068656896,17.638304,19.71205,16.286818,0.4444460712978922,False,134.84134308,0.08772572007000001,0.042466207274999994
Pleiades,70938810893886208,16.576252,18.257729,15.333886,0.4421114373611429,False,134.84134308,0.08772572007000001,0.042466207274999994
Pleiades,70941383577307392,11.022619,11.434927,10.440462,0.4947556395105248,False,134.84134308,0.08772572007000001,0.042466207274999994
Pleiades,70946644914222464,17.385056,19.100239,16.092201,0.2449231629133333,False,134.84134308,0.08772572007000001,0.042466207274999994
Pleiades,70948534699826816,16.685457,18.449652,15.421692,0.5160920531125833,False,134.84134308,0.08772572007000001,0.042466207274999994
Pleiades,70954307135798912,16.098974,17.784277,14.855609,0.4259623246710294,False,134.84134308,0.08772572007000001,0.042466207274999994
Pleiades,71020067378507776,18.221056,20.342894,16.84526,0.245596191749241,False,134.84134308,0.08772572007000001,0.042466207274999994
Pleiades,71021927100882560,14.186597,15.280375,13.142597,0.6027822394449295,False,134.84134308,0.08772572007000001,0.042466207274999994
Pleiades,71027798319922432,18.446878,20.34564,17.07096,0.250915533410643,False,134.84134308,0.08772572007000001,0.042466207274999994
Pleiades,71036250816160128,19.897753,21.25336,18.387125,0.2817066039619962,False,134.84134308,0.08772572007000001,0.042466207274999994
Pleiades,71036358190950528,16.516937,18.266525,15.247957,0.4612329961788986,False,134.84134308,0.08772572007000001,0.042466207274999994
Pleiades,71042439864623104,13.478973,14.311723,12.58259,0.5460675214099793,False,134.84134308,0.08772572007000001,0.042466207274999994
Pleiades,71042641727187968,17.542894,19.491276,16.198095,0.4862515953429538,False,134.84134308,0.08772572007000001,0.042466207274999994
Pleiades,71056252479453056,16.93793,18.805096,15.645228,0.3966780778748579,False,134.84134308,0.08772572007000001,0.042466207274999994
Pleiades,71059138697443200,16.011057,17.594673,14.791262,0.2128246613668282,False,134.84134308,0.08772572007000001,0.042466207274999994
Pleiades,71078483230315520,15.581441,17.024462,14.404604,0.4453582417702846,False,134.84134308,0.08772572007000001,0.042466207274999994
Pleiades,71079441007018880,16.544268,18.441143,15.227144,0.5421224900347253,False,134.84134308,0.08772572007000001,0.042466207274999994
Pleiades,71100404743364992,16.844255,18.596922,15.583213,0.5627289239294615,False,134.84134308,0.08772572007000001,0.042466207274999994
Pleiades,71103428400426368,16.893152,18.745127,15.606235,0.5416459557758674,False,134.84134308,0.08772572007000001,0.042466207274999994
Pleiades,71108440625265280,17.830961,19.914368,16.463943,0.5627289239294615,False,134.84134308,0.08772572007000001,0.042466207274999994
Pleiades,71151841271691904,17.398544,19.449278,16.016985,0.4969319766343928,False,134.84134308,0.08772572007000001,0.042466207274999994
Pleiades,71161771235981312,15.792248,17.337326,14.587102,0.4487853108257968,False,134.84134308,0.08772572007000001,0.042466207274999994
Pleiades,71185342016542592,17.563005,19.429865,16.252045,0.1956722251711254,False,134.84134308,0.08772572007000001,0.042466207274999994
Pleiades,71202831123254272,14.819542,16.198946,13.666117,0.4828849934114509,False,134.84134308,0.08772572007000001,0.042466207274999994
Pleiades,71205133225715328,18.04121,19.819777,16.676445,0.2448007899875661,False,134.84134308,0.08772572007000001,0.042466207274999994
Pleiades,71207710206088192,15.927162,17.537584,14.678687,0.4319302475817418,False,134.84134308,0.08772572007000001,0.042466207274999994
Pleiades,71216093982249984,16.33459,18.170502,15.038034,0.5440900419224323,False,134.84134308,0.08772572007000001,0.042466207274999994
Pleiades,71262410909499264,15.120753,16.50484,13.963917,0.3926970215483519,False,134.84134308,0.08772572007000001,0.042466207274999994
Pleiades,71292986780551424,18.659435,21.027044,17.1918,0.3573060719805584,False,134.84134308,0.08772572007000001,0.042466207274999994
Pleiades,71296667568555904,9.215451,9.509952,8.750848,0.4490829644199443,False,134.84134308,0.08772572007000001,0.042466207274999994
Pleiades,71309655549854080,15.560348,17.110104,14.352819,0.4869839231953936,False,134.84134308,0.08772572007000001,0.042466207274999994
Pleiades,71321853256875264,17.429731,19.225739,16.119827,0.2413683935423704,False,134.84134308,0.08772572007000001,0.042466207274999994
Pleiades,71351883668034048,13.412615,14.233804,12.523065,0.5078524498940497,False,134.84134308,0.08772572007000001,0.042466207274999994
Pleiades,71359782111917696,18.260307,20.37872,16.868776,0.2842858053567342,False,134.84134308,0.08772572007000001,0.042466207274999994
Pleiades,71371262561007232,9.50426,9.754754,9.089918,0.4400254780206355,False,134.84134308,0.08772572007000001,0.042466207274999994
Pleiades,71377000637253504,13.340695,14.153747,12.429626,0.3188725056989031,False,134.84134308,0.08772572007000001,0.042466207274999994
Pleiades,71382906216030464,18.085613,20.429813,16.670687,0.3262406057812431,False,134.84134308,0.08772572007000001,0.042466207274999994
Pleiades,71404385348752768,13.804359,14.908464,12.760579,0.505578537605424,False,134.84134308,0.08772572007000001,0.042466207274999994
Pleiades,71409985986006016,15.456091,16.916193,14.271986,0.452994700599848,False,134.84134308,0.08772572007000001,0.042466207274999994
Pleiades,71452282823829632,12.913839,13.608438,12.110759,0.4058862975515993,False,134.84134308,0.08772572007000001,0.042466207274999994
Pleiades,71468294461982592,17.66939,19.560278,16.311163,0.3786386889202039,False,134.84134308,0.08772572007000001,0.042466207274999994
Pleiades,71521586416304768,17.237123,18.957129,15.939836,0.1770877977479506,False,134.84134308,0.08772572007000001,0.042466207274999994
Pleiades,71662049027684096,17.410923,19.238892,16.121813,0.2336301802713071,False,134.84134308,0.08772572007000001,0.042466207274999994
Pleiades,71693556907673088,13.810037,14.833446,12.799168,0.2352907625420973,False,134.84134308,0.08772572007000001,0.042466207274999994
Pleiades,71723862196809856,17.345512,19.329128,16.009106,0.396572051935539,False,134.84134308,0.08772572007000001,0.042466207274999994
Pleiades,71729531553625984,7.395125,7.44447,7.278972,0.2523752072933495,False,134.84134308,0.08772572007000001,0.042466207274999994
Pleiades,71865145143973120,19.656054,21.47821,18.130753,0.2079380580385419,False,134.84134308,0.08772572007000001,0.042466207274999994
Pleiades,71873842454589568,14.348489,15.39151,13.331574,0.3510312434651338,False,134.84134308,0.08772572007000001,0.042466207274999994
Pleiades,71917685480203136,16.71431,18.460209,15.452663,0.3751681170220922,False,134.84134308,0.08772572007000001,0.042466207274999994
Pleiades,72023341675567360,13.568679,14.451489,12.642019,0.2791840644133705,False,134.84134308,0.08772572007000001,0.042466207274999994
Messier 67,598480504169934336,17.76127,18.690548,16.808582,0.1513801398929852,False,837.26777331,0.0872870850252,0.042253873118999995
Messier 67,598546371788334080,14.36919,14.698338,13.876607,0.1531172773883868,False,837.26777331,0.0872870850252,0.042253873118999995
Messier 67,598591692283221248,13.794353,14.096643,13.332134,0.1807763931070987,False,837.26777331,0.0872870850252,0.042253873118999995
Messier 67,598592997953383424,13.623537,13.923217,13.164776,0.1630430846845287,False,837.26777331,0.0872870850252,0.042253873118999995
Messier 67,598605053926119168,20.058474,21.03824,18.94587,0.163087929667478,False,837.26777331,0.0872870850252,0.042253873118999995
Messier 67,598606707488971648,17.469778,18.361938,16.55052,0.1630430846845287,False,837.26777331,0.0872870850252,0.042253873118999995
Messier 67,598609181389521792,18.188822,19.256737,17.163055,0.2013281119790163,False,837.26777331,0.0872870850252,0.042253873118999995
Messier 67,598616706172696320,18.956327,20.154642,17.8292,0.2336630260454256,False,837.26777331,0.0872870850252,0.042253873118999995
Messier 67,598619935988243840,15.630439,16.1206,14.987263,0.2097906450295789,False,837.26777331,0.0872870850252,0.042253873118999995
Messier 67,598621443521529216,16.0558,16.626217,15.351566,0.2283201938404041,False,837.26777331,0.0872870850252,0.042253873118999995
Messier 67,598623990437231872,15.091007,15.483768,14.530847,0.2176876513903451,False,837.26777331,0.0872870850252,0.042253873118999995
Messier 67,598624402754072576,18.824274,20.065222,17.736502,0.1715758888552819,False,837.26777331,0.0872870850252,0.042253873118999995
Messier 67,598631201686850176,16.673532,17.361855,15.882816,0.1643016033180975,False,837.26777331,0.0872870850252,0.042253873118999995
Messier 67,598640616255440896,19.019041,20.313885,17.9149,0.1715314256434877,False,837.26777331,0.0872870850252,0.042253873118999995
Messier 67,598644224028050432,18.5842,19.71576,17.546234,0.1734075912018255,False,837.26777331,0.0872870850252,0.042253873118999995
Messier 67,598646354331509760,15.457058,15.91813,14.836599,0.1646595294280182,False,837.26777331,0.0872870850252,0.042253873118999995
Messier 67,598648141038150528,19.180874,20.446943,18.020664,0.1683254049903569,False,837.26777331,0.0872870850252,0.042253873118999995
Messier 67,598652298566543744,15.398194,15.846279,14.785452,0.1984470882214021,False,837.26777331,0.0872870850252,0.042253873118999995
Messier 67,598655567036876928,19.93065,19.899181,20.289341,0.1805272662127425,False,837.26777331,0.0872870850252,0.042253873118999995
Messier 67,598658242801192192,14.346755,14.689362,13.840156,0.2130611040748976,False,837.26777331,0.0872870850252,0.042253873118999995
Messier 67,598663568560943232,20.229086,21.392168,19.045778,0.156254708543842,False,837.26777331,0.0872870850252,0.042253873118999995
Messier 67,598666115476482688,17.128347,18.02432,16.175611,0.180738843998961,False,837.26777331,0.0872870850252,0.042253873118999995
Messier 67,598668039621875712,19.656511,20.795319,18.5223,0.1580034467802656,False,837.26777331,0.0872870850252,0.042253873118999995
Messier 67,598670852825375488,18.175215,18.841406,17.392271,0.1537044603321063,False,837.26777331,0.0872870850252,0.042253873118999995
Messier 67,598671230782456192,18.091515,19.083681,17.099657,0.2624383843462896,False,837.26777331,0.0872870850252,0.042253873118999995
Messier 67,598673365381245312,15.973465,16.521603,15.275143,0.3154843062351257,False,837.26777331,0.0872870850252,0.042253873118999995
Messier 67,598674220084691200,20.0731,21.147251,18.863728,0.1734075912018255,False,837.26777331,0.0872870850252,0.042253873118999995
Messier 67,598674391878434560,16.197899,16.783785,15.471873,0.2936970462220296,False,837.26777331,0.0872870850252,0.042253873118999995
Messier 67,598676629556416512,12.186009,12.680945,11.535552,0.3674516327820066,False,837.26777331,0.0872870850252,0.042253873118999995
Messier 67,598677316751180800,14.734076,15.115977,14.181088,0.1962336236548214,False,837.26777331,0.0872870850252,0.042253873118999995
Messier 67,598677690413331328,17.997013,19.04646,16.981464,0.161463239870511,False,837.26777331,0.0872870850252,0.042253873118999995
Messier 67,598678141384872704,14.205034,14.524758,13.718232,0.3882213057696287,False,837.26777331,0.0872870850252,0.042253873118999995
Messier 67,598678656780963584,19.321724,20.59225,18.180435,0.2821924468380894,False,837.26777331,0.0872870850252,0.042253873118999995
Messier 67,598679618853623936,19.91049,20.916298,18.835331,0.1839546902805126,False,837.26777331,0.0872870850252,0.042253873118999995
Messier 67,598683157906737408,19.516375,20.67929,18.466354,0.256188661404766,False,837.26777331,0.0872870850252,0.042253873118999995
Messier 67,598686658305046400,18.740095,20.21306,17.5773,0.3196429189482138,False,837.26777331,0.0872870850252,0.042253873118999995
Messier 67,598686662600062720,20.19471,21.577753,19.040272,0.2156533213686875,False,837.26777331,0.0872870850252,0.042253873118999995
Messier 67,598687865190906496,14.015148,14.324351,13.543888,0.3550126149685346,False,837.26777331,0.0872870850252,0.042253873118999995
Messier 67,598687968270108160,16.404036,17.028418,15.619731,0.1543779093041954,False,837.26777331,0.0872870850252,0.042253873118999995
Messier 67,598688002629853440,17.501936,18.419828,16.556349,0.4090216689702981,False,837.26777331,0.0872870850252,0.042253873118999995
Messier 67,598688243148019456,16.28608,16.877487,15.534769,0.4695818474392096,False,837.26777331,0.0872870850252,0.042253873118999995
Messier 67,598688449306444160,17.292961,18.174862,16.370413,0.4803480495456667,False,837.26777331,0.0872870850252,0.042253873118999995
Messier 67,598688788609009664,19.575499,20.65613,18.472677,0.2114813083969329,False,837.26777331,0.0872870850252,0.042253873118999995
Messier 67,598689411379091328,13.480872,13.772065,13.028606,0.3981922506586509,False,837.26777331,0.0872870850252,0.042253873118999995
Messier 67,598689480098560128,16.15988,16.72882,15.447182,0.3086970096710654,False,837.26777331,0.0872870850252,0.042253873118999995
Messier 67,598689754976482944,12.741864,13.025335,12.302259,0.4090216689702981,False,837.26777331,0.0872870850252,0.042253873118999995
Messier 67,598689926775182208,15.425825,15.875978,14.810205,0.429930907182444,False,837.26777331,0.0872870850252,0.042253873118999995
Messier 67,598690025559424640,16.588043,17.273571,15.790395,0.2324550218931508,False,837.26777331,0.0872870850252,0.042253873118999995
Messier 67,598690029854388864,19.530523,20.620996,18.446894,0.1863274788754231,False,837.26777331,0.0872870850252,0.042253873118999995
Messier 67,598690231718041728,20.224438,21.082853,19.000452,0.1601937607022853,False,837.26777331,0.0872870850252,0.042253873118999995
Messier 67,598691610402318208,18.13665,19.207338,17.146748,0.3160003304664839,False,837.26777331,0.0872870850252,0.042253873118999995
Messier 67,598691885280238464,15.100947,15.507179,14.533425,0.4177934122356443,False,837.26777331,0.0872870850252,0.042253873118999995
Messier 67,598692675554477056,14.418488,14.759158,13.910968,0.4806673795544645,False,837.26777331,0.0872870850252,0.042253873118999995
Messier 67,598693225310071040,18.072803,19.134327,17.086239,0.218232230424156,False,837.26777331,0.0872870850252,0.042253873118999995
Messier 67,598693976929340800,18.302986,19.452457,17.276419,0.2279121577838161,False,837.26777331,0.0872870850252,0.042253873118999995
Messier 67,598694153022998144,14.549197,14.982893,13.952123,0.512662944641784,False,837.26777331,0.0872870850252,0.042253873118999995
Messier 67,598694835922812800,18.882645,20.161524,17.792099,0.448168861347626,False,837.26777331,0.0872870850252,0.042253873118999995
Messier 67,598694939001774976,13.909688,14.217859,13.443076,0.5310840658304881,False,837.26777331,0.0872870850252,0.042253873118999995
Messier 67,598695007721506432,17.255587,18.084774,16.354883,0.5264402995597203,False,837.26777331,0.0872870850252,0.042253873118999995
Messier 67,598695424333303168,18.9295,20.18568,17.813692,0.2114916386096689,False,837.26777331,0.0872870850252,0.042253873118999995
Messier 67,598695763635752448,15.412397,15.856246,14.80228,0.3907889234244321,False,837.26777331,0.0872870850252,0.042253873118999995
Messier 67,598696077168308992,17.412605,18.45199,16.407856,0.3553650417622383,False,837.26777331,0.0872870850252,0.042253873118999995
Messier 67,598696107233137920,18.447086,19.5346,17.395605,0.2700653042800144,False,837.26777331,0.0872870850252,0.042253873118999995
Messier 67,598696626924138752,14.777016,15.173459,14.21692,0.1789949339468419,False,837.26777331,0.0872870850252,0.042253873118999995
Messier 67,598697103669936512,19.970812,20.987307,18.867016,0.2224026111218358,False,837.26777331,0.0872870850252,0.042253873118999995
Messier 67,598697142320464384,12.609519,12.893198,12.168651,0.4960119814752808,False,837.26777331,0.0872870850252,0.042253873118999995
Messier 67,598762700700957184,14.155019,14.502491,13.639002,0.1697462930906383,False,837.26777331,0.0872870850252,0.042253873118999995
Messier 67,598845537735104512,16.270657,16.786741,15.600064,0.152165202687787,False,837.26777331,0.0872870850252,0.042253873118999995
Messier 67,598845885627793152,16.647924,17.325716,15.864382,0.1967922094434854,False,837.26777331,0.0872870850252,0.042253873118999995
Messier 67,598847187002539008,19.460344,20.457657,18.350178,0.1623452408375296,False,837.26777331,0.0872870850252,0.042253873118999995
Messier 67,598848320873918720,18.176643,19.213722,17.15658,0.2130611040748976,False,837.26777331,0.0872870850252,0.042253873118999995
Messier 67,598849420385553792,18.552542,19.61382,17.531755,0.218973712258237,False,837.26777331,0.0872870850252,0.042253873118999995
Messier 67,598853788367658624,15.51689,15.982065,14.888951,0.2147656716023053,False,837.26777331,0.0872870850252,0.042253873118999995
Messier 67,598860213638709632,14.543114,14.920905,13.999566,0.1545965837414997,False,837.26777331,0.0872870850252,0.042253873118999995
Messier 67,598860316717926400,16.95896,17.678827,16.137674,0.1636834348000158,False,837.26777331,0.0872870850252,0.042253873118999995
Messier 67,598863439158839808,15.496853,15.895432,14.930548,0.1516866199578281,False,837.26777331,0.0872870850252,0.042253873118999995
Messier 67,598864641749677824,18.908722,20.162088,17.839233,0.1992611136024974,False,837.26777331,0.0872870850252,0.042253873118999995
Messier 67,598874885246932480,16.768135,17.485067,15.951965,0.2699130005904088,False,837.26777331,0.0872870850252,0.042253873118999995
Messier 67,598875057045622400,17.451378,18.493484,16.446922,0.2368959669121699,False,837.26777331,0.0872870850252,0.042253873118999995
Messier 67,598879764329783168,17.180376,18.03786,16.205256,0.1784104707768033,False,837.26777331,0.0872870850252,0.042253873118999995
Messier 67,598879798689514112,15.547272,16.010912,14.946354,0.3221771684499867,False,837.26777331,0.0872870850252,0.042253873118999995
Messier 67,598880314085586432,12.388574,12.711505,11.903648,0.3696340620871225,False,837.26777331,0.0872870850252,0.042253873118999995
Messier 67,598880348445322752,19.295954,20.600422,18.137356,0.2043312881866484,False,837.26777331,0.0872870850252,0.042253873118999995
Messier 67,598881340582600576,15.557557,16.015076,14.938111,0.3427964551093417,False,837.26777331,0.0872870850252,0.042253873118999995
Messier 67,598882135151700352,12.525614,13.031375,11.863972,0.159664299654224,False,837.26777331,0.0872870850252,0.042253873118999995
Messier 67,598882337014990464,18.11958,19.37599,17.03785,0.2662659087834657,False,837.26777331,0.0872870850252,0.042253873118999995
Messier 67,598882371374732544,18.760439,19.937782,17.69897,0.4098459507102296,False,837.26777331,0.0872870850252,0.042253873118999995
Messier 67,598882371374735744,18.761429,19.794159,17.68588,0.2909546675733972,False,837.26777331,0.0872870850252,0.042253873118999995
Messier 67,598883131584117760,15.878875,16.43933,15.165672,0.4370582984835116,False,837.26777331,0.0872870850252,0.042253873118999995
Messier 67,598883337742544128,14.998468,15.392708,14.402118,0.4560364959112561,False,837.26777331,0.0872870850252,0.042253873118999995
Messier 67,598883642685066368,18.984661,20.024548,17.894997,0.2227775466072422,False,837.26777331,0.0872870850252,0.042253873118999995
Messier 67,598884295519951616,15.308959,15.740557,14.715495,0.4783050693811344,False,837.26777331,0.0872870850252,0.042253873118999995
Messier 67,598884746491793024,13.011026,13.302484,12.56322,0.5320771722423899,False,837.26777331,0.0872870850252,0.042253873118999995
Messier 67,598884952650222336,13.148294,13.432406,12.702182,0.5330419867179749,False,837.26777331,0.0872870850252,0.042253873118999995
Messier 67,598884982714899072,19.016125,20.32685,17.870779,0.2738234428761741,False,837.26777331,0.0872870850252,0.042253873118999995
Messier 67,598885017074625536,17.74151,18.892923,16.683336,0.404242056903572,False,837.26777331,0.0872870850252,0.042253873118999995
Messier 67,598885085794212096,19.807426,20.910276,18.64347,0.3426545476859597,False,837.26777331,0.0872870850252,0.042253873118999995
Messier 67,598885090090313216,19.215769,20.46934,18.077595,0.1983693043534295,False,837.26777331,0.0872870850252,0.042253873118999995
Messier 67,598885502406044544,20.228527,21.175426,19.024853,0.1726586520729434,False,837.26777331,0.0872870850252,0.042253873118999995
Messier 67,598885738628962432,13.397335,13.692865,12.942476,0.3792352716552889,False,837.26777331,0.0872870850252,0.042253873118999995
Messier 67,598885880363159296,15.009868,15.412567,14.444034,0.4474723568655251,False,837.26777331,0.0872870850252,0.042253873118999995
Messier 67,598885944787392000,13.710828,14.007005,13.254931,0.4695871727595796,False,837.26777331,0.0872870850252,0.042253873118999995
Messier 67,598885979147130496,13.097951,13.38877,12.647377,0.5136269223939917,False,837.26777331,0.0872870850252,0.042253873118999995
Messier 67,598886052161851264,13.015018,13.311026,12.56186,0.6133024177686561,False,837.26777331,0.0872870850252,0.042253873118999995
Messier 67,598886082226539136,17.289637,18.095469,16.418297,0.3304625919429448,False,837.26777331,0.0872870850252,0.042253873118999995
Messier 67,598886185305751168,18.852367,20.291859,17.725533,0.2456386606024481,False,837.26777331,0.0872870850252,0.042253873118999995
Messier 67,598886288384971008,19.198307,20.575466,18.128428,0.2532898061708788,False,837.26777331,0.0872870850252,0.042253873118999995
Messier 67,598886979874807680,19.29025,20.824442,18.113773,0.3888150413506143,False,837.26777331,0.0872870850252,0.042253873118999995
Messier 67,598887254752714240,19.31553,20.507483,18.194792,0.3333494533348179,False,837.26777331,0.0872870850252,0.042253873118999995
Messier 67,598887460911141632,13.41655,13.696121,12.977431,0.2994660456364334,False,837.26777331,0.0872870850252,0.042253873118999995
Messier 67,598887632709845248,18.316954,19.009113,17.180222,0.1651412176339468,False,837.26777331,0.0872870850252,0.042253873118999995
Messier 67,598887770148211584,20.141956,20.980238,19.078562,0.1734924492404924,False,837.26777331,0.0872870850252,0.042253873118999995
Messier 67,598888109451094912,19.034582,20.301025,17.943996,0.3230191056669362,False,837.26777331,0.0872870850252,0.042253873118999995
Messier 67,598888697861717376,16.62562,17.32628,15.816951,0.5719905772298354,False,837.26777331,0.0872870850252,0.042253873118999995
Messier 67,598888727926385408,17.622303,18.533009,16.690483,0.3923048285305681,False,837.26777331,0.0872870850252,0.042253873118999995
Messier 67,598889213257785984,17.05509,17.818674,16.18916,0.6723851884574003,False,837.26777331,0.0872870850252,0.042253873118999995
Messier 67,598889419416217600,15.728919,16.232393,15.072271,0.527317986545703,False,837.26777331,0.0872870850252,0.042253873118999995
Messier 67,598889694294135040,15.458749,15.919372,14.824487,0.2450189450015363,False,837.26777331,0.0872870850252,0.042253873118999995
Messier 67,598889900452561024,15.368779,15.81424,14.760695,0.6229353552792098,False,837.26777331,0.0872870850252,0.042253873118999995
Messier 67,598890106610992256,16.619219,17.375898,15.770074,0.6723851884574003,False,837.26777331,0.0872870850252,0.042253873118999995
Messier 67,598890106610992896,16.00579,16.542921,15.322859,0.660178989021625,False,837.26777331,0.0872870850252,0.042253873118999995
Messier 67,598890347129151104,13.230782,13.524049,12.771653,0.6642074423832982,False,837.26777331,0.0872870850252,0.042253873118999995
Messier 67,598890381488889088,13.999897,14.3102,13.525227,0.6685370678236001,False,837.26777331,0.0872870850252,0.042253873118999995
Messier 67,598893954901717248,12.602173,12.884671,12.162256,0.3709596087675091,False,837.26777331,0.0872870850252,0.042253873118999995
Messier 67,598894500362425984,16.669706,17.349152,15.876655,0.2691123086758259,False,837.26777331,0.0872870850252,0.042253873118999995
Messier 67,598894569081905920,19.188086,20.315042,18.140535,0.2335210222190348,False,837.26777331,0.0872870850252,0.042253873118999995
Messier 67,598898073775010816,13.359071,13.642789,12.917064,0.4112039079587461,False,837.26777331,0.0872870850252,0.042253873118999995
Messier 67,598898108136867200,20.250257,21.684818,18.973593,0.208583741870589,False,837.26777331,0.0872870850252,0.042253873118999995
Messier 67,598898284229869696,20.100899,21.175432,18.914164,0.1857889134237314,False,837.26777331,0.0872870850252,0.042253873118999995
Messier 67,598899001488184704,19.13432,20.365744,18.045155,0.3133138478718157,False,837.26777331,0.0872870850252,0.042253873118999995
Messier 67,598899796057231616,14.836234,15.218682,14.288462,0.4706739480934573,False,837.26777331,0.0872870850252,0.042253873118999995
Messier 67,598899933497305728,16.555712,17.366402,15.671504,0.3095995937057997,False,837.26777331,0.0872870850252,0.042253873118999995
Messier 67,598899997920577664,18.453753,19.553127,17.439339,0.4392025313182144,False,837.26777331,0.0872870850252,0.042253873118999995
Messier 67,598900105294874496,17.001232,17.776869,16.155851,0.537238491312059,False,837.26777331,0.0872870850252,0.042253873118999995
Messier 67,598900478956925056,18.511375,19.791622,17.379192,0.3805438637199834,False,837.26777331,0.0872870850252,0.042253873118999995
Messier 67,598900551971467648,15.383015,15.829051,14.774907,0.559404151081845,False,837.26777331,0.0872870850252,0.042253873118999995
Messier 67,598900753834826880,18.652662,19.691824,17.588902,0.2635711313414512,False,837.26777331,0.0872870850252,0.042253873118999995
Messier 67,598900788194342528,13.05644,13.346821,12.605186,0.34184916055457,False,837.26777331,0.0872870850252,0.042253873118999995
Messier 67,598901269230913024,19.64581,21.111149,18.487295,0.1729073807718322,False,837.26777331,0.0872870850252,0.042253873118999995
Messier 67,598901754562312448,14.048451,14.350169,13.586893,0.5520668379566269,False,837.26777331,0.0872870850252,0.042253873118999995
Messier 67,598901784626987008,17.803898,18.69712,16.840918,0.5746951219938476,False,837.26777331,0.0872870850252,0.042253873118999995
Messier 67,598901788922041728,15.386318,15.832812,14.773345,0.5070029127493916,False,837.26777331,0.0872870850252,0.042253873118999995
Messier 67,598901857640922752,20.056921,21.022142,18.877468,0.1778300171489321,False,837.26777331,0.0872870850252,0.042253873118999995
Messier 67,598901990787565184,17.813705,18.70634,16.848946,0.331739988231861,False,837.26777331,0.0872870850252,0.042253873118999995
Messier 67,598901995079871744,17.431898,18.453497,16.435904,0.4410825674904367,False,837.26777331,0.0872870850252,0.042253873118999995
Messier 67,598901995080469888,15.192,15.710498,14.513514,0.624781574175923,False,837.26777331,0.0872870850252,0.042253873118999995
Messier 67,598902373037582720,20.03666,21.038897,18.747984,0.2426668216795725,False,837.26777331,0.0872870850252,0.042253873118999995
Messier 67,598902437462030336,17.401415,18.315432,16.480413,0.654043718282651,False,837.26777331,0.0872870850252,0.042253873118999995
Messier 67,598902476116795776,18.810486,20.1151,17.70745,0.3753618029043651,False,837.26777331,0.0872870850252,0.042253873118999995
Messier 67,598902540541250944,18.473745,19.555935,17.468998,0.3410752066906106,False,837.26777331,0.0872870850252,0.042253873118999995
Messier 67,598902682275232640,13.559339,13.852017,13.105506,0.5626308608613582,False,837.26777331,0.0872870850252,0.042253873118999995
Messier 67,598902716634970240,16.02001,16.555176,15.330141,0.6380670163358249,False,837.26777331,0.0872870850252,0.042253873118999995
Messier 67,598902888433673984,16.207754,16.79376,15.487231,0.6262229191640318,False,837.26777331,0.0872870850252,0.042253873118999995
Messier 67,598903055937325312,18.204798,19.293234,17.197138,0.6451811969070521,False,837.26777331,0.0872870850252,0.042253873118999995
Messier 67,598903090297061760,18.168472,19.233238,17.165264,0.442407986309689,False,837.26777331,0.0872870850252,0.042253873118999995
Messier 67,598903128951834496,16.989664,17.825426,16.095499,0.4570369346164294,False,837.26777331,0.0872870850252,0.042253873118999995
Messier 67,598903674412626432,17.98628,19.02119,16.991728,0.4066513452517955,False,837.26777331,0.0872870850252,0.042253873118999995
Messier 67,598903678707639296,15.931817,16.460413,15.248056,0.6784207234053778,False,837.26777331,0.0872870850252,0.042253873118999995
Messier 67,598903919225812736,18.691711,19.93989,17.561502,0.3211761141969084,False,837.26777331,0.0872870850252,0.042253873118999995
Messier 67,598903953585548672,13.646082,13.937034,13.196364,0.7074247544511388,False,837.26777331,0.0872870850252,0.042253873118999995
Messier 67,598903987945320832,17.160772,17.954477,16.28926,0.4207002071654891,False,837.26777331,0.0872870850252,0.042253873118999995
Messier 67,598904842643466240,15.059569,15.462943,14.495015,0.5346661131383765,False,837.26777331,0.0872870850252,0.042253873118999995
Messier 67,598905151881359104,19.273008,20.462288,18.16863,0.1580668512831943,False,837.26777331,0.0872870850252,0.042253873118999995
Messier 67,598905568493286528,16.232845,16.820713,15.509973,0.3847477034208153,False,837.26777331,0.0872870850252,0.042253873118999995
Messier 67,598905667277444352,17.09057,17.924782,16.18258,0.3805438637199834,False,837.26777331,0.0872870850252,0.042253873118999995
Messier 67,598905667277445376,18.24287,19.395658,17.24835,0.442407986309689,False,837.26777331,0.0872870850252,0.042253873118999995
Messier 67,598906251392995968,18.700445,20.10798,17.562037,0.4948882765085309,False,837.26777331,0.0872870850252,0.042253873118999995
Messier 67,598906290047773440,16.96763,17.711668,16.119972,0.4918723414527597,False,837.26777331,0.0872870850252,0.042253873118999995
Messier 67,598906461846468992,19.754965,21.011896,18.62754,0.154643112071009,False,837.26777331,0.0872870850252,0.042253873118999995
Messier 67,598906633645151744,15.705956,16.18717,15.067311,0.5269772021168005,False,837.26777331,0.0872870850252,0.042253873118999995
Messier 67,598906771084100224,14.855805,15.238152,14.307092,0.623949092314505,False,837.26777331,0.0872870850252,0.042253873118999995
Messier 67,598906835508558336,19.710995,20.901665,18.58848,0.194460231735838,False,837.26777331,0.0872870850252,0.042253873118999995
Messier 67,598906908523048576,19.121086,20.447323,17.9739,0.3396776684916231,False,837.26777331,0.0872870850252,0.042253873118999995
Messier 67,598906942882791424,18.087387,19.107616,17.113535,0.5240535388117673,False,837.26777331,0.0872870850252,0.042253873118999995
Messier 67,598907179105947520,19.229483,20.519545,18.125248,0.4600136384295377,False,837.26777331,0.0872870850252,0.042253873118999995
Messier 67,598907522703329280,17.15753,18.121813,16.186865,0.5085517717938475,False,837.26777331,0.0872870850252,0.042253873118999995
Messier 67,598907660142282624,18.354195,19.583641,17.261162,0.6101150043136527,False,837.26777331,0.0872870850252,0.042253873118999995
Messier 67,598907836235995008,14.332987,14.661368,13.839628,0.6093859333629794,False,837.26777331,0.0872870850252,0.042253873118999995
Messier 67,598908042394421248,18.931854,20.094276,17.854929,0.2921012478356993,False,837.26777331,0.0872870850252,0.042253873118999995
Messier 67,598908248552758400,19.253328,20.738354,18.125736,0.384626412188722,False,837.26777331,0.0872870850252,0.042253873118999995
Messier 67,598908278617636608,20.215912,21.258879,18.980461,0.1853747936182009,False,837.26777331,0.0872870850252,0.042253873118999995
Messier 67,598917079005576448,17.127523,17.945408,16.260872,0.1797488616595905,False,837.26777331,0.0872870850252,0.042253873118999995
Messier 67,598919999583436672,18.292688,19.541561,17.227707,0.180769648818731,False,837.26777331,0.0872870850252,0.042253873118999995
Messier 67,598921133455835520,19.763138,21.008194,18.601902,0.2141220969852431,False,837.26777331,0.0872870850252,0.042253873118999995
Messier 67,598925325342774656,15.434592,15.874054,14.829977,0.1790452233939677,False,837.26777331,0.0872870850252,0.042253873118999995
Messier 67,598935392746122752,14.517877,14.869028,14.001818,0.1554286553083931,False,837.26777331,0.0872870850252,0.042253873118999995
Messier 67,598944803018900992,19.077454,20.332237,17.955479,0.207935272570585,False,837.26777331,0.0872870850252,0.042253873118999995
Messier 67,598947517438273792,18.54111,19.650564,17.46702,0.1593061742329584,False,837.26777331,0.0872870850252,0.042253873118999995
Messier 67,598947551798518656,18.136787,19.303091,16.99927,0.3414332052053037,False,837.26777331,0.0872870850252,0.042253873118999995
Messier 67,598947556093468928,19.540216,20.805084,18.3522,0.1547630380797641,False,837.26777331,0.0872870850252,0.042253873118999995
Messier 67,598950545390717696,14.983043,15.377155,14.424775,0.3438955111152235,False,837.26777331,0.0872870850252,0.042253873118999995
Messier 67,598951438743912192,13.178524,13.46692,12.731293,0.3429825249346685,False,837.26777331,0.0872870850252,0.042253873118999995
Messier 67,598951473103653248,16.989092,17.771101,16.142273,0.3123334878316242,False,837.26777331,0.0872870850252,0.042253873118999995
Messier 67,598951674966634624,18.926338,20.054007,17.803663,0.2496228219062968,False,837.26777331,0.0872870850252,0.042253873118999995
Messier 67,598952327801848064,19.77097,21.291101,18.528296,0.1495767002586135,False,837.26777331,0.0872870850252,0.042253873118999995
Messier 67,598953088011334400,15.534893,15.993551,14.911435,0.5709219179948958,False,837.26777331,0.0872870850252,0.042253873118999995
Messier 67,598953770910670336,19.179977,20.347982,18.068367,0.1980994353802378,False,837.26777331,0.0872870850252,0.042253873118999995
Messier 67,598954080148819072,18.242296,19.366066,17.165617,0.3161993516376174,False,837.26777331,0.0872870850252,0.042253873118999995
Messier 67,598954118803488384,15.21966,15.676011,14.585279,0.3466314164460511,False,837.26777331,0.0872870850252,0.042253873118999995
Messier 67,598954183228036992,15.992601,16.540833,15.300859,0.5448182276516985,False,837.26777331,0.0872870850252,0.042253873118999995
Messier 67,598955042221499648,15.312484,15.759415,14.699525,0.4433067758347943,False,837.26777331,0.0872870850252,0.042253873118999995
Messier 67,598955115237068032,9.409208,10.080609,8.621808,0.5839533622741793,False,837.26777331,0.0872870850252,0.042253873118999995
Messier 67,598955149595631872,14.022008,14.336729,13.546353,0.5671117799642518,False,837.26777331,0.0872870850252,0.042253873118999995
Messier 67,598955214020358656,19.998913,21.129623,18.830048,0.1723169066904054,False,837.26777331,0.0872870850252,0.042253873118999995
Messier 67,598955385818884096,18.786226,19.940275,17.734386,0.6459193057050043,False,837.26777331,0.0872870850252,0.042253873118999995
Messier 67,598955660696788736,18.174736,19.199636,17.176376,0.252667121923598,False,837.26777331,0.0872870850252,0.042253873118999995
Messier 67,598955729416267264,16.674498,17.389294,15.861398,0.4471899675019698,False,837.26777331,0.0872870850252,0.042253873118999995
Messier 67,598955729416446208,19.780659,20.977943,18.654556,0.1988888844000619,False,837.26777331,0.0872870850252,0.042253873118999995
Messier 67,598955802430663680,12.556582,12.845843,12.106691,0.4289757462844736,False,837.26777331,0.0872870850252,0.042253873118999995
Messier 67,598956313531822080,18.3508,19.665318,17.24168,0.496430187503658,False,837.26777331,0.0872870850252,0.042253873118999995
Messier 67,598956420905951360,15.636947,16.113472,15.003998,0.5671117799642518,False,837.26777331,0.0872870850252,0.042253873118999995
Messier 67,598956450970778624,20.040224,21.213089,18.933254,0.1706427762603955,False,837.26777331,0.0872870850252,0.042253873118999995
Messier 67,598956485330513536,17.587675,18.509277,16.657686,0.3171668656099528,False,837.26777331,0.0872870850252,0.042253873118999995
Messier 67,598956523984534272,19.022476,20.253998,17.910492,0.3502440900586048,False,837.26777331,0.0872870850252,0.042253873118999995
Messier 67,598956833222201216,19.50746,20.808777,18.385487,0.2186770441678917,False,837.26777331,0.0872870850252,0.042253873118999995
Messier 67,598957176820208768,15.365417,15.794356,14.773485,0.3582717833113127,False,837.26777331,0.0872870850252,0.042253873118999995
Messier 67,598957279899423232,17.916254,18.91969,16.928114,0.3371748780682202,False,837.26777331,0.0872870850252,0.042253873118999995
Messier 67,598957756640350080,18.683743,19.90048,17.621176,0.194460231735838,False,837.26777331,0.0872870850252,0.042253873118999995
Messier 67,598957790999876736,14.042405,14.354269,13.569694,0.5102449903232766,False,837.26777331,0.0872870850252,0.042253873118999995
Messier 67,598958241972102656,14.808728,15.200275,14.248013,0.3301976797062314,False,837.26777331,0.0872870850252,0.042253873118999995
Messier 67,598958512554598400,19.453836,20.685495,18.31603,0.1792575652792236,False,837.26777331,0.0872870850252,0.042253873118999995
Messier 67,598958581274116608,17.880169,18.91378,16.817137,0.4944751032365792,False,837.26777331,0.0872870850252,0.042253873118999995
Messier 67,598959032246073216,11.784922,12.285364,11.126527,0.4037918957093015,False,837.26777331,0.0872870850252,0.042253873118999995
Messier 67,598959234109103104,16.745193,17.450363,15.931588,0.2943699676440827,False,837.26777331,0.0872870850252,0.042253873118999995
Messier 67,598959371548059904,15.611175,16.08574,14.98348,0.5219154809495911,False,837.26777331,0.0872870850252,0.042253873118999995
Messier 67,598959513281774208,19.27481,20.610012,18.154095,0.3421787569112342,False,837.26777331,0.0872870850252,0.042253873118999995
Messier 67,598959822520052480,14.189812,14.507525,13.708784,0.5278957468345225,False,837.26777331,0.0872870850252,0.042253873118999995
Messier 67,598959921303885952,18.442612,19.773565,17.340559,0.3337673174108018,False,837.26777331,0.0872870850252,0.042253873118999995
Messier 67,598960058742607744,12.393146,12.725215,11.897284,0.4882523064685984,False,837.26777331,0.0872870850252,0.042253873118999995
Messier 67,598960436699728256,14.509854,14.936626,13.91813,0.4799617601869176,False,837.26777331,0.0872870850252,0.042253873118999995
Messier 67,598960642858424576,19.527473,20.892202,18.396894,0.4592110442648255,False,837.26777331,0.0872870850252,0.042253873118999995
Messier 67,598960956391419648,18.912483,20.069658,17.78755,0.2589560696085838,False,837.26777331,0.0872870850252,0.042253873118999995
Messier 67,598962055903080448,14.799416,15.170575,14.259453,0.2784049516564037,False,837.26777331,0.0872870850252,0.042253873118999995
Messier 67,598962292125778560,19.683876,21.186018,18.485806,0.1490521016347392,False,837.26777331,0.0872870850252,0.042253873118999995
Messier 67,598963224134183680,16.42086,17.041811,15.666192,0.2432001338496286,False,837.26777331,0.0872870850252,0.042253873118999995
Messier 67,598967446086575872,18.161928,19.343353,17.088137,0.2471494234994838,False,837.26777331,0.0872870850252,0.042253873118999995
Messier 67,598968648677428352,18.13764,19.039885,17.174328,0.1709804344907497,False,837.26777331,0.0872870850252,0.042253873118999995
Messier 67,598968957915068928,18.009476,18.98791,16.9965,0.1497422707306195,False,837.26777331,0.0872870850252,0.042253873118999995
Messier 67,598970366666045952,20.249905,21.211628,19.092546,0.3473540263975067,False,837.26777331,0.0872870850252,0.042253873118999995
Messier 67,598970645837645440,17.016638,17.764751,16.158121,0.3790490527164877,False,837.26777331,0.0872870850252,0.042253873118999995
Messier 67,598970847700683648,18.581434,19.736029,17.513317,0.3784091470696233,False,837.26777331,0.0872870850252,0.042253873118999995
Messier 67,598970886355816320,17.864147,18.80245,16.88944,0.4031463881790464,False,837.26777331,0.0872870850252,0.042253873118999995
Messier 67,598971706694150144,19.322142,20.661793,18.192366,0.2503706688540444,False,837.26777331,0.0872870850252,0.042253873118999995
Messier 67,598974799070364928,13.133862,13.416824,12.689914,0.2648037316331576,False,837.26777331,0.0872870850252,0.042253873118999995
Messier 67,598975005228795008,13.176991,13.462209,12.730776,0.3650826790777229,False,837.26777331,0.0872870850252,0.042253873118999995
Messier 67,598975039588778240,18.870453,20.009466,17.808353,0.1922586864893248,False,837.26777331,0.0872870850252,0.042253873118999995
Messier 67,598975177027731584,17.074293,17.871754,16.213524,0.2426441493035822,False,837.26777331,0.0872870850252,0.042253873118999995
Messier 67,598977341691260160,15.692408,16.18139,15.048735,0.3827505636535543,False,837.26777331,0.0872870850252,0.042253873118999995
Messier 67,598977513489950592,17.228907,18.044273,16.340519,0.3402008301543455,False,837.26777331,0.0872870850252,0.042253873118999995
Messier 67,598977547849690496,19.560171,20.946741,18.390274,0.2735833312165023,False,837.26777331,0.0872870850252,0.042253873118999995
Messier 67,601861880382561792,15.823511,16.355646,15.144036,0.1483692414276015,False,837.26777331,0.0872870850252,0.042253873118999995
Messier 67,601942385249536256,19.050425,20.08895,17.923069,0.1484679209074157,False,837.26777331,0.0872870850252,0.042253873118999995
Messier 67,601943239947225472,15.117486,15.491509,14.573526,0.156222437901118,False,837.26777331,0.0872870850252,0.042253873118999995
Messier 67,601944721711734912,16.621883,17.359272,15.799524,0.1598737556165268,False,837.26777331,0.0872870850252,0.042253873118999995
Messier 67,601944889216794880,20.22877,21.239336,19.168932,0.1670135666670931,False,837.26777331,0.0872870850252,0.042253873118999995
Messier 67,601948496987262592,18.59825,19.770428,17.52041,0.1966560559414754,False,837.26777331,0.0872870850252,0.042253873118999995
Messier 67,601972342645746432,19.025572,20.304638,17.909475,0.268447232624042,False,837.26777331,0.0872870850252,0.042253873118999995
Messier 67,601973751395060608,17.668285,18.586473,16.733946,0.2181592814074155,False,837.26777331,0.0872870850252,0.042253873118999995
Messier 67,601978664837644672,18.561234,19.632414,17.538939,0.1787027248211687,False,837.26777331,0.0872870850252,0.042253873118999995
Messier 67,601980490200259584,16.245178,16.830114,15.521455,0.2974109920525347,False,837.26777331,0.0872870850252,0.042253873118999995
Messier 67,601981619775203200,19.552717,20.83008,18.446491,0.2179629066534198,False,837.26777331,0.0872870850252,0.042253873118999995
Messier 67,601985025684817408,16.224653,16.757233,15.545152,0.148758977702545,False,837.26777331,0.0872870850252,0.042253873118999995
Messier 67,601985815959685120,16.40167,17.054544,15.632012,0.2859565314007078,False,837.26777331,0.0872870850252,0.042253873118999995
Messier 67,601990935559787136,15.078331,15.479414,14.507568,0.1902563746370842,False,837.26777331,0.0872870850252,0.042253873118999995
Messier 67,601991343580918528,13.334136,13.612203,12.897537,0.1943827051326665,False,837.26777331,0.0872870850252,0.042253873118999995
Messier 67,601993027208368640,18.715319,19.875544,17.673853,0.1478963636288822,False,837.26777331,0.0872870850252,0.042253873118999995
Messier 67,602049342819274240,12.530956,12.740543,12.184073,0.1736599191909075,False,837.26777331,0.0872870850252,0.042253873118999995
Messier 67,604612549237529600,14.169642,14.495319,13.679604,0.1801883036109167,False,837.26777331,0.0872870850252,0.042253873118999995
Messier 67,604621478474630016,20.290127,21.088888,19.134388,0.165976386799137,False,837.26777331,0.0872870850252,0.042253873118999995
Messier 67,604629248070309248,12.874134,13.17468,12.415333,0.2059687988866329,False,837.26777331,0.0872870850252,0.042253873118999995
Messier 67,604641063525398016,19.800543,20.706966,18.627523,0.1645039575772374,False,837.26777331,0.0872870850252,0.042253873118999995
Messier 67,604642300475282816,18.9376,20.110031,17.81266,0.1650912273670194,False,837.26777331,0.0872870850252,0.042253873118999995
Messier 67,604642717087722112,15.453907,15.940755,14.798767,0.2479552266162934,False,837.26777331,0.0872870850252,0.042253873118999995
Messier 67,604643159468688384,15.226361,15.58289,14.448672,0.1747546461098319,False,837.26777331,0.0872870850252,0.042253873118999995
Messier 67,604643198124051456,16.256863,16.856836,15.521877,0.2845423960982135,False,837.26777331,0.0872870850252,0.042253873118999995
Messier 67,604647802329113600,13.942378,14.262174,13.45468,0.1512957637453439,False,837.26777331,0.0872870850252,0.042253873118999995
Messier 67,604659278481551872,16.728403,17.448542,15.912141,0.1501369716870402,False,837.26777331,0.0872870850252,0.042253873118999995
Messier 67,604662297843008512,19.135523,20.572256,18.02002,0.1604710997063917,False,837.26777331,0.0872870850252,0.042253873118999995
Messier 67,604664909183072000,13.917429,14.229245,13.445174,0.1792375699311216,False,837.26777331,0.0872870850252,0.042253873118999995
Messier 67,604667245645354752,18.52238,19.648943,17.480728,0.1947202340899744,False,837.26777331,0.0872870850252,0.042253873118999995
Messier 67,604680134842856704,15.500708,15.965303,14.874508,0.3471489008596976,False,837.26777331,0.0872870850252,0.042253873118999995
Messier 67,604680989541356672,18.415222,19.69867,17.331226,0.1827271229611921,False,837.26777331,0.0872870850252,0.042253873118999995
Messier 67,604681264419266304,19.622185,20.899918,18.497236,0.3313469279507831,False,837.26777331,0.0872870850252,0.042253873118999995
Messier 67,604681264419267456,17.582266,18.501223,16.64186,0.3668873778115745,False,837.26777331,0.0872870850252,0.042253873118999995
Messier 67,604682192132205824,18.021435,19.03583,17.047617,0.3410073975034765,False,837.26777331,0.0872870850252,0.042253873118999995
Messier 67,604682501369762048,13.767611,14.070901,13.302792,0.3660988714557012,False,837.26777331,0.0872870850252,0.042253873118999995
Messier 67,604682643103730432,15.808063,16.358898,15.083403,0.1946074731422649,False,837.26777331,0.0872870850252,0.042253873118999995
Messier 67,604684326730942592,7.94806,9.059734,6.900066,0.3825708329927076,False,837.26777331,0.0872870850252,0.042253873118999995
Messier 67,604684532889373952,13.135402,13.427278,12.68197,0.4187857324175094,False,837.26777331,0.0872870850252,0.042253873118999995
Messier 67,604685048285445248,16.515097,17.158278,15.74222,0.4485796565801661,False,837.26777331,0.0872870850252,0.042253873118999995
Messier 67,604686457034703104,19.32483,20.487717,18.165272,0.2114545454281077,False,837.26777331,0.0872870850252,0.042253873118999995
Messier 67,604687006790507904,17.469807,18.354961,16.550852,0.4371940909357197,False,837.26777331,0.0872870850252,0.042253873118999995
Messier 67,604687006790508672,14.167262,14.493334,13.674269,0.4492070534707137,False,837.26777331,0.0872870850252,0.042253873118999995
Messier 67,604687006790509568,14.157463,14.475568,13.674062,0.4314552784101363,False,837.26777331,0.0872870850252,0.042253873118999995
Messier 67,604687384747632000,16.417862,17.101791,15.617848,0.2644393544478676,False,837.26777331,0.0872870850252,0.042253873118999995
Messier 67,604688514324086016,18.033636,19.10473,17.093166,0.2729270556282366,False,837.26777331,0.0872870850252,0.042253873118999995
Messier 67,604689308892956416,11.69268,12.190141,11.034521,0.3482345062952863,False,837.26777331,0.0872870850252,0.042253873118999995
Messier 67,604691812858980608,17.50299,18.548729,16.506842,0.3697501602499246,False,837.26777331,0.0872870850252,0.042253873118999995
Messier 67,604692293895329536,17.848152,18.820284,16.871635,0.1968044190632978,False,837.26777331,0.0872870850252,0.042253873118999995
Messier 67,604692813586273280,15.335194,15.80276,14.702019,0.1582528357223961,False,837.26777331,0.0872870850252,0.042253873118999995
Messier 67,604693122823931648,17.47572,18.406855,16.547606,0.1908358571049053,False,837.26777331,0.0872870850252,0.042253873118999995
Messier 67,604693702644621312,16.182549,16.744846,15.471527,0.3894715407075584,False,837.26777331,0.0872870850252,0.042253873118999995
Messier 67,604694359776064128,18.447397,19.584797,17.359735,0.2155396338490803,False,837.26777331,0.0872870850252,0.042253873118999995
Messier 67,604694561637360640,18.86033,20.093765,17.82723,0.2833978514898485,False,837.26777331,0.0872870850252,0.042253873118999995
Messier 67,604694806451207168,17.00616,17.780308,16.154486,0.3469174761005667,False,837.26777331,0.0872870850252,0.042253873118999995
Messier 67,604695012608940672,19.890123,21.015003,18.709217,0.2963647926961341,False,837.26777331,0.0872870850252,0.042253873118999995
Messier 67,604695454991282176,17.294538,18.145103,16.39428,0.3539191271391493,False,837.26777331,0.0872870850252,0.042253873118999995
Messier 67,604695734164025216,13.686262,14.027973,13.181261,0.4448695115674652,False,837.26777331,0.0872870850252,0.042253873118999995
Messier 67,604696043401669888,15.359522,15.814621,14.745199,0.4710059665094988,False,837.26777331,0.0872870850252,0.042253873118999995
Messier 67,604696730596495744,9.695972,10.345045,8.924694,0.427791564086209,False,837.26777331,0.0872870850252,0.042253873118999995
Messier 67,604696730596497024,19.91756,20.800232,18.779882,0.1934030978463181,False,837.26777331,0.0872870850252,0.042253873118999995
Messier 67,604696795021032320,17.526142,18.241081,16.701853,0.1503975873236317,False,837.26777331,0.0872870850252,0.042253873118999995
Messier 67,604697280352300416,14.284717,14.642321,13.758359,0.1700006241110208,False,837.26777331,0.0872870850252,0.042253873118999995
Messier 67,604697516575690368,20.313349,21.373547,19.14825,0.4014392728590966,False,837.26777331,0.0872870850252,0.042253873118999995
Messier 67,604698306849407232,14.919369,15.296853,14.375769,0.2518373999784274,False,837.26777331,0.0872870850252,0.042253873118999995
Messier 67,604698345504195456,14.428984,14.773544,13.916234,0.3071767582343698,False,837.26777331,0.0872870850252,0.042253873118999995
Messier 67,604698860900256256,18.367939,19.61186,17.340553,0.3160003304664839,False,837.26777331,0.0872870850252,0.042253873118999995
Messier 67,604699445015802624,13.756668,14.050883,13.304903,0.4068196835800289,False,837.26777331,0.0872870850252,0.042253873118999995
Messier 67,604700059201037952,20.280046,21.236088,19.103014,0.2575913559147366,False,837.26777331,0.0872870850252,0.042253873118999995
Messier 67,604701025563850368,20.216871,20.713034,19.07815,0.14888951165478,False,837.26777331,0.0872870850252,0.042253873118999995
Messier 67,604701128643010816,13.139835,13.426375,12.693227,0.4957689030119071,False,837.26777331,0.0872870850252,0.042253873118999995
Messier 67,604701163002747136,16.562843,17.383722,15.666732,0.3761366203751317,False,837.26777331,0.0872870850252,0.042253873118999995
Messier 67,604701747118303104,18.631039,19.829067,17.560598,0.3259715716755489,False,837.26777331,0.0872870850252,0.042253873118999995
Messier 67,604701953276603520,12.962245,13.259376,12.506748,0.5407521152390528,False,837.26777331,0.0872870850252,0.042253873118999995
Messier 67,604702434312939648,19.059547,20.524218,17.869091,0.1545144985210382,False,837.26777331,0.0872870850252,0.042253873118999995
Messier 67,604702636176594816,17.329582,18.318459,16.34931,0.3627566900220962,False,837.26777331,0.0872870850252,0.042253873118999995
Messier 67,604703052788343296,12.240408,12.724093,11.599232,0.469861059369228,False,837.26777331,0.0872870850252,0.042253873118999995
Messier 67,604703465105196416,17.154366,17.95706,16.282183,0.4608846341057349,False,837.26777331,0.0872870850252,0.042253873118999995
Messier 67,604703499464932736,14.300996,14.631618,13.804988,0.4509525139892484,False,837.26777331,0.0872870850252,0.042253873118999995
Messier 67,604703941846497280,13.140885,13.424926,12.692524,0.5240000041852891,False,837.26777331,0.0872870850252,0.042253873118999995
Messier 67,604704560321786368,12.675331,12.950386,12.247072,0.5647946636834826,False,837.26777331,0.0872870850252,0.042253873118999995
Messier 67,604704633336193152,16.589996,17.26305,15.799396,0.4758014339736823,False,837.26777331,0.0872870850252,0.042253873118999995
Messier 67,604704697760911616,16.369274,17.058695,15.553303,0.4221894954223423,False,837.26777331,0.0872870850252,0.042253873118999995
Messier 67,604704770775147520,10.587041,11.162599,9.869245,0.5378237525699303,False,837.26777331,0.0872870850252,0.042253873118999995
Messier 67,604705011293412992,12.905494,13.188539,12.467602,0.3799954908384735,False,837.26777331,0.0872870850252,0.042253873118999995
Messier 67,604705969071060224,12.718821,12.994435,12.28793,0.4492070534707137,False,837.26777331,0.0872870850252,0.042253873118999995
Messier 67,604706862424426496,17.871777,18.844225,16.910593,0.3089279562451182,False,837.26777331,0.0872870850252,0.042253873118999995
Messier 67,604707760072455808,18.102003,19.132355,17.106157,0.2424179526727011,False,837.26777331,0.0872870850252,0.042253873118999995
Messier 67,604707858856127104,19.212584,20.468164,18.108679,0.3376761608507781,False,837.26777331,0.0872870850252,0.042253873118999995
Messier 67,604708069309531264,20.290705,21.176022,19.11217,0.1633616407242112,False,837.26777331,0.0872870850252,0.042253873118999995
Messier 67,604708202453409408,12.880277,13.164553,12.441619,0.4795243390172529,False,837.26777331,0.0872870850252,0.042253873118999995
Messier 67,604708790864617344,12.487086,12.799124,12.014236,0.4868941640388914,False,837.26777331,0.0872870850252,0.042253873118999995
Messier 67,604708825224352640,15.545361,16.117918,14.826129,0.4164829040698391,False,837.26777331,0.0872870850252,0.042253873118999995
Messier 67,604708992727391488,13.384029,13.667633,12.940867,0.4451278049058988,False,837.26777331,0.0872870850252,0.042253873118999995
Messier 67,604709134461425024,19.59508,20.597197,18.504667,0.3429538368496394,False,837.26777331,0.0872870850252,0.042253873118999995
Messier 67,604709267605418240,16.189789,16.767538,15.469277,0.494332181669602,False,837.26777331,0.0872870850252,0.042253873118999995
Messier 67,604709546778878208,18.728424,19.8814,17.588976,0.3494884375135161,False,837.26777331,0.0872870850252,0.042253873118999995
Messier 67,604709679922972288,19.08928,20.441767,17.988152,0.2798563718861166,False,837.26777331,0.0872870850252,0.042253873118999995
Messier 67,604711299125433472,15.025004,15.421106,14.467443,0.4779685156232135,False,837.26777331,0.0872870850252,0.042253873118999995
Messier 67,604711500989123584,16.655602,17.363558,15.849131,0.4546269318068889,False,837.26777331,0.0872870850252,0.042253873118999995
Messier 67,604711505283863808,17.55278,18.677458,16.521547,0.4245084440231152,False,837.26777331,0.0872870850252,0.042253873118999995
Messier 67,604711539643602816,14.830228,15.218017,14.272186,0.5151161804298373,False,837.26777331,0.0872870850252,0.042253873118999995
Messier 67,604712089399413632,18.615496,19.807188,17.510878,0.4207224281858564,False,837.26777331,0.0872870850252,0.042253873118999995
Messier 67,604712188183890304,17.235138,18.064478,16.35784,0.5149802527159926,False,837.26777331,0.0872870850252,0.042253873118999995
Messier 67,604712531781276928,17.792053,18.790344,16.82032,0.4060335463014894,False,837.26777331,0.0872870850252,0.042253873118999995
Messier 67,604712600500056320,18.319538,19.417479,17.311644,0.3290796095059237,False,837.26777331,0.0872870850252,0.042253873118999995
Messier 67,604712776594182656,18.990894,20.365051,17.928453,0.498099268590317,False,837.26777331,0.0872870850252,0.042253873118999995
Messier 67,604713017112350592,16.438288,17.076254,15.674417,0.5339803460744912,False,837.26777331,0.0872870850252,0.042253873118999995
Messier 67,604713463788946432,14.857042,15.241033,14.294492,0.4455724772977416,False,837.26777331,0.0872870850252,0.042253873118999995
Messier 67,604713463788946560,12.453174,12.757159,11.988199,0.1558565358234184,False,837.26777331,0.0872870850252,0.042253873118999995
Messier 67,604713532508424448,18.505934,19.697914,17.478271,0.256768897438963,False,837.26777331,0.0872870850252,0.042253873118999995
Messier 67,604713669947377024,17.586082,18.539452,16.641546,0.4271988067120981,False,837.26777331,0.0872870850252,0.042253873118999995
Messier 67,604719133145837824,15.023509,15.43278,14.446115,0.3712285169386395,False,837.26777331,0.0872870850252,0.042253873118999995
Messier 67,604721293514179712,20.270493,20.226006,20.26651,0.2738144544897396,False,837.26777331,0.0872870850252,0.042253873118999995
Messier 67,604727203388866688,19.010319,20.333986,17.887085,0.1915282253240004,False,837.26777331,0.0872870850252,0.042253873118999995
Messier 67,604730781097113216,15.432528,15.892385,14.809126,0.2776375754093635,False,837.26777331,0.0872870850252,0.042253873118999995
Messier 67,604731914970090880,20.346544,21.070114,19.143738,0.1816318868890678,False,837.26777331,0.0872870850252,0.042253873118999995
Messier 67,604732224206160640,18.51163,19.742872,17.383371,0.1985205970500996,False,837.26777331,0.0872870850252,0.042253873118999995
Messier 67,604732739602238976,16.171831,16.760265,15.441545,0.4060335463014894,False,837.26777331,0.0872870850252,0.042253873118999995
Messier 67,604734698107318656,19.836807,20.950836,18.696901,0.2861020180449115,False,837.26777331,0.0872870850252,0.042253873118999995
Messier 67,604734796891053952,18.179678,19.390007,17.110151,0.3171214936676157,False,837.26777331,0.0872870850252,0.042253873118999995
Messier 67,604735007344961792,12.445138,12.744308,11.986253,0.3785988605754637,False,837.26777331,0.0872870850252,0.042253873118999995
Messier 67,604735037409227776,18.80203,19.943834,17.784874,0.1642727786970014,False,837.26777331,0.0872870850252,0.042253873118999995
Messier 67,604736072496791168,14.501789,14.854368,13.985534,0.5251045848177682,False,837.26777331,0.0872870850252,0.042253873118999995
Messier 67,604736136920843648,19.521755,20.677591,18.322454,0.2763421714278436,False,837.26777331,0.0872870850252,0.042253873118999995
Messier 67,604736308719544960,19.639791,20.795467,18.484179,0.2473065398935571,False,837.26777331,0.0872870850252,0.042253873118999995
Messier 67,604736381734433664,13.662275,13.973062,13.190126,0.4427633026713208,False,837.26777331,0.0872870850252,0.042253873118999995
Messier 67,604736690972080512,16.856707,17.600086,16.03113,0.3761765299913302,False,837.26777331,0.0872870850252,0.042253873118999995
Messier 67,604737275087042944,20.175865,21.227732,18.976444,0.2614508843966158,False,837.26777331,0.0872870850252,0.042253873118999995
Messier 67,604737854908112896,20.33845,21.2186,19.165386,0.4158963206517044,False,837.26777331,0.0872870850252,0.042253873118999995
Messier 67,604738645181819008,19.780315,21.187056,18.597088,0.3283649940876539,False,837.26777331,0.0872870850252,0.042253873118999995
Messier 67,604739057498645632,16.309988,16.927092,15.567879,0.3664617826137475,False,837.26777331,0.0872870850252,0.042253873118999995
Messier 67,604739852068005888,15.314507,15.768591,14.699018,0.3430538779058818,False,837.26777331,0.0872870850252,0.042253873118999995
Messier 67,604739852068006016,16.072285,16.631517,15.36657,0.3709375329743298,False,837.26777331,0.0872870850252,0.042253873118999995
Messier 67,604740779780986240,15.524553,15.988735,14.89403,0.3223573056083143,False,837.26777331,0.0872870850252,0.042253873118999995
Messier 67,604740809845289216,17.85011,18.975557,16.814384,0.2353106271014539,False,837.26777331,0.0872870850252,0.042253873118999995
Messier 67,604740882860200704,9.526054,10.309024,8.666455,0.1483402883781794,False,837.26777331,0.0872870850252,0.042253873118999995
Messier 67,604742081155661824,19.75099,20.673487,18.592283,0.2334688801950331,False,837.26777331,0.0872870850252,0.042253873118999995
Messier 67,604742321675984512,20.21098,21.11695,19.104633,0.2354939238072826,False,837.26777331,0.0872870850252,0.042253873118999995
Messier 67,604743562919743872,15.211296,15.656739,14.597626,0.2306326942313534,False,837.26777331,0.0872870850252,0.042253873118999995
Messier 67,604744623776259712,17.939985,19.062986,16.89465,0.2522690815612131,False,837.26777331,0.0872870850252,0.042253873118999995
Messier 67,604745280906663936,16.186695,16.756004,15.463901,0.2738144544897396,False,837.26777331,0.0872870850252,0.042253873118999995
Messier 67,604745487065095680,14.80216,15.18757,14.250725,0.3494913980910939,False,837.26777331,0.0872870850252,0.042253873118999995
Messier 67,604745968101434624,16.387348,17.016432,15.629299,0.3619073128749973,False,837.26777331,0.0872870850252,0.042253873118999995
Messier 67,604746930174103680,16.885883,17.611452,16.05102,0.2932350638400943,False,837.26777331,0.0872870850252,0.042253873118999995
Messier 67,604746960238488832,19.414658,20.327084,18.238688,0.1680660123337925,False,837.26777331,0.0872870850252,0.042253873118999995
Messier 67,604747303835875456,17.065596,17.859812,16.197367,0.354593727486278,False,837.26777331,0.0872870850252,0.042253873118999995
Messier 67,604748025390381056,17.407423,18.265156,16.496008,0.3098999155844491,False,837.26777331,0.0872870850252,0.042253873118999995
Messier 67,604748197189098496,19.768894,20.931173,18.537472,0.3317316225481529,False,837.26777331,0.0872870850252,0.042253873118999995
Messier 67,604774349245372160,17.652798,18.582191,16.707338,0.1681166097248129,False,837.26777331,0.0872870850252,0.042253873118999995
Messier 67,604775616260263552,19.038183,20.259048,17.939838,0.1510279181881117,False,837.26777331,0.0872870850252,0.042253873118999995
Messier 67,604827125803512576,16.094727,16.664114,15.381986,0.2080169578046499,False,837.26777331,0.0872870850252,0.042253873118999995
Messier 67,604828465833291008,16.401772,17.172245,15.594285,0.1836374335117682,False,837.26777331,0.0872870850252,0.042253873118999995
Messier 67,604836501716945664,18.230516,19.317522,17.197144,0.1776500492536756,False,837.26777331,0.0872870850252,0.042253873118999995
Messier 67,604837571163981440,16.889471,17.63701,16.051071,0.2355711237894868,False,837.26777331,0.0872870850252,0.042253873118999995
Messier 67,604838292718389376,16.55903,17.209036,15.788037,0.2729066049118111,False,837.26777331,0.0872870850252,0.042253873118999995
Messier 67,604843481039000704,15.623767,16.11501,14.97966,0.3073178662914358,False,837.26777331,0.0872870850252,0.042253873118999995
Messier 67,604850795367637248,14.403286,14.744327,13.895343,0.2080169578046499,False,837.26777331,0.0872870850252,0.042253873118999995
Messier 67,604853578507005312,19.168224,20.529705,18.001919,0.1648825526165439,False,837.26777331,0.0872870850252,0.042253873118999995
Messier 67,604876736970692096,18.29069,19.340628,17.260204,0.1661426895440174,False,837.26777331,0.0872870850252,0.042253873118999995
Messier 67,604877978216189568,15.731751,16.289516,15.019319,0.1965183226391748,False,837.26777331,0.0872870850252,0.042253873118999995
Messier 67,604890038485174912,14.441525,14.783627,13.933902,0.5915898895035585,False,837.26777331,0.0872870850252,0.042253873118999995
Messier 67,604890828759161984,19.096348,20.435217,17.97291,0.2417478891406838,False,837.26777331,0.0872870850252,0.042253873118999995
Messier 67,604890927542618112,18.638817,19.71557,17.59998,0.2446703874545236,False,837.26777331,0.0872870850252,0.042253873118999995
Messier 67,604891069277322624,19.806416,21.165834,18.639818,0.2052082783331242,False,837.26777331,0.0872870850252,0.042253873118999995
Messier 67,604891412874700544,19.00182,20.423346,17.90279,0.2741227394036904,False,837.26777331,0.0872870850252,0.042253873118999995
Messier 67,604891447234441344,19.741558,20.923855,18.548462,0.208924766882961,False,837.26777331,0.0872870850252,0.042253873118999995
Messier 67,604891550313644672,13.050789,13.340482,12.60132,0.5329237620130831,False,837.26777331,0.0872870850252,0.042253873118999995
Messier 67,604891584673389312,14.776748,15.157445,14.228508,0.2946366356034413,False,837.26777331,0.0872870850252,0.042253873118999995
Messier 67,604891825191554176,19.300106,20.482752,18.218784,0.3311584617955414,False,837.26777331,0.0872870850252,0.042253873118999995
Messier 67,604891923975026816,13.063472,13.349937,12.616427,0.4741890180837595,False,837.26777331,0.0872870850252,0.042253873118999995
Messier 67,604891992694503040,13.591028,13.879345,13.142441,0.5599382418022746,False,837.26777331,0.0872870850252,0.042253873118999995
Messier 67,604892198852941568,18.068277,19.067448,17.07322,0.3590548240254342,False,837.26777331,0.0872870850252,0.042253873118999995
Messier 67,604892306227881856,15.578226,16.052921,14.94298,0.4852013418158676,False,837.26777331,0.0872870850252,0.042253873118999995
Messier 67,604892512386283648,19.666336,20.82447,18.503565,0.1533002099229572,False,837.26777331,0.0872870850252,0.042253873118999995
Messier 67,604892684184970880,15.645964,16.151531,14.980957,0.2149171986455959,False,837.26777331,0.0872870850252,0.042253873118999995
Messier 67,604892748609077760,20.212536,21.170835,19.080585,0.2054528225352713,False,837.26777331,0.0872870850252,0.042253873118999995
Messier 67,604892752904464384,19.059757,20.30334,17.943802,0.2796134481137174,False,837.26777331,0.0872870850252,0.042253873118999995
Messier 67,604892787264190976,17.734032,18.68018,16.782225,0.2731626932405941,False,837.26777331,0.0872870850252,0.042253873118999995
Messier 67,604892787264194048,17.630356,18.54518,16.706484,0.5709241429200806,False,837.26777331,0.0872870850252,0.042253873118999995
Messier 67,604892989126939648,15.832096,16.470638,15.068631,0.6997695682104474,False,837.26777331,0.0872870850252,0.042253873118999995
Messier 67,604893165221336064,12.569078,12.858162,12.121825,0.61644137325409,False,837.26777331,0.0872870850252,0.042253873118999995
Messier 67,604893229645101440,18.260174,19.379896,17.239784,0.3049458835491259,False,837.26777331,0.0872870850252,0.042253873118999995
Messier 67,604893405739514624,16.54981,17.222261,15.767192,0.750510153883191,False,837.26777331,0.0872870850252,0.042253873118999995
Messier 67,604893646257664256,14.770731,15.186278,14.185083,0.3119254028022301,False,837.26777331,0.0872870850252,0.042253873118999995
Messier 67,604893676321680128,13.891024,14.193909,13.427225,0.5684731715066984,False,837.26777331,0.0872870850252,0.042253873118999995
Messier 67,604894196013526272,15.860882,16.48923,15.105123,0.4399976473091111,False,837.26777331,0.0872870850252,0.042253873118999995
Messier 67,604894264732996096,19.26282,20.594364,18.170818,0.6723851884574003,False,837.26777331,0.0872870850252,0.042253873118999995
Messier 67,604894329156720896,18.318457,19.433859,17.296947,0.2967832360750937,False,837.26777331,0.0872870850252,0.042253873118999995
Messier 67,604894333452472320,15.362796,15.856287,14.708056,0.2255871016485087,False,837.26777331,0.0872870850252,0.042253873118999995
Messier 67,604894505251168384,19.762373,20.957022,18.660845,0.1743120697789392,False,837.26777331,0.0872870850252,0.042253873118999995
Messier 67,604894535315152512,17.049267,17.840405,16.186964,0.4555283191907511,False,837.26777331,0.0872870850252,0.042253873118999995
Messier 67,604894638394355584,13.169649,13.453252,12.727606,0.7401111034915873,False,837.26777331,0.0872870850252,0.042253873118999995
Messier 67,604894707113832704,12.560714,12.850648,12.113398,0.5988864958712227,False,837.26777331,0.0872870850252,0.042253873118999995
Messier 67,604894745769327232,15.33606,15.883775,14.636331,0.6555511756715507,False,837.26777331,0.0872870850252,0.042253873118999995
Messier 67,604894775833324672,19.657211,20.966522,18.468742,0.2185353832238775,False,837.26777331,0.0872870850252,0.042253873118999995
Messier 67,604894913272261632,14.774575,15.151203,14.234624,0.7453624777402378,False,837.26777331,0.0872870850252,0.042253873118999995
Messier 67,604894913272281856,18.642948,19.94293,17.531422,0.2981932428290817,False,837.26777331,0.0872870850252,0.042253873118999995
Messier 67,604894917568011520,18.366787,19.407444,17.336258,0.2471360047070033,False,837.26777331,0.0872870850252,0.042253873118999995
Messier 67,604895055006972800,16.043224,16.594904,15.34548,0.680170984345927,False,837.26777331,0.0872870850252,0.042253873118999995
Messier 67,604895089366706304,13.862155,14.222431,13.335797,0.8331042152301116,True,837.26777331,0.0872870850252,0.042253873118999995
Messier 67,604895158086185856,15.89115,16.41352,15.21304,0.6774845714654429,False,837.26777331,0.0872870850252,0.042253873118999995
Messier 67,604895325589136896,17.323992,18.116226,16.462347,0.3300995970067995,False,837.26777331,0.0872870850252,0.042253873118999995
Messier 67,604895329886451200,15.615736,16.08904,14.982506,0.5068081757614294,False,837.26777331,0.0872870850252,0.042253873118999995
Messier 67,604895364244625920,14.627281,14.983402,14.104643,0.6087874802433391,False,837.26777331,0.0872870850252,0.042253873118999995
Messier 67,604895428668355200,18.033697,19.197565,16.95055,0.4695880595774774,False,837.26777331,0.0872870850252,0.042253873118999995
Messier 67,604895467323840256,19.026325,20.215637,17.953909,0.3646625523993111,False,837.26777331,0.0872870850252,0.042253873118999995
Messier 67,604895600467051776,15.469993,15.963252,14.751853,0.2139619162375549,False,837.26777331,0.0872870850252,0.042253873118999995
Messier 67,604895673481330688,20.1039,20.75184,18.946287,0.5774120919069781,False,837.26777331,0.0872870850252,0.042253873118999995
Messier 67,604895707842014080,13.932858,14.241656,13.459886,0.2932259129897322,False,837.26777331,0.0872870850252,0.042253873118999995
Messier 67,604895810921215744,16.486538,17.139574,15.716848,0.6017978841043047,False,837.26777331,0.0872870850252,0.042253873118999995
Messier 67,604895948360165888,16.246227,16.985983,15.413958,0.5540057602506884,False,837.26777331,0.0872870850252,0.042253873118999995
Messier 67,604896051439390848,13.992014,14.295077,13.52625,0.3885355525135782,False,837.26777331,0.0872870850252,0.042253873118999995
Messier 67,604896051439391104,14.38763,14.722945,13.886174,0.6914884512146389,False,837.26777331,0.0872870850252,0.042253873118999995
Messier 67,604896115863131776,18.36682,19.471773,17.337408,0.3676672448707096,False,837.26777331,0.0872870850252,0.042253873118999995
Messier 67,604896150222841088,13.283628,13.56678,12.839996,0.5849078209350648,False,837.26777331,0.0872870850252,0.042253873118999995
Messier 67,604896253302594688,19.7019,20.99976,18.48153,0.1922351458484609,False,837.26777331,0.0872870850252,0.042253873118999995
Messier 67,604896326317278464,14.496078,14.84606,13.980469,0.6216281413453372,False,837.26777331,0.0872870850252,0.042253873118999995
Messier 67,604896395036758528,12.576983,12.871478,12.122548,0.6562293017734754,False,837.26777331,0.0872870850252,0.042253873118999995
Messier 67,604896463756224640,18.122261,19.225151,17.096691,0.4500371018269555,False,837.26777331,0.0872870850252,0.042253873118999995
Messier 67,604896498115955968,13.98377,14.349852,13.452127,0.4575607750002787,False,837.26777331,0.0872870850252,0.042253873118999995
Messier 67,604896498115959296,17.50314,18.374243,16.59244,0.5050369768090532,False,837.26777331,0.0872870850252,0.042253873118999995
Messier 67,604896528179994240,19.485283,20.786095,18.404068,0.2248748150317506,False,837.26777331,0.0872870850252,0.042253873118999995
Messier 67,604896566835438464,12.2207,12.423004,11.883225,0.2689049713390975,False,837.26777331,0.0872870850252,0.042253873118999995
Messier 67,604896566835439872,14.599969,15.034307,14.001678,0.520920994555306,False,837.26777331,0.0872870850252,0.042253873118999995
Messier 67,604896631259208192,18.694176,19.90882,17.631203,0.6478102567577642,False,837.26777331,0.0872870850252,0.042253873118999995
Messier 67,604896631259520512,19.691723,20.935423,18.506313,0.3794605270160181,False,837.26777331,0.0872870850252,0.042253873118999995
Messier 67,604896635554923008,13.151058,13.443035,12.696921,0.8443894159620619,True,837.26777331,0.0872870850252,0.042253873118999995
Messier 67,604896635554924672,15.868754,16.396814,15.189688,0.4835309431420994,False,837.26777331,0.0872870850252,0.042253873118999995
Messier 67,604896807353611264,17.425936,18.332941,16.528624,0.6182304606423361,False,837.26777331,0.0872870850252,0.042253873118999995
Messier 67,604896837417607808,13.040115,13.332144,12.587914,0.6216866951063972,False,837.26777331,0.0872870850252,0.042253873118999995
Messier 67,604896876073077504,16.339571,16.94384,15.607137,0.6758634206034668,False,837.26777331,0.0872870850252,0.042253873118999995
Messier 67,604897047871749376,12.53787,12.833331,12.083925,0.6926777215469759,False,837.26777331,0.0872870850252,0.042253873118999995
Messier 67,604897077940873088,19.578392,20.839098,18.449362,0.2165813489522362,False,837.26777331,0.0872870850252,0.042253873118999995
Messier 67,604897146655294976,19.063505,20.202688,17.94654,0.5038424915482698,False,837.26777331,0.0872870850252,0.042253873118999995
Messier 67,604897219670462976,13.775511,14.079675,13.305323,0.7429356776552458,False,837.26777331,0.0872870850252,0.042253873118999995
Messier 67,604897288389928832,13.410427,13.697819,12.964019,0.8216704949808848,True,837.26777331,0.0872870850252,0.042253873118999995
Messier 67,604897288389930880,17.82385,18.912626,16.808588,0.5813761188166908,False,837.26777331,0.0872870850252,0.042253873118999995
Messier 67,604897421533506560,19.833311,20.865574,18.644545,0.1829464866375273,False,837.26777331,0.0872870850252,0.042253873118999995
Messier 67,604897558972113024,14.749684,15.153382,14.173037,0.7722680767378579,False,837.26777331,0.0872870850252,0.042253873118999995
Messier 67,604897631987335296,13.536232,13.826424,13.087331,0.8596532385564339,True,837.26777331,0.0872870850252,0.042253873118999995
Messier 67,604897631987337600,15.014009,15.411751,14.444801,0.7545473803525504,False,837.26777331,0.0872870850252,0.042253873118999995
Messier 67,604897696411104256,17.047773,17.80834,16.198383,0.6093749150979114,False,837.26777331,0.0872870850252,0.042253873118999995
Messier 67,604897696411107840,17.851322,18.834848,16.871155,0.5270245812995209,False,837.26777331,0.0872870850252,0.042253873118999995
Messier 67,604897799490329216,19.3981,20.612698,18.297272,0.477542063486592,False,837.26777331,0.0872870850252,0.042253873118999995
Messier 67,604897803786033408,19.634226,20.770412,18.486029,0.1614659437010534,False,837.26777331,0.0872870850252,0.042253873118999995
Messier 67,604897833850019328,14.370622,14.710147,13.864649,0.8361742958694415,True,837.26777331,0.0872870850252,0.042253873118999995
Messier 67,604897838145767168,14.740636,15.121491,14.194714,0.7722680767378579,False,837.26777331,0.0872870850252,0.042253873118999995
Messier 67,604897902569851264,19.956757,20.708092,18.803076,0.2080288752065862,False,837.26777331,0.0872870850252,0.042253873118999995
Messier 67,604897906866824448,13.542055,13.835651,13.085463,0.7204957172114239,False,837.26777331,0.0872870850252,0.042253873118999995
Messier 67,604897936929290880,18.674587,19.87648,17.650433,0.3943450080741834,False,837.26777331,0.0872870850252,0.042253873118999995
Messier 67,604897936929292160,18.228241,19.263464,17.235222,0.298728800834477,False,837.26777331,0.0872870850252,0.042253873118999995
Messier 67,604898009944442624,14.176739,14.558428,13.619871,0.3160763632759059,False,837.26777331,0.0872870850252,0.042253873118999995
Messier 67,604898009944444032,16.652458,17.33415,15.85708,0.907518277998762,True,837.26777331,0.0872870850252,0.042253873118999995
Messier 67,604898113023651328,18.91894,20.068731,17.888048,0.2863843613432917,False,837.26777331,0.0872870850252,0.042253873118999995
Messier 67,604898113023653888,17.071058,18.06072,16.087378,0.7030613896127595,False,837.26777331,0.0872870850252,0.042253873118999995
Messier 67,604898211807205504,16.116764,16.739014,15.360873,0.7048922195706598,False,837.26777331,0.0872870850252,0.042253873118999995
Messier 67,604898246166933504,17.356447,18.21495,16.451775,0.585089133159987,False,837.26777331,0.0872870850252,0.042253873118999995
Messier 67,604898314886415744,19.17784,20.56719,18.031181,0.8257946852825883,False,837.26777331,0.0872870850252,0.042253873118999995
Messier 67,604898456621037824,14.370695,14.778187,13.800363,0.8133128573805247,True,837.26777331,0.0872870850252,0.042253873118999995
Messier 67,604898490980772352,16.612162,17.31977,15.789411,0.6169656625183156,False,837.26777331,0.0872870850252,0.042253873118999995
Messier 67,604898490980773888,19.708748,19.715384,19.877357,0.3325669060452717,False,837.26777331,0.0872870850252,0.042253873118999995
Messier 67,604898490980774784,18.984394,20.153309,17.907091,0.4894428733174421,False,837.26777331,0.0872870850252,0.042253873118999995
Messier 67,604898555404553344,17.512197,18.411274,16.591316,0.4186777054085899,False,837.26777331,0.0872870850252,0.042253873118999995
Messier 67,604898731498904704,16.23637,16.835665,15.507571,0.3312893777025157,False,837.26777331,0.0872870850252,0.042253873118999995
Messier 67,604898761562989184,16.461048,17.162117,15.640898,0.4356170117565307,False,837.26777331,0.0872870850252,0.042253873118999995
Messier 67,604898864643937920,19.514791,20.476763,18.223791,0.4025653830760582,False,837.26777331,0.0872870850252,0.042253873118999995
Messier 67,604898903297606272,16.693424,17.467249,15.8316,0.5628062790946254,False,837.26777331,0.0872870850252,0.042253873118999995
Messier 67,604898972017070592,15.905231,16.42329,15.23187,0.6354057342964452,False,837.26777331,0.0872870850252,0.042253873118999995
Messier 67,604899006376815488,17.253534,18.058775,16.35883,0.4751495488057282,False,837.26777331,0.0872870850252,0.042253873118999995
Messier 67,604899178175495168,15.48848,15.993268,14.823565,0.5967309710880531,False,837.26777331,0.0872870850252,0.042253873118999995
Messier 67,604899315614438784,15.831039,16.335426,15.168096,0.6341159559623877,False,837.26777331,0.0872870850252,0.042253873118999995
Messier 67,604899414398028928,16.09723,16.76832,15.306413,0.6083208593613105,False,837.26777331,0.0872870850252,0.042253873118999995
Messier 67,604899418693667584,19.987772,21.042614,18.892338,0.1630632407405986,False,837.26777331,0.0872870850252,0.042253873118999995
Messier 67,604899448757770624,17.005371,17.777279,16.153141,0.4941819130790601,False,837.26777331,0.0872870850252,0.042253873118999995
Messier 67,604899453053404160,13.04971,13.347819,12.58997,0.2961889635810959,False,837.26777331,0.0872870850252,0.042253873118999995
Messier 67,604899654921447168,19.330273,20.440016,18.233498,0.3634180925503409,False,837.26777331,0.0872870850252,0.042253873118999995
Messier 67,604899826720145024,14.867337,15.254405,14.310233,0.7386358271654176,False,837.26777331,0.0872870850252,0.042253873118999995
Messier 67,604899831010539904,13.292193,13.583194,12.837495,0.4105186497898892,False,837.26777331,0.0872870850252,0.042253873118999995
Messier 67,604899899730026496,18.01755,19.079086,17.038685,0.267834115162586,False,837.26777331,0.0872870850252,0.042253873118999995
Messier 67,604900071528704128,16.18358,16.773571,15.420943,0.2679909218523489,False,837.26777331,0.0872870850252,0.042253873118999995
Messier 67,604900239031753728,17.517235,18.636566,16.470387,0.5150309512148664,False,837.26777331,0.0872870850252,0.042253873118999995
Messier 67,604900277687127552,15.692035,16.253447,14.979958,0.7603351586247877,False,837.26777331,0.0872870850252,0.042253873118999995
Messier 67,604900449485821568,14.074452,14.390165,13.596324,0.7731915141673354,False,837.26777331,0.0872870850252,0.042253873118999995
Messier 67,604900449485824256,18.805101,20.044596,17.701756,0.2743221664410544,False,837.26777331,0.0872870850252,0.042253873118999995
Messier 67,604900651348634240,17.600506,18.469347,16.687761,0.6707064288412519,False,837.26777331,0.0872870850252,0.042253873118999995
Messier 67,604900690003981312,13.350618,13.635065,12.907139,0.6386498133318969,False,837.26777331,0.0872870850252,0.042253873118999995
Messier 67,604900724363708672,14.868529,15.296875,14.269344,0.2723681226687229,False,837.26777331,0.0872870850252,0.042253873118999995
Messier 67,604900724363838208,19.341627,20.516321,18.19318,0.546710408111888,False,837.26777331,0.0872870850252,0.042253873118999995
Messier 67,604900754427832448,18.268728,19.306961,17.24062,0.3265933309093971,False,837.26777331,0.0872870850252,0.042253873118999995
Messier 67,604900793084792192,19.518074,20.603806,18.365273,0.2978643206219884,False,837.26777331,0.0872870850252,0.042253873118999995
Messier 67,604900823147614592,19.849655,20.942303,18.643198,0.2841824874673048,False,837.26777331,0.0872870850252,0.042253873118999995
Messier 67,604901102320830080,15.995378,16.54512,15.293682,0.5329012865573264,False,837.26777331,0.0872870850252,0.042253873118999995
Messier 67,604901171040299904,19.02767,20.24633,17.92305,0.2277156499045515,False,837.26777331,0.0872870850252,0.042253873118999995
Messier 67,604901239759778176,16.547073,17.209265,15.761955,0.5777488250922744,False,837.26777331,0.0872870850252,0.042253873118999995
Messier 67,604901407262883456,17.167074,17.973955,16.297785,0.5894168644097589,False,837.26777331,0.0872870850252,0.042253873118999995
Messier 67,604901548997418112,19.11909,20.479856,18.051058,0.553892603264789,False,837.26777331,0.0872870850252,0.042253873118999995
Messier 67,604901686436367232,17.111662,17.902464,16.252707,0.507947956849726,False,837.26777331,0.0872870850252,0.042253873118999995
Messier 67,604901823875341056,12.249378,12.726266,11.613569,0.6094956871248673,False,837.26777331,0.0872870850252,0.042253873118999995
Messier 67,604901957018617728,13.976336,14.280544,13.496222,0.5244875751364035,False,837.26777331,0.0872870850252,0.042253873118999995
Messier 67,604901961314288000,20.436075,21.153955,19.239819,0.2136548423003358,False,837.26777331,0.0872870850252,0.042253873118999995
Messier 67,604902098753249280,19.658312,20.888578,18.479872,0.2033527894605904,False,837.26777331,0.0872870850252,0.042253873118999995
Messier 67,604902128817395072,18.9938,20.174725,17.890402,0.4157817513007064,False,837.26777331,0.0872870850252,0.042253873118999995
Messier 67,604902133112985728,19.31068,20.514841,18.158041,0.6613963458700498,False,837.26777331,0.0872870850252,0.042253873118999995
Messier 67,604902167472726784,12.536666,12.827302,12.087431,0.7096028640094854,False,837.26777331,0.0872870850252,0.042253873118999995
Messier 67,604902304911675904,18.463247,19.70477,17.362814,0.2426569215321272,False,837.26777331,0.0872870850252,0.042253873118999995
Messier 67,604902334975837312,19.378147,20.587505,18.233673,0.4337665198854221,False,837.26777331,0.0872870850252,0.042253873118999995
Messier 67,604902373632751104,15.715124,16.269745,15.005752,0.5645202346406966,False,837.26777331,0.0872870850252,0.042253873118999995
Messier 67,604902407990875520,16.386658,17.015116,15.637509,0.59053448300526,False,837.26777331,0.0872870850252,0.042253873118999995
Messier 67,604902442350618368,19.442488,20.623207,18.359814,0.5156874900626977,False,837.26777331,0.0872870850252,0.042253873118999995
Messier 67,604902648509053184,18.960457,20.187782,17.867126,0.2954593389734823,False,837.26777331,0.0872870850252,0.042253873118999995
Messier 67,604902682868787584,13.550175,13.840444,13.100302,0.6504956663961478,False,837.26777331,0.0872870850252,0.042253873118999995
Messier 67,604902923387005440,14.207137,14.533503,13.715858,0.8462906095892097,True,837.26777331,0.0872870850252,0.042253873118999995
Messier 67,604902923387005696,14.445664,14.798343,13.927102,0.6348332303336416,False,837.26777331,0.0872870850252,0.042253873118999995
Messier 67,604902923387005824,14.014649,14.333448,13.534966,0.8444958560180367,True,837.26777331,0.0872870850252,0.042253873118999995
Messier 67,604902923387008000,14.349534,14.683743,13.85178,0.8686955375131713,True,837.26777331,0.0872870850252,0.042253873118999995
Messier 67,604902987810825728,18.675217,19.862083,17.627192,0.4771616746425763,False,837.26777331,0.0872870850252,0.042253873118999995
Messier 67,604903026466307840,13.872696,14.228158,13.351336,0.7718501953224828,False,837.26777331,0.0872870850252,0.042253873118999995
Messier 67,604903056530306688,18.171112,19.402195,17.065,0.5278026561620311,False,837.26777331,0.0872870850252,0.042253873118999995
Messier 67,604903159609527168,17.727474,18.782179,16.728424,0.4274565231441054,False,837.26777331,0.0872870850252,0.042253873118999995
Messier 67,604903198264917504,14.414763,14.834155,13.832212,0.8720974724824944,True,837.26777331,0.0872870850252,0.042253873118999995
Messier 67,604903232624649344,13.210978,13.508897,12.749621,0.8967981555152013,True,837.26777331,0.0872870850252,0.042253873118999995
Messier 67,604903331408222208,18.459494,19.585896,17.412592,0.6942422228649495,False,837.26777331,0.0872870850252,0.042253873118999995
Messier 67,604903370063591424,14.549583,14.907772,14.026579,0.5853665429210378,False,837.26777331,0.0872870850252,0.042253873118999995
Messier 67,604903370063592192,19.783468,20.921381,18.61131,0.3972876380076175,False,837.26777331,0.0872870850252,0.042253873118999995
Messier 67,604903438783071616,19.44624,20.87344,18.326849,0.1888074538041839,False,837.26777331,0.0872870850252,0.042253873118999995
Messier 67,604903468852379904,12.572901,12.863356,12.124962,0.6657246569626233,False,837.26777331,0.0872870850252,0.042253873118999995
Messier 67,604903576222013952,13.562483,13.8701,13.085644,0.5015729177505064,False,837.26777331,0.0872870850252,0.042253873118999995
Messier 67,604903576222014080,17.06271,17.847754,16.21112,0.3391718488208844,False,837.26777331,0.0872870850252,0.042253873118999995
Messier 67,604903576222015488,16.090982,16.623169,15.369263,0.4252355750938631,False,837.26777331,0.0872870850252,0.042253873118999995
Messier 67,604903576222015616,15.073325,15.480404,14.493687,0.844998081231898,True,837.26777331,0.0872870850252,0.042253873118999995
Messier 67,604903713659968768,16.500448,16.886251,15.350406,0.2925663538429802,False,837.26777331,0.0872870850252,0.042253873118999995
Messier 67,604903713660959488,10.640092,10.683743,10.543572,0.7575904260401187,False,837.26777331,0.0872870850252,0.042253873118999995
Messier 67,604903782380443904,17.90592,18.865871,16.925486,0.6501677056702562,False,837.26777331,0.0872870850252,0.042253873118999995
Messier 67,604903812444576512,17.150433,18.133461,16.180075,0.6070172973177097,False,837.26777331,0.0872870850252,0.042253873118999995
Messier 67,604903816740187264,18.652973,19.692041,17.566423,0.2663241594018326,False,837.26777331,0.0872870850252,0.042253873118999995
Messier 67,604903984243279232,17.013369,17.840216,16.110939,0.3944548551956345,False,837.26777331,0.0872870850252,0.042253873118999995
Messier 67,604904022898639232,13.069575,13.355248,12.623273,0.8690160288973962,True,837.26777331,0.0872870850252,0.042253873118999995
Messier 67,604904057258372736,15.091989,15.498776,14.522993,0.7317378419216755,False,837.26777331,0.0872870850252,0.042253873118999995
Messier 67,604904156041874560,13.885436,14.191787,13.41704,0.5217033879725119,False,837.26777331,0.0872870850252,0.042253873118999995
Messier 67,604904194697320192,17.797903,18.74323,16.83282,0.6381258053534372,False,837.26777331,0.0872870850252,0.042253873118999995
Messier 67,604904229057064320,16.349297,17.045637,15.537432,0.6322449262885295,False,837.26777331,0.0872870850252,0.042253873118999995
Messier 67,604904263416796416,15.079404,15.490598,14.503993,0.7487332531261672,False,837.26777331,0.0872870850252,0.042253873118999995
Messier 67,604904263416797440,16.714752,17.422997,15.904347,0.8311877964028803,True,837.26777331,0.0872870850252,0.042253873118999995
Messier 67,604904293480903808,16.25642,16.845272,15.529974,0.5131119172693028,False,837.26777331,0.0872870850252,0.042253873118999995
Messier 67,604904297776551680,13.978698,14.285119,13.50795,0.73051323483327,False,837.26777331,0.0872870850252,0.042253873118999995
Messier 67,604904332136281856,12.564291,12.855199,12.114604,0.9353350248813832,True,837.26777331,0.0872870850252,0.042253873118999995
Messier 67,604904396560128256,16.13321,16.703709,15.425697,0.6957997377929263,False,837.26777331,0.0872870850252,0.042253873118999995
Messier 67,604904469575229696,13.242064,13.527269,12.79612,0.9424782712432676,True,837.26777331,0.0872870850252,0.042253873118999995
Messier 67,604904503934969856,10.464759,11.023869,9.758127,0.2731772150032192,False,837.26777331,0.0872870850252,0.042253873118999995
Messier 67,604904533998990592,12.958711,13.239197,12.522504,1.0,True,837.26777331,0.0872870850252,0.042253873118999995
Messier 67,604904538294704768,13.221856,13.505016,12.777791,0.8704948446671626,True,837.26777331,0.0872870850252,0.042253873118999995
Messier 67,604904572654433024,15.790615,16.307362,15.041006,0.2192848472207927,False,837.26777331,0.0872870850252,0.042253873118999995
Messier 67,604904572654435456,15.931609,16.473673,15.239141,0.7238928628214514,False,837.26777331,0.0872870850252,0.042253873118999995
Messier 67,604904641373911296,15.43045,15.873556,14.824652,0.9029790618813472,True,837.26777331,0.0872870850252,0.042253873118999995
Messier 67,604904641373912960,16.646383,17.440344,15.771865,0.560420819387733,False,837.26777331,0.0872870850252,0.042253873118999995
Messier 67,604904778812856064,15.176177,15.680784,14.50308,0.9555739864653792,True,837.26777331,0.0872870850252,0.042253873118999995
Messier 67,604904813174193536,19.66646,20.752464,18.497023,0.2940742844441224,False,837.26777331,0.0872870850252,0.042253873118999995
Messier 67,604904847532342272,13.630524,13.92726,13.153552,0.6114021217438064,False,837.26777331,0.0872870850252,0.042253873118999995
Messier 67,604904847532342528,13.337077,13.64592,12.857339,0.6081512953128378,False,837.26777331,0.0872870850252,0.042253873118999995
Messier 67,604904881892076032,17.943571,18.90201,16.953178,0.6796684368401625,False,837.26777331,0.0872870850252,0.042253873118999995
Messier 67,604904950611554432,10.512736,10.981301,9.88063,0.9781125351646406,True,837.26777331,0.0872870850252,0.042253873118999995
Messier 67,604905015035445504,18.066193,19.041021,17.085672,0.633262036676316,False,837.26777331,0.0872870850252,0.042253873118999995
Messier 67,604905019331023104,16.21151,16.87783,15.414758,0.6019788944432949,False,837.26777331,0.0872870850252,0.042253873118999995
Messier 67,604905053690765184,15.182085,15.605694,14.595916,0.2990529834752495,False,837.26777331,0.0872870850252,0.042253873118999995
Messier 67,604905053690766208,15.615606,16.20991,14.878177,0.9275318057918808,True,837.26777331,0.0872870850252,0.042253873118999995
Messier 67,604905122410226688,16.248579,16.86418,15.492944,0.3749227874495323,False,837.26777331,0.0872870850252,0.042253873118999995
Messier 67,604905156769963136,10.147911,10.686784,9.458681,0.7155687509145265,False,837.26777331,0.0872870850252,0.042253873118999995
Messier 67,604905397288137600,16.907835,17.396997,16.255613,0.2203073852743571,False,837.26777331,0.0872870850252,0.042253873118999995
Messier 67,604905431647872384,17.637362,18.717545,16.621914,0.9555739864653792,True,837.26777331,0.0872870850252,0.042253873118999995
Messier 67,604905500367349888,12.695327,13.094103,12.125686,0.8849361525064683,True,837.26777331,0.0872870850252,0.042253873118999995
Messier 67,604905530433237248,18.205534,19.008413,17.13266,0.4973432425908878,False,837.26777331,0.0872870850252,0.042253873118999995
Messier 67,604905534727082880,14.792172,15.167705,14.248565,0.7765755180429305,False,837.26777331,0.0872870850252,0.042253873118999995
Messier 67,604905534727086336,13.319092,13.567171,12.918805,0.7057973348327145,False,837.26777331,0.0872870850252,0.042253873118999995
Messier 67,604905599150996736,15.46716,16.01657,14.754136,0.8104940481186894,True,837.26777331,0.0872870850252,0.042253873118999995
Messier 67,604905633510610048,14.694768,15.064553,14.160012,0.8570325616455141,True,837.26777331,0.0872870850252,0.042253873118999995
Messier 67,604905672166028800,19.160336,20.51274,18.056551,0.3454987590442381,False,837.26777331,0.0872870850252,0.042253873118999995
Messier 67,604905912684188928,20.145775,21.273455,18.994013,0.5665206015391029,False,837.26777331,0.0872870850252,0.042253873118999995
Messier 67,604905912684189952,19.723482,20.721252,18.581593,0.2411322080247394,False,837.26777331,0.0872870850252,0.042253873118999995
Messier 67,604905947043939072,13.604394,13.897722,13.151482,0.6552884014202917,False,837.26777331,0.0872870850252,0.042253873118999995
Messier 67,604906118842621568,16.683075,17.387062,15.880193,0.6218223800874269,False,837.26777331,0.0872870850252,0.042253873118999995
Messier 67,604906148906681088,14.705977,15.098598,14.142185,0.7930599906128017,False,837.26777331,0.0872870850252,0.042253873118999995
Messier 67,604906153202364544,14.483813,14.833854,13.967599,0.7476870122595248,False,837.26777331,0.0872870850252,0.042253873118999995
Messier 67,604906221921860224,14.595386,14.978113,14.04606,0.7146615650512405,False,837.26777331,0.0872870850252,0.042253873118999995
Messier 67,604906256281593472,13.884225,14.188277,13.420684,0.8872530494928031,True,837.26777331,0.0872870850252,0.042253873118999995
Messier 67,604906290641337472,19.358028,20.781494,18.185637,0.2561549698712175,False,837.26777331,0.0872870850252,0.042253873118999995
Messier 67,604906290641338752,19.13925,20.292397,18.077757,0.1904796230338975,False,837.26777331,0.0872870850252,0.042253873118999995
Messier 67,604906290641339776,13.031916,13.323428,12.578972,0.9356228293835734,True,837.26777331,0.0872870850252,0.042253873118999995
Messier 67,604906355065249408,16.947237,17.706408,16.094297,0.4670938022644173,False,837.26777331,0.0872870850252,0.042253873118999995
Messier 67,604906428080283776,14.541533,14.899352,14.017096,0.840773716904025,True,837.26777331,0.0872870850252,0.042253873118999995
Messier 67,604906531159503616,14.424609,14.756771,13.924477,0.3053071076396927,False,837.26777331,0.0872870850252,0.042253873118999995
Messier 67,604906531159506304,18.913103,20.147045,17.855347,0.2464158742331361,False,837.26777331,0.0872870850252,0.042253873118999995
Messier 67,604906565519358464,14.223176,14.547518,13.733359,0.826866531421086,True,837.26777331,0.0872870850252,0.042253873118999995
Messier 67,604906599878983680,15.329978,15.776045,14.725095,0.9029790618813472,True,837.26777331,0.0872870850252,0.042253873118999995
Messier 67,604906599878984832,15.727016,16.30994,14.998924,0.5139198445661078,False,837.26777331,0.0872870850252,0.042253873118999995
Messier 67,604906702958193152,13.218655,13.510041,12.763825,0.707638541979352,False,837.26777331,0.0872870850252,0.042253873118999995
Messier 67,604906737317927296,13.264436,13.553966,12.813642,0.91894683647542,True,837.26777331,0.0872870850252,0.042253873118999995
Messier 67,604906771677660544,14.231096,14.722921,13.572,0.6397716482270102,False,837.26777331,0.0872870850252,0.042253873118999995
Messier 67,604906801741863936,16.662333,17.55421,15.729239,0.5868413453312077,False,837.26777331,0.0872870850252,0.042253873118999995
Messier 67,604906840397139584,17.756857,18.750563,16.777908,0.9041111231183288,True,837.26777331,0.0872870850252,0.042253873118999995
Messier 67,604906973546358528,20.191315,21.19588,19.007927,0.2306171291124938,False,837.26777331,0.0872870850252,0.042253873118999995
Messier 67,604907012195819648,12.614237,12.849116,12.10736,0.6493241536687049,False,837.26777331,0.0872870850252,0.042253873118999995
Messier 67,604907046555568896,16.84414,17.574528,16.02277,0.5462661031779668,False,837.26777331,0.0872870850252,0.042253873118999995
Messier 67,604907046555569664,18.788923,20.02086,17.660572,0.5974800986827993,False,837.26777331,0.0872870850252,0.042253873118999995
Messier 67,604907076619776640,16.575846,17.244259,15.782944,0.6509330689048192,False,837.26777331,0.0872870850252,0.042253873118999995
Messier 67,604907110979352576,13.701042,13.998466,13.242807,0.7364166112503734,False,837.26777331,0.0872870850252,0.042253873118999995
Messier 67,604907115275046656,13.080602,13.382488,12.617014,0.7930357610620739,False,837.26777331,0.0872870850252,0.042253873118999995
Messier 67,604907115275046784,16.189533,16.781548,15.466384,0.3743393248334574,False,837.26777331,0.0872870850252,0.042253873118999995
Messier 67,604907218354253568,18.806746,19.978388,17.74056,0.392895420273088,False,837.26777331,0.0872870850252,0.042253873118999995
Messier 67,604907252713995008,14.032978,14.411555,13.490376,0.7455640468884284,False,837.26777331,0.0872870850252,0.042253873118999995
Messier 67,604907355793322112,16.543694,17.221472,15.774389,0.6595225391536175,False,837.26777331,0.0872870850252,0.042253873118999995
Messier 67,604907390153062272,10.960272,11.49619,10.270943,0.6616241666716238,False,837.26777331,0.0872870850252,0.042253873118999995
Messier 67,604907454576711040,13.221919,13.509435,12.772107,0.6684365371447591,False,837.26777331,0.0872870850252,0.042253873118999995
Messier 67,604907523302217472,18.247952,19.19051,17.211523,0.5815020785874033,False,837.26777331,0.0872870850252,0.042253873118999995
Messier 67,604907592015745792,15.355323,15.912361,14.6471,0.6048219860850418,False,837.26777331,0.0872870850252,0.042253873118999995
Messier 67,604907660735224704,18.290638,19.322325,17.290674,0.5562549985235092,False,837.26777331,0.0872870850252,0.042253873118999995
Messier 67,604908004332577152,14.309361,14.640507,13.812513,0.6850111014104622,False,837.26777331,0.0872870850252,0.042253873118999995
Messier 67,604908107412145408,19.907995,21.052607,18.70926,0.5533571149983776,False,837.26777331,0.0872870850252,0.042253873118999995
Messier 67,604908146067299712,13.981238,14.291253,13.509676,0.6902673147068502,False,837.26777331,0.0872870850252,0.042253873118999995
Messier 67,604908313570276096,15.67079,16.16875,15.013467,0.2981020032521844,False,837.26777331,0.0872870850252,0.042253873118999995
Messier 67,604908347929907328,12.934086,13.216642,12.496551,0.6305150686107189,False,837.26777331,0.0872870850252,0.042253873118999995
Messier 67,604908352225723520,18.897678,20.135006,17.8484,0.3449075561102047,False,837.26777331,0.0872870850252,0.042253873118999995
Messier 67,604908386585458944,13.252105,13.542561,12.801898,0.2686618932366513,False,837.26777331,0.0872870850252,0.042253873118999995
Messier 67,604908416649384960,12.498256,12.849464,11.983998,0.6018704814505595,False,837.26777331,0.0872870850252,0.042253873118999995
Messier 67,604908420946771072,15.843108,16.357601,15.137341,0.4238962796966849,False,837.26777331,0.0872870850252,0.042253873118999995
Messier 67,604908489664691456,17.89022,18.80739,16.909845,0.4021806997019965,False,837.26777331,0.0872870850252,0.042253873118999995
Messier 67,604908489664692224,19.376398,20.649258,18.274675,0.2756055516935523,False,837.26777331,0.0872870850252,0.042253873118999995
Messier 67,604908519728692864,17.851824,18.999434,16.802126,0.592090338427475,False,837.26777331,0.0872870850252,0.042253873118999995
Messier 67,604908592743901184,17.197443,18.26612,16.213915,0.4727028433961132,False,837.26777331,0.0872870850252,0.042253873118999995
Messier 67,604908695823123072,15.050134,15.461226,14.473261,0.3836684956158661,False,837.26777331,0.0872870850252,0.042253873118999995
Messier 67,604908833261132928,19.10904,20.260149,17.974575,0.4079807744037529,False,837.26777331,0.0872870850252,0.042253873118999995
Messier 67,604908863325982976,13.282914,13.574538,12.831583,0.787761391105751,False,837.26777331,0.0872870850252,0.042253873118999995
Messier 67,604909000764935936,13.522219,13.813715,13.071187,0.8776597282163918,True,837.26777331,0.0872870850252,0.042253873118999995
Messier 67,604909138204304128,20.292091,20.969376,19.106209,0.2377622949342095,False,837.26777331,0.0872870850252,0.042253873118999995
Messier 67,604909142499704704,15.142609,15.560107,14.559809,0.7199330831636335,False,837.26777331,0.0872870850252,0.042253873118999995
Messier 67,604909206923484160,17.226446,18.03737,16.36239,0.3429156516640329,False,837.26777331,0.0872870850252,0.042253873118999995
Messier 67,604909241283211648,16.064222,16.62728,15.360501,0.8291575921956241,True,837.26777331,0.0872870850252,0.042253873118999995
Messier 67,604909310002693632,17.782135,18.815495,16.803581,0.5867167268040949,False,837.26777331,0.0872870850252,0.042253873118999995
Messier 67,604909383016937088,20.143192,21.039476,19.067442,0.3416937299569456,False,837.26777331,0.0872870850252,0.042253873118999995
Messier 67,604909589177870976,14.476866,14.830023,13.956089,0.5471940447539115,False,837.26777331,0.0872870850252,0.042253873118999995
Messier 67,604909619240334592,19.343191,20.609627,18.236156,0.2570740655994245,False,837.26777331,0.0872870850252,0.042253873118999995
Messier 67,604909657895767680,13.576005,13.867312,13.127747,0.8185446252823411,True,837.26777331,0.0872870850252,0.042253873118999995
Messier 67,604909692255500544,16.955397,17.71124,16.12052,0.6987844742889153,False,837.26777331,0.0872870850252,0.042253873118999995
Messier 67,604909726615246080,14.329582,14.658145,13.837925,0.8282828174779686,True,837.26777331,0.0872870850252,0.042253873118999995
Messier 67,604909726615246336,14.613161,14.970156,14.087489,0.776036148002244,False,837.26777331,0.0872870850252,0.042253873118999995
Messier 67,604909756679296640,15.648104,16.12787,15.008676,0.4871081825944231,False,837.26777331,0.0872870850252,0.042253873118999995
Messier 67,604909756679597184,19.882517,21.020391,18.678577,0.2431957128881006,False,837.26777331,0.0872870850252,0.042253873118999995
Messier 67,604909760974981120,16.22102,16.97279,15.387552,0.5929080102932522,False,837.26777331,0.0872870850252,0.042253873118999995
Messier 67,604909894118250240,17.669428,18.767822,16.662138,0.6480270319443788,False,837.26777331,0.0872870850252,0.042253873118999995
Messier 67,604909894118735360,19.538412,20.61096,18.347857,0.1922351458484609,False,837.26777331,0.0872870850252,0.042253873118999995
Messier 67,604909898413942656,15.323898,15.822759,14.663054,0.59387676668382,False,837.26777331,0.0872870850252,0.042253873118999995
Messier 67,604909928477987584,18.744429,19.910439,17.699726,0.6423607819491226,False,837.26777331,0.0872870850252,0.042253873118999995
Messier 67,604909967133410688,19.593565,21.052689,18.450659,0.1723169066904054,False,837.26777331,0.0872870850252,0.042253873118999995
Messier 67,604909967133412096,20.32071,21.26797,19.071777,0.207342732756914,False,837.26777331,0.0872870850252,0.042253873118999995
Messier 67,604910001493155584,12.601999,12.979691,12.061737,0.3616936771103915,False,837.26777331,0.0872870850252,0.042253873118999995
Messier 67,604910100276687232,17.541813,18.446869,16.598642,0.6359484171082042,False,837.26777331,0.0872870850252,0.042253873118999995
Messier 67,604910207651564544,17.831444,18.896091,16.806454,0.3945965272003618,False,837.26777331,0.0872870850252,0.042253873118999995
Messier 67,604910207651567360,16.25116,16.842184,15.526902,0.8487123458467603,True,837.26777331,0.0872870850252,0.042253873118999995
Messier 67,604910237715563904,15.241742,15.678917,14.632011,0.7031225430740454,False,837.26777331,0.0872870850252,0.042253873118999995
Messier 67,604910276371045376,14.491202,14.882098,13.928776,0.3796261796548489,False,837.26777331,0.0872870850252,0.042253873118999995
Messier 67,604910310730772992,12.992477,13.288063,12.532977,0.9289915262109444,True,837.26777331,0.0872870850252,0.042253873118999995
Messier 67,604910310730777472,11.249742,11.298033,11.15121,0.675906474628744,False,837.26777331,0.0872870850252,0.042253873118999995
Messier 67,604910340794779264,13.132758,13.430447,12.67281,0.981889910823716,True,837.26777331,0.0872870850252,0.042253873118999995
Messier 67,604910340794780032,14.357657,14.716023,13.830014,0.8544812239534411,True,837.26777331,0.0872870850252,0.042253873118999995
Messier 67,604910379450263168,14.33254,14.667156,13.835148,0.910499050695398,True,837.26777331,0.0872870850252,0.042253873118999995
Messier 67,604910443873993600,13.27827,13.571301,12.823094,0.7550172259303861,False,837.26777331,0.0872870850252,0.042253873118999995
Messier 67,604910478233820672,16.311075,16.918774,15.574337,0.9746938310448132,True,837.26777331,0.0872870850252,0.042253873118999995
Messier 67,604910482529472256,19.27892,20.478254,18.156773,0.5974597488582487,False,837.26777331,0.0872870850252,0.042253873118999995
Messier 67,604910546953207680,14.00755,14.349999,13.497035,0.97923025907331,True,837.26777331,0.0872870850252,0.042253873118999995
Messier 67,604910546953300608,16.618692,17.287033,15.825414,0.6951356252170733,False,837.26777331,0.0872870850252,0.042253873118999995
Messier 67,604910551248951680,16.039473,16.596367,15.337484,0.8184289638345162,True,837.26777331,0.0872870850252,0.042253873118999995
Messier 67,604910581313043584,17.512157,18.514297,16.493532,0.6249939203051585,False,837.26777331,0.0872870850252,0.042253873118999995
Messier 67,604910581313218176,20.205158,21.221779,19.083403,0.2332598219906349,False,837.26777331,0.0872870850252,0.042253873118999995
Messier 67,604910585607734912,19.825302,21.096216,18.601025,0.3302878576622454,False,837.26777331,0.0872870850252,0.042253873118999995
Messier 67,604910650032496512,18.37458,19.51066,16.979488,0.7076311934540785,False,837.26777331,0.0872870850252,0.042253873118999995
Messier 67,604910654328188416,19.884104,20.878817,18.74986,0.2400807495675936,False,837.26777331,0.0872870850252,0.042253873118999995
Messier 67,604910688687928576,13.357633,13.639998,12.914842,0.910499050695398,True,837.26777331,0.0872870850252,0.042253873118999995
Messier 67,604910723047665024,20.044067,21.072014,18.92373,0.1778348891544719,False,837.26777331,0.0872870850252,0.042253873118999995
Messier 67,604910860486613632,13.871636,14.22303,13.354555,0.7240540570988219,False,837.26777331,0.0872870850252,0.042253873118999995
Messier 67,604910924910708224,20.036285,20.908382,18.897709,0.229647314191382,False,837.26777331,0.0872870850252,0.042253873118999995
Messier 67,604911096708974080,14.423698,14.837489,13.846458,0.7136623045847749,False,837.26777331,0.0872870850252,0.042253873118999995
Messier 67,604911135364519808,11.260444,11.400977,11.006912,0.6108385912838274,False,837.26777331,0.0872870850252,0.042253873118999995
Messier 67,604911135364520448,14.785978,15.164662,14.244586,0.7860014383026322,False,837.26777331,0.0872870850252,0.042253873118999995
Messier 67,604911135364522368,18.553179,19.382668,17.722115,0.1702529561753527,False,837.26777331,0.0872870850252,0.042253873118999995
Messier 67,604911199788235648,13.301689,13.602995,12.836152,1.0,True,837.26777331,0.0872870850252,0.042253873118999995
Messier 67,604911204083987328,15.467181,15.915964,14.849227,0.8888241639303939,True,837.26777331,0.0872870850252,0.042253873118999995
Messier 67,604911204083987584,15.077661,15.479432,14.502608,0.4598016422010513,False,837.26777331,0.0872870850252,0.042253873118999995
Messier 67,604911268507711232,10.977456,11.191667,10.608952,0.3611573740448015,False,837.26777331,0.0872870850252,0.042253873118999995
Messier 67,604911268509027328,12.683977,12.943379,12.236511,1.0,True,837.26777331,0.0872870850252,0.042253873118999995
Messier 67,604911307163200000,14.99642,15.492379,14.323536,0.7286000744919777,False,837.26777331,0.0872870850252,0.042253873118999995
Messier 67,604911337227185920,12.110562,12.405289,11.654709,0.3745062375196531,False,837.26777331,0.0872870850252,0.042253873118999995
Messier 67,604911341522929536,13.010176,13.301405,12.558413,0.9862477786143404,True,837.26777331,0.0872870850252,0.042253873118999995
Messier 67,604911341522931328,15.50283,16.060444,14.797159,0.5056372825810542,False,837.26777331,0.0872870850252,0.042253873118999995
Messier 67,604911341522932352,12.946713,13.253227,12.478689,0.4277625043017785,False,837.26777331,0.0872870850252,0.042253873118999995
Messier 67,604911375882674176,13.967261,14.32682,13.43809,1.0,True,837.26777331,0.0872870850252,0.042253873118999995
Messier 67,604911375882674560,9.258214,9.965839,8.447231,1.0,True,837.26777331,0.0872870850252,0.042253873118999995
Messier 67,604911375882674944,12.210929,12.586007,11.664188,0.6220365043534155,False,837.26777331,0.0872870850252,0.042253873118999995
Messier 67,604911405946776448,18.856638,19.902517,17.776217,0.8165324134139769,False,837.26777331,0.0872870850252,0.042253873118999995
Messier 67,604911410242411136,13.777426,14.079677,13.314447,0.8564621879784334,True,837.26777331,0.0872870850252,0.042253873118999995
Messier 67,604911478961895424,10.008406,9.965356,10.06736,0.4727028433961132,False,837.26777331,0.0872870850252,0.042253873118999995
Messier 67,604911509025877248,13.367362,13.674554,12.895129,0.8856200112760537,True,837.26777331,0.0872870850252,0.042253873118999995
Messier 67,604911547681373184,13.283351,13.56995,12.836956,0.7452255002666373,False,837.26777331,0.0872870850252,0.042253873118999995
Messier 67,604911547681374080,15.154757,15.570725,14.57526,0.8786893656900207,True,837.26777331,0.0872870850252,0.042253873118999995
Messier 67,604911547681374976,17.485126,18.39639,16.567055,0.5056800408193268,False,837.26777331,0.0872870850252,0.042253873118999995
Messier 67,604911577745908352,19.429499,20.794516,18.246544,0.3482361523598409,False,837.26777331,0.0872870850252,0.042253873118999995
Messier 67,604911582041107456,13.054901,13.360868,12.586631,1.0,True,837.26777331,0.0872870850252,0.042253873118999995
Messier 67,604911650760586624,14.37958,14.726872,13.86272,0.6640313768697793,False,837.26777331,0.0872870850252,0.042253873118999995
Messier 67,604911680824692480,17.476074,18.654343,16.404413,0.4470613480618249,False,837.26777331,0.0872870850252,0.042253873118999995
Messier 67,604911680824696064,19.775553,20.909178,18.653166,0.2084404945687156,False,837.26777331,0.0872870850252,0.042253873118999995
Messier 67,604911685120318592,17.797817,18.788239,16.85337,0.7692933656124596,False,837.26777331,0.0872870850252,0.042253873118999995
Messier 67,604911685120320512,14.911862,15.316739,14.33896,0.6031148189691422,False,837.26777331,0.0872870850252,0.042253873118999995
Messier 67,604911749544005632,12.478206,12.782644,12.014699,0.6166498671018564,False,837.26777331,0.0872870850252,0.042253873118999995
Messier 67,604911886983070720,17.229115,18.052422,16.34639,0.432294981206645,False,837.26777331,0.0872870850252,0.042253873118999995
Messier 67,604912024422326272,19.860573,21.155119,18.623886,0.4462560502031115,False,837.26777331,0.0872870850252,0.042253873118999995
Messier 67,604912058781650176,13.54289,13.832591,13.09493,0.6305793599797495,False,837.26777331,0.0872870850252,0.042253873118999995
Messier 67,604912063077484032,15.614227,16.05528,14.954739,0.3782341019424123,False,837.26777331,0.0872870850252,0.042253873118999995
Messier 67,604912196220603264,12.782185,13.054165,12.357895,0.6538452211516735,False,837.26777331,0.0872870850252,0.042253873118999995
Messier 67,604912368019294976,13.908649,14.215045,13.445065,0.692889183475816,False,837.26777331,0.0872870850252,0.042253873118999995
Messier 67,604912372315122176,18.97849,20.146894,17.88867,0.2196869248367498,False,837.26777331,0.0872870850252,0.042253873118999995
Messier 67,604912402379032704,14.006294,14.32014,13.532119,0.6423857611955532,False,837.26777331,0.0872870850252,0.042253873118999995
Messier 67,604912406674856064,12.97168,13.263647,12.520466,0.7677705593357689,False,837.26777331,0.0872870850252,0.042253873118999995
Messier 67,604912471098638720,15.465085,15.916552,14.846223,0.8916307418890153,True,837.26777331,0.0872870850252,0.042253873118999995
Messier 67,604912608537595008,18.302322,19.370436,17.279991,0.3877630618419771,False,837.26777331,0.0872870850252,0.042253873118999995
Messier 67,604912647193030016,12.491335,12.956386,11.868094,0.556549547159006,False,837.26777331,0.0872870850252,0.042253873118999995
Messier 67,604912745976557568,16.021338,16.565102,15.331724,0.8089138355081708,True,837.26777331,0.0872870850252,0.042253873118999995
Messier 67,604912853351465728,17.29481,17.85943,16.581667,0.1834178585864396,False,837.26777331,0.0872870850252,0.042253873118999995
Messier 67,604912917781019008,18.445478,19.467503,17.435995,0.2639408554223306,False,837.26777331,0.0872870850252,0.042253873118999995
Messier 67,604913162588927488,14.953916,15.352071,14.391864,0.5978804013433286,False,837.26777331,0.0872870850252,0.042253873118999995
Messier 67,604913403107275008,19.432981,20.57813,18.310705,0.4317373246457878,False,837.26777331,0.0872870850252,0.042253873118999995
Messier 67,604913471826560512,19.561165,20.917444,18.403788,0.3044672492269965,False,837.26777331,0.0872870850252,0.042253873118999995
Messier 67,604913536250548352,16.767925,17.493294,15.952384,0.7269356598820058,False,837.26777331,0.0872870850252,0.042253873118999995
Messier 67,604913540546033024,16.308594,16.925537,15.574005,0.5697483519071842,False,837.26777331,0.0872870850252,0.042253873118999995
Messier 67,604913574905773312,15.418537,15.861771,14.81045,0.5415972536997736,False,837.26777331,0.0872870850252,0.042253873118999995
Messier 67,604913742408986752,19.369055,20.482395,18.235603,0.4723040560594443,False,837.26777331,0.0872870850252,0.042253873118999995
Messier 67,604913776768724352,18.861147,20.129969,17.78948,0.3464058614399476,False,837.26777331,0.0872870850252,0.042253873118999995
Messier 67,604913811128465408,17.813278,18.766142,16.85275,0.3744896754952985,False,837.26777331,0.0872870850252,0.042253873118999995
Messier 67,604913815423941120,12.722943,13.0001,12.29189,0.8458241226959904,True,837.26777331,0.0872870850252,0.042253873118999995
Messier 67,604913918503337728,14.216731,14.579157,13.684949,0.3483268604470936,False,837.26777331,0.0872870850252,0.042253873118999995
Messier 67,604913948567397888,17.432917,18.307686,16.514832,0.5233517535409609,False,837.26777331,0.0872870850252,0.042253873118999995
Messier 67,604913952863073920,16.823189,17.565205,15.98899,0.8827936936592689,True,837.26777331,0.0872870850252,0.042253873118999995
Messier 67,604913952863074688,13.447743,13.771416,12.960517,0.9001603738776927,True,837.26777331,0.0872870850252,0.042253873118999995
Messier 67,604913987222816768,16.086548,16.682041,15.347334,0.510088477702983,False,837.26777331,0.0872870850252,0.042253873118999995
Messier 67,604914021582551168,14.465743,14.808663,13.956827,0.797117947758796,False,837.26777331,0.0872870850252,0.042253873118999995
Messier 67,604914055942336000,15.818504,16.466442,15.045421,0.5044676664686351,False,837.26777331,0.0872870850252,0.042253873118999995
Messier 67,604914159021501184,17.884417,18.91298,16.87636,0.6850420042459339,False,837.26777331,0.0872870850252,0.042253873118999995
Messier 67,604914189085426560,12.577873,12.832393,12.172637,0.8720536152958107,True,837.26777331,0.0872870850252,0.042253873118999995
Messier 67,604914193381246336,16.16025,16.841906,15.36543,0.5288380615999597,False,837.26777331,0.0872870850252,0.042253873118999995
Messier 67,604914223445164416,13.770675,14.065616,13.31533,0.8898911286874459,True,837.26777331,0.0872870850252,0.042253873118999995
Messier 67,604914223445486592,19.911388,21.152222,18.678633,0.1922351458484609,False,837.26777331,0.0872870850252,0.042253873118999995
Messier 67,604914227740983936,17.884558,18.919315,16.90252,0.4657578752093342,False,837.26777331,0.0872870850252,0.042253873118999995
Messier 67,604914262100725248,16.1534,16.724268,15.435142,0.5228588214955449,False,837.26777331,0.0872870850252,0.042253873118999995
Messier 67,604914468259140224,12.504823,12.817808,12.030886,0.986864745415389,True,837.26777331,0.0872870850252,0.042253873118999995
Messier 67,604914502618876416,19.300303,20.778603,18.183952,0.8079240891055567,False,837.26777331,0.0872870850252,0.042253873118999995
Messier 67,604914536978619520,13.296779,13.612604,12.820325,0.8907192234136944,True,837.26777331,0.0872870850252,0.042253873118999995
Messier 67,604914601402325504,12.12951,12.616509,11.484776,1.0,True,837.26777331,0.0872870850252,0.042253873118999995
Messier 67,604914605698086784,16.073326,16.630234,15.356735,0.732223978591687,False,837.26777331,0.0872870850252,0.042253873118999995
Messier 67,604914708777297280,13.22975,13.521301,12.778492,0.4123813854717772,False,837.26777331,0.0872870850252,0.042253873118999995
Messier 67,604914777496782720,13.358971,13.663722,12.89034,0.6404710934931709,False,837.26777331,0.0872870850252,0.042253873118999995
Messier 67,604914807560715776,13.150158,13.448856,12.684945,0.5727251151924299,False,837.26777331,0.0872870850252,0.042253873118999995
Messier 67,604914807561160064,20.26366,21.193552,19.156086,0.2441792366305585,False,837.26777331,0.0872870850252,0.042253873118999995
Messier 67,604914807561160704,20.146946,21.211546,18.992004,0.2921012478356993,False,837.26777331,0.0872870850252,0.042253873118999995
Messier 67,604914846216261504,13.637011,13.935879,13.17491,0.3422152870807622,False,837.26777331,0.0872870850252,0.042253873118999995
Messier 67,604914846216261888,15.468982,15.932068,14.841591,0.8753298043423654,True,837.26777331,0.0872870850252,0.042253873118999995
Messier 67,604914880575997056,16.365776,16.988796,15.61235,0.973392078603206,True,837.26777331,0.0872870850252,0.042253873118999995
Messier 67,604914910640118656,16.008108,16.561281,15.299606,1.0,True,837.26777331,0.0872870850252,0.042253873118999995
Messier 67,604914944999667328,13.40965,13.696637,12.953093,0.9838980581556231,True,837.26777331,0.0872870850252,0.042253873118999995
Messier 67,604914945000917376,16.072231,16.4527,15.320887,0.7695593422295343,False,837.26777331,0.0872870850252,0.042253873118999995
Messier 67,604914949295282816,14.453478,14.799417,13.943151,0.9078955189008988,True,837.26777331,0.0872870850252,0.042253873118999995
Messier 67,604914949295285376,15.358693,15.809053,14.752244,0.8248753884594693,True,837.26777331,0.0872870850252,0.042253873118999995
Messier 67,604914949295475712,15.859119,16.401138,15.167948,0.6793879869901726,False,837.26777331,0.0872870850252,0.042253873118999995
Messier 67,604914983655018496,12.506425,12.820782,12.030207,0.4072196570600261,False,837.26777331,0.0872870850252,0.042253873118999995
Messier 67,604914983655019520,13.173609,13.47028,12.676565,0.5010332300133019,False,837.26777331,0.0872870850252,0.042253873118999995
Messier 67,604915013719302784,18.285435,19.348797,17.285898,0.503748660790376,False,837.26777331,0.0872870850252,0.042253873118999995
Messier 67,604915018014971264,18.191492,19.383915,17.114677,0.8363007696285788,True,837.26777331,0.0872870850252,0.042253873118999995
Messier 67,604915086734256000,15.181992,15.669201,14.528713,0.8800646702274315,True,837.26777331,0.0872870850252,0.042253873118999995
Messier 67,604915086734257152,15.228779,15.655323,14.630065,0.8969859156471021,True,837.26777331,0.0872870850252,0.042253873118999995
Messier 67,604915151159263360,20.584248,21.086464,19.230326,0.1894010210466573,False,837.26777331,0.0872870850252,0.042253873118999995
Messier 67,604915189813463808,13.46944,13.753651,13.026138,0.7440070214487537,False,837.26777331,0.0872870850252,0.042253873118999995
Messier 67,604915292892687744,15.25841,15.691687,14.670027,0.438410141541822,False,837.26777331,0.0872870850252,0.042253873118999995
Messier 67,604915322956791168,12.700096,12.975886,12.268518,0.9295166769617196,True,837.26777331,0.0872870850252,0.042253873118999995
Messier 67,604915391677373824,18.372913,19.280363,17.284899,0.6617222684182676,False,837.26777331,0.0872870850252,0.042253873118999995
Messier 67,604915395971900672,14.457218,14.875525,13.872722,0.8814669050548972,True,837.26777331,0.0872870850252,0.042253873118999995
Messier 67,604915499051114496,12.900631,13.209597,12.431833,0.519639959468643,False,837.26777331,0.0872870850252,0.042253873118999995
Messier 67,604915529115410048,18.553188,19.251,17.776075,0.1874583126616938,False,837.26777331,0.0872870850252,0.042253873118999995
Messier 67,604915567770583424,19.618628,20.859373,18.481266,0.3885826929250567,False,837.26777331,0.0872870850252,0.042253873118999995
Messier 67,604915597835911168,18.60319,19.73853,17.537197,0.2560389940365617,False,837.26777331,0.0872870850252,0.042253873118999995
Messier 67,604915602131975552,14.967095,15.365481,14.41083,0.9302162523386022,True,837.26777331,0.0872870850252,0.042253873118999995
Messier 67,604915636490059008,12.689348,13.125949,12.092453,0.6939706025836405,False,837.26777331,0.0872870850252,0.042253873118999995
Messier 67,604915705209528320,14.480405,14.831112,13.964437,0.8913192876568766,True,837.26777331,0.0872870850252,0.042253873118999995
Messier 67,604915739569260672,19.757383,20.8049,18.592316,0.3139173042067168,False,837.26777331,0.0872870850252,0.042253873118999995
Messier 67,604915739569261184,12.544513,12.919089,12.004771,0.8483082655610332,True,837.26777331,0.0872870850252,0.042253873118999995
Messier 67,604915773929008384,15.156463,15.572026,14.577989,0.8059250292141157,True,837.26777331,0.0872870850252,0.042253873118999995
Messier 67,604915842648492544,19.86482,21.01695,18.610283,0.3071348971271599,False,837.26777331,0.0872870850252,0.042253873118999995
Messier 67,604915877008228096,14.369842,14.715546,13.856938,0.6057599129909987,False,837.26777331,0.0872870850252,0.042253873118999995
Messier 67,604916010151555072,13.392233,13.677438,12.947267,0.910007081968976,True,837.26777331,0.0872870850252,0.042253873118999995
Messier 67,604916048806915200,15.971808,16.663055,15.170581,0.8019266636717847,True,837.26777331,0.0872870850252,0.042253873118999995
Messier 67,604916083166650752,17.682676,18.65833,16.761477,0.4891434254249438,False,837.26777331,0.0872870850252,0.042253873118999995
Messier 67,604916117526551680,14.419957,14.758982,13.914139,0.9431300600147116,True,837.26777331,0.0872870850252,0.042253873118999995
Messier 67,604916181950391936,17.032236,17.805647,16.195011,0.9815308364703034,True,837.26777331,0.0872870850252,0.042253873118999995
Messier 67,604916181950394240,17.251703,18.096827,16.374628,0.8645360084010569,True,837.26777331,0.0872870850252,0.042253873118999995
Messier 67,604916254965494528,15.112006,15.527562,14.532009,0.8597821790598132,True,837.26777331,0.0872870850252,0.042253873118999995
Messier 67,604916254965496960,20.242603,20.994928,19.04,0.2232048878252435,False,837.26777331,0.0872870850252,0.042253873118999995
Messier 67,604916319389359616,17.30213,18.199986,16.359018,0.4985984058246022,False,837.26777331,0.0872870850252,0.042253873118999995
Messier 67,604916353749267840,19.471544,20.695175,18.33243,0.2897293014991336,False,837.26777331,0.0872870850252,0.042253873118999995
Messier 67,604916392404461184,17.225681,18.021715,16.340746,0.5390095208375841,False,837.26777331,0.0872870850252,0.042253873118999995
Messier 67,604916422468464768,12.476053,12.772129,12.02049,0.916382944490516,True,837.26777331,0.0872870850252,0.042253873118999995
Messier 67,604916426764196224,15.260983,15.694745,14.661796,0.9237382898243792,True,837.26777331,0.0872870850252,0.042253873118999995
Messier 67,604916426764198400,12.669828,13.133375,12.048297,0.931687534031534,True,837.26777331,0.0872870850252,0.042253873118999995
Messier 67,604916461123940096,16.731655,17.397821,15.942239,0.3016420976870247,False,837.26777331,0.0872870850252,0.042253873118999995
Messier 67,604916461123940992,13.971025,14.271558,13.511087,0.3935253317218136,False,837.26777331,0.0872870850252,0.042253873118999995
Messier 67,604916495483676416,15.490891,16.02723,14.798805,0.9434055146699308,True,837.26777331,0.0872870850252,0.042253873118999995
Messier 67,604916525547792256,18.238626,19.599989,17.126713,0.333123348647809,False,837.26777331,0.0872870850252,0.042253873118999995
Messier 67,604916529843404928,17.483412,18.393568,16.571665,0.9597292647817666,True,837.26777331,0.0872870850252,0.042253873118999995
Messier 67,604916529843405696,14.711714,15.157405,14.099695,0.7060525737377186,False,837.26777331,0.0872870850252,0.042253873118999995
Messier 67,604916529843406976,14.979486,15.391625,14.401373,0.6643973038281022,False,837.26777331,0.0872870850252,0.042253873118999995
Messier 67,604916559907415040,12.513201,12.871524,11.988874,0.891046415214563,True,837.26777331,0.0872870850252,0.042253873118999995
Messier 67,604916559907536512,18.451387,19.762184,17.316462,0.2679909218523489,False,837.26777331,0.0872870850252,0.042253873118999995
Messier 67,604916564203137280,13.848256,14.174267,13.359042,1.0,True,837.26777331,0.0872870850252,0.042253873118999995
Messier 67,604916594267287040,17.182396,17.998962,16.298824,0.9353732332906242,True,837.26777331,0.0872870850252,0.042253873118999995
Messier 67,604916598562881280,15.925077,16.486528,15.21724,0.9396857770487697,True,837.26777331,0.0872870850252,0.042253873118999995
Messier 67,604916598562882048,14.407771,14.76915,13.874743,0.6687562256516674,False,837.26777331,0.0872870850252,0.042253873118999995
Messier 67,604916598562883456,17.719164,18.872446,16.68363,0.3850108621778386,False,837.26777331,0.0872870850252,0.042253873118999995
Messier 67,604916598562883968,15.982876,16.620945,15.213688,0.8396668348997953,True,837.26777331,0.0872870850252,0.042253873118999995
Messier 67,604916598562886272,17.125044,17.909771,16.26468,0.8501543832691824,True,837.26777331,0.0872870850252,0.042253873118999995
Messier 67,604916632922617088,14.028581,14.344998,13.549036,1.0,True,837.26777331,0.0872870850252,0.042253873118999995
Messier 67,604916667282344576,12.58977,12.961867,12.053606,0.9802975898040224,True,837.26777331,0.0872870850252,0.042253873118999995
Messier 67,604916697346488960,17.62397,18.488525,16.681686,0.8297360939069661,True,837.26777331,0.0872870850252,0.042253873118999995
Messier 67,604916701642080000,13.249134,13.536736,12.801349,0.7949469251210552,False,837.26777331,0.0872870850252,0.042253873118999995
Messier 67,604916736001826432,13.696044,13.993361,13.237873,0.8586519602293674,True,837.26777331,0.0872870850252,0.042253873118999995
Messier 67,604916770361557504,12.726845,13.183458,12.111678,1.0,True,837.26777331,0.0872870850252,0.042253873118999995
Messier 67,604916804721291776,14.115577,14.516032,13.545325,1.0,True,837.26777331,0.0872870850252,0.042253873118999995
Messier 67,604916839081025280,15.487612,16.152365,14.701262,1.0,True,837.26777331,0.0872870850252,0.042253873118999995
Messier 67,604916873440765696,14.595134,14.982977,14.037757,0.5198761050439876,False,837.26777331,0.0872870850252,0.042253873118999995
Messier 67,604916873440769152,11.221272,11.743878,10.544621,0.5844786435831683,False,837.26777331,0.0872870850252,0.042253873118999995
Messier 67,604916903504793856,14.330846,14.66713,13.827765,1.0,True,837.26777331,0.0872870850252,0.042253873118999995
Messier 67,604916976519989248,13.944253,14.263831,13.459221,0.7878903766944034,False,837.26777331,0.0872870850252,0.042253873118999995
Messier 67,604916976519990272,19.459126,20.60578,18.289759,0.2101635942963236,False,837.26777331,0.0872870850252,0.042253873118999995
Messier 67,604916976519992192,16.762136,17.473774,15.951523,0.6780032162436028,False,837.26777331,0.0872870850252,0.042253873118999995
Messier 67,604917006584145792,18.557055,19.779646,17.505602,0.6507358058869815,False,837.26777331,0.0872870850252,0.042253873118999995
Messier 67,604917010879734528,14.304262,14.64014,13.803463,1.0,True,837.26777331,0.0872870850252,0.042253873118999995
Messier 67,604917045239468544,13.555792,13.884696,13.061352,0.921223767098954,True,837.26777331,0.0872870850252,0.042253873118999995
Messier 67,604917148318674816,15.486406,15.951807,14.856154,0.8383496167698428,True,837.26777331,0.0872870850252,0.042253873118999995
Messier 67,604917148318677120,13.6566,13.951415,13.20011,1.0,True,837.26777331,0.0872870850252,0.042253873118999995
Messier 67,604917217038188288,11.146684,11.678301,10.462817,0.9182169384011514,True,837.26777331,0.0872870850252,0.042253873118999995
Messier 67,604917281461920256,12.624251,12.91075,12.181686,0.8842316990820489,True,837.26777331,0.0872870850252,0.042253873118999995
Messier 67,604917281461922432,13.042321,13.337784,12.584518,0.8947403471093942,True,837.26777331,0.0872870850252,0.042253873118999995
Messier 67,604917285756844800,18.40614,18.446009,16.981272,0.3107388075802494,False,837.26777331,0.0872870850252,0.042253873118999995
Messier 67,604917285757662592,13.048145,13.34153,12.594254,1.0,True,837.26777331,0.0872870850252,0.042253873118999995
Messier 67,604917285757663872,12.022738,12.256221,11.640588,0.253729688373716,False,837.26777331,0.0872870850252,0.042253873118999995
Messier 67,604917285757665920,12.782083,13.013401,12.40771,0.9950427141390455,True,837.26777331,0.0872870850252,0.042253873118999995
Messier 67,604917320117398400,13.319411,13.615169,12.756721,1.0,True,837.26777331,0.0872870850252,0.042253873118999995
Messier 67,604917320117398528,12.632659,13.031263,12.068992,0.2478915483841679,False,837.26777331,0.0872870850252,0.042253873118999995
Messier 67,604917320117399936,18.315613,19.372425,17.317163,0.5403564881809177,False,837.26777331,0.0872870850252,0.042253873118999995
Messier 67,604917320118983936,14.751254,15.124778,14.211747,0.9600692066116626,True,837.26777331,0.0872870850252,0.042253873118999995
Messier 67,604917354476416640,20.355694,21.324213,19.050377,0.2807981479751974,False,837.26777331,0.0872870850252,0.042253873118999995
Messier 67,604917354477128448,9.234212,9.923115,8.435984,0.7399214076641879,False,837.26777331,0.0872870850252,0.042253873118999995
Messier 67,604917354477131392,14.733531,15.202493,14.103336,1.0,True,837.26777331,0.0872870850252,0.042253873118999995
Messier 67,604917388836860416,12.552402,12.964187,11.977569,0.4369348067617222,False,837.26777331,0.0872870850252,0.042253873118999995
Messier 67,604917388836860544,12.479906,12.794325,12.003352,0.4471546728300643,False,837.26777331,0.0872870850252,0.042253873118999995
Messier 67,604917388836866560,15.419273,15.951048,14.728755,0.7796981681979678,False,837.26777331,0.0872870850252,0.042253873118999995
Messier 67,604917423196609280,12.390759,12.693912,11.926642,0.1646800295668289,False,837.26777331,0.0872870850252,0.042253873118999995
Messier 67,604917423196681088,14.304366,14.693179,13.748766,0.5292165344399041,False,837.26777331,0.0872870850252,0.042253873118999995
Messier 67,604917453260607488,13.629351,13.968946,13.118443,0.8068826028922956,True,837.26777331,0.0872870850252,0.042253873118999995
Messier 67,604917457556344320,17.012089,17.940544,16.05969,0.6154256156896524,False,837.26777331,0.0872870850252,0.042253873118999995
Messier 67,604917487620349184,12.937614,13.223788,12.495012,1.0,True,837.26777331,0.0872870850252,0.042253873118999995
Messier 67,604917487620477056,15.443939,16.012295,14.718127,1.0,True,837.26777331,0.0872870850252,0.042253873118999995
Messier 67,604917491915139200,16.010382,16.120451,15.055011,0.8695064172994517,True,837.26777331,0.0872870850252,0.042253873118999995
Messier 67,604917491915146368,18.911783,20.342783,17.722363,0.2840375148147728,False,837.26777331,0.0872870850252,0.042253873118999995
Messier 67,604917491916094336,17.997208,19.014456,17.02812,0.5088325911957599,False,837.26777331,0.0872870850252,0.042253873118999995
Messier 67,604917491916095872,12.357132,12.771552,11.773716,0.9902553448588552,True,837.26777331,0.0872870850252,0.042253873118999995
Messier 67,604917526275831040,13.535529,13.835016,13.071354,1.0,True,837.26777331,0.0872870850252,0.042253873118999995
Messier 67,604917560635575808,12.545176,12.800984,12.138132,0.4486638040979034,False,837.26777331,0.0872870850252,0.042253873118999995
Messier 67,604917560635577472,12.681729,12.971033,12.235587,1.0,True,837.26777331,0.0872870850252,0.042253873118999995
Messier 67,604917590699705344,17.290668,18.223747,16.361435,0.4796171238482619,False,837.26777331,0.0872870850252,0.042253873118999995
Messier 67,604917590699705472,18.9351,20.286268,17.882305,0.2927107158340968,False,837.26777331,0.0872870850252,0.042253873118999995
Messier 67,604917590700906624,18.590473,19.5997,17.438232,0.3026468248979344,False,837.26777331,0.0872870850252,0.042253873118999995
Messier 67,604917594995372160,17.062658,17.782806,16.05379,0.8401273120710044,True,837.26777331,0.0872870850252,0.042253873118999995
Messier 67,604917594995372544,9.921911,10.559404,9.158524,0.8599671377320725,True,837.26777331,0.0872870850252,0.042253873118999995
Messier 67,604917625061651328,16.603622,17.225872,15.798269,0.9951329146778408,True,837.26777331,0.0872870850252,0.042253873118999995
Messier 67,604917625065211008,16.08055,16.61993,15.357469,0.678201876152165,False,837.26777331,0.0872870850252,0.042253873118999995
Messier 67,604917629355037568,13.985338,14.353739,13.454699,1.0,True,837.26777331,0.0872870850252,0.042253873118999995
Messier 67,604917629355038720,12.679014,12.972798,12.227963,1.0,True,837.26777331,0.0872870850252,0.042253873118999995
Messier 67,604917629355038848,12.549206,12.837496,12.102559,1.0,True,837.26777331,0.0872870850252,0.042253873118999995
Messier 67,604917629355039360,14.055045,14.500699,13.430955,0.5592436755085146,False,837.26777331,0.0872870850252,0.042253873118999995
Messier 67,604917629355040896,15.436183,15.915837,14.788034,1.0,True,837.26777331,0.0872870850252,0.042253873118999995
Messier 67,604917629355042176,10.169919,10.713588,9.476929,1.0,True,837.26777331,0.0872870850252,0.042253873118999995
Messier 67,604917659419033600,13.090845,13.384382,12.638405,0.8595467839066147,True,837.26777331,0.0872870850252,0.042253873118999995
Messier 67,604917659419190656,16.957205,17.85862,15.9981,0.5545540426646626,False,837.26777331,0.0872870850252,0.042253873118999995
Messier 67,604917663714774272,15.847855,16.403856,15.150593,0.7202216844744285,False,837.26777331,0.0872870850252,0.042253873118999995
Messier 67,604917663714774784,13.094708,13.398149,12.630242,0.3007072548724451,False,837.26777331,0.0872870850252,0.042253873118999995
Messier 67,604917663714774912,17.290304,18.146122,16.384066,0.6290721728847447,False,837.26777331,0.0872870850252,0.042253873118999995
Messier 67,604917693779073280,19.652296,20.93655,18.520735,0.2280565313999169,False,837.26777331,0.0872870850252,0.042253873118999995
Messier 67,604917698073661952,18.737257,18.34954,18.873735,1.0,False,837.26777331,0.0872870850252,0.042253873118999995
Messier 67,604917698074520320,17.790794,18.863428,16.772799,0.4278765968086408,False,837.26777331,0.0872870850252,0.042253873118999995
Messier 67,604917698074587136,14.996793,15.395066,14.428158,1.0,True,837.26777331,0.0872870850252,0.042253873118999995
Messier 67,604917728138508160,11.241152,11.687434,10.627985,0.9461568046750216,True,837.26777331,0.0872870850252,0.042253873118999995
Messier 67,604917732434252032,15.922245,16.451397,15.235978,1.0,True,837.26777331,0.0872870850252,0.042253873118999995
Messier 67,604917732434325248,13.152652,13.391607,12.764563,0.8418345129438244,True,837.26777331,0.0872870850252,0.042253873118999995
Messier 67,604917766793981184,14.014697,14.328153,13.5367,1.0,True,837.26777331,0.0872870850252,0.042253873118999995
Messier 67,604917796857988480,13.462918,13.759935,13.006515,1.0,True,837.26777331,0.0872870850252,0.042253873118999995
Messier 67,604917831217725312,12.542159,12.846102,12.078667,1.0,True,837.26777331,0.0872870850252,0.042253873118999995
Messier 67,604917831217881728,12.55852,12.859772,12.093612,0.5254252397901524,False,837.26777331,0.0872870850252,0.042253873118999995
Messier 67,604917831219174528,13.156977,13.452969,12.663959,0.9140245139730921,True,837.26777331,0.0872870850252,0.042253873118999995
Messier 67,604917835512485248,17.091047,17.483303,15.865183,0.5126171608285134,False,837.26777331,0.0872870850252,0.042253873118999995
Messier 67,604917835513456512,11.031843,11.129699,10.845269,1.0,True,837.26777331,0.0872870850252,0.042253873118999995
Messier 67,604917835513458688,11.806252,12.311217,11.143867,0.4362008471653748,False,837.26777331,0.0872870850252,0.042253873118999995
Messier 67,604917835513458816,15.566227,15.89842,14.831392,1.0,True,837.26777331,0.0872870850252,0.042253873118999995
Messier 67,604917865577461888,12.715951,12.990767,12.286219,1.0,True,837.26777331,0.0872870850252,0.042253873118999995
Messier 67,604917869873191424,15.193318,15.719749,14.519032,1.0,True,837.26777331,0.0872870850252,0.042253873118999995
Messier 67,604917899937362048,17.822386,18.805185,16.867746,0.4848387883279092,False,837.26777331,0.0872870850252,0.042253873118999995
Messier 67,604917934296936704,11.352173,11.875141,10.6764,0.7952599269556669,False,837.26777331,0.0872870850252,0.042253873118999995
Messier 67,604917934296937344,12.105291,12.394946,11.656719,0.8499913110038395,True,837.26777331,0.0872870850252,0.042253873118999995
Messier 67,604917934296938240,12.405653,12.706324,11.943708,0.9049430205316252,True,837.26777331,0.0872870850252,0.042253873118999995
Messier 67,604917938592657024,14.765704,15.141557,14.222617,1.0,True,837.26777331,0.0872870850252,0.042253873118999995
Messier 67,604917968656982016,19.686945,20.915152,18.510252,0.240629626216537,False,837.26777331,0.0872870850252,0.042253873118999995
Messier 67,604917972952399232,12.437181,12.738634,11.976907,0.8317026998305798,True,837.26777331,0.0872870850252,0.042253873118999995
Messier 67,604917972952400256,15.30027,15.736032,14.698731,0.8256373993514957,True,837.26777331,0.0872870850252,0.042253873118999995
Messier 67,604917972952402048,16.68003,17.537863,15.769204,0.775775140441675,False,837.26777331,0.0872870850252,0.042253873118999995
Messier 67,604917972952402816,19.83932,20.951735,18.690905,0.1778348891544719,False,837.26777331,0.0872870850252,0.042253873118999995
Messier 67,604918041671889792,12.667932,12.921003,12.262112,0.5566770837804312,False,837.26777331,0.0872870850252,0.042253873118999995
Messier 67,604918041671892352,13.336247,13.633525,12.878822,0.7387648987696078,False,837.26777331,0.0872870850252,0.042253873118999995
Messier 67,604918071736056960,15.435865,16.013617,14.715878,0.9916502312299584,True,837.26777331,0.0872870850252,0.042253873118999995
Messier 67,604918076031622144,12.486162,12.785299,12.02574,0.6027084493932662,False,837.26777331,0.0872870850252,0.042253873118999995
Messier 67,604918076031623680,16.10769,16.82699,15.291208,0.9616762434672524,True,837.26777331,0.0872870850252,0.042253873118999995
Messier 67,604918106095629952,14.533395,14.906114,13.987061,0.4208597130793447,False,837.26777331,0.0872870850252,0.042253873118999995
Messier 67,604918110391371136,14.886848,15.263571,14.313904,1.0,True,837.26777331,0.0872870850252,0.042253873118999995
Messier 67,604918140455365888,14.182933,14.57405,13.629107,0.717992683025131,False,837.26777331,0.0872870850252,0.042253873118999995
Messier 67,604918140455366528,14.234067,14.571932,13.729442,1.0,True,837.26777331,0.0872870850252,0.042253873118999995
Messier 67,604918144751101440,10.236862,10.792387,9.534445,1.0,True,837.26777331,0.0872870850252,0.042253873118999995
Messier 67,604918174815279616,18.984114,20.129284,17.893824,0.3807110279974527,False,837.26777331,0.0872870850252,0.042253873118999995
Messier 67,604918179110834560,15.50867,15.964196,14.884211,0.6898313861925734,False,837.26777331,0.0872870850252,0.042253873118999995
Messier 67,604918179110923392,13.557446,13.839067,13.115232,0.6922239688955683,False,837.26777331,0.0872870850252,0.042253873118999995
Messier 67,604918179110923520,12.182929,12.304602,11.966126,0.8752759222381206,True,837.26777331,0.0872870850252,0.042253873118999995
Messier 67,604918213470564992,13.323231,13.613754,12.869064,0.9246966928074484,True,837.26777331,0.0872870850252,0.042253873118999995
Messier 67,604918213472162432,10.87859,10.996631,10.656403,0.8383496167698428,True,837.26777331,0.0872870850252,0.042253873118999995
Messier 67,604918243534758400,17.047455,17.841768,16.186275,0.7434511773311686,False,837.26777331,0.0872870850252,0.042253873118999995
Messier 67,604918247830308096,15.021776,15.445477,14.4308,0.5442569779043486,False,837.26777331,0.0872870850252,0.042253873118999995
Messier 67,604918247830309376,13.85127,14.16859,13.367574,1.0,True,837.26777331,0.0872870850252,0.042253873118999995
Messier 67,604918247830311552,14.705593,15.085048,14.158219,0.9805591125914483,True,837.26777331,0.0872870850252,0.042253873118999995
Messier 67,604918247830312576,13.943488,14.260462,13.463041,1.0,True,837.26777331,0.0872870850252,0.042253873118999995
Messier 67,604918247830312832,18.899218,20.032257,17.782984,0.5380754706437255,False,837.26777331,0.0872870850252,0.042253873118999995
Messier 67,604918282190042496,15.08917,15.499906,14.508126,0.6789635796316428,False,837.26777331,0.0872870850252,0.042253873118999995
Messier 67,604918316549769600,13.733011,14.075472,13.225611,1.0,True,837.26777331,0.0872870850252,0.042253873118999995
Messier 67,604918316549769728,13.816404,14.121263,13.35041,1.0,True,837.26777331,0.0872870850252,0.042253873118999995
Messier 67,604918316549771264,12.582053,12.871201,12.135184,0.5944919398299807,False,837.26777331,0.0872870850252,0.042253873118999995
Messier 67,604918350909506176,19.580399,21.115067,18.454018,0.3975728651172187,False,837.26777331,0.0872870850252,0.042253873118999995
Messier 67,604918522708192256,14.14483,14.494257,13.626384,0.5316238348746065,False,837.26777331,0.0872870850252,0.042253873118999995
Messier 67,604918522708195584,12.650929,13.143297,12.003389,0.3914346171456795,False,837.26777331,0.0872870850252,0.042253873118999995
Messier 67,604918552772398336,17.350405,18.29264,16.347801,0.510123126040616,False,837.26777331,0.0872870850252,0.042253873118999995
Messier 67,604918552772398720,18.876942,20.04233,17.809036,0.2521024868455487,False,837.26777331,0.0872870850252,0.042253873118999995
Messier 67,604918591427678848,12.475287,12.780436,12.008468,0.6148833895598192,False,837.26777331,0.0872870850252,0.042253873118999995
Messier 67,604918591427679104,12.545654,12.844304,12.085652,0.2788735190204785,False,837.26777331,0.0872870850252,0.042253873118999995
Messier 67,604918591427681024,10.866512,10.96033,10.68469,0.7479536324234609,False,837.26777331,0.0872870850252,0.042253873118999995
Messier 67,604918763226358656,14.967571,15.372852,14.400892,0.9141129272130956,True,837.26777331,0.0872870850252,0.042253873118999995
Messier 67,604918793290569856,17.3723,18.327208,16.40907,0.6852016172831512,False,837.26777331,0.0872870850252,0.042253873118999995
Messier 67,604918900665305600,18.47079,19.578617,17.434874,0.839119534325161,True,837.26777331,0.0872870850252,0.042253873118999995
Messier 67,604918900665306112,18.526575,19.798967,17.412994,0.2560234916379993,False,837.26777331,0.0872870850252,0.042253873118999995
Messier 67,604919033808556800,13.925874,14.2883,13.400465,0.6214437372298351,False,837.26777331,0.0872870850252,0.042253873118999995
Messier 67,604919136887960704,19.581518,20.694416,18.51491,0.5404129343781087,False,837.26777331,0.0872870850252,0.042253873118999995
Messier 67,604919209902956160,15.070633,15.485975,14.490996,0.8683757360477087,True,837.26777331,0.0872870850252,0.042253873118999995
Messier 67,604919239966985984,12.670234,12.967613,12.214078,0.7284484565641788,False,837.26777331,0.0872870850252,0.042253873118999995
Messier 67,604919244262692352,15.048021,15.452555,14.479931,0.7929542933997634,False,837.26777331,0.0872870850252,0.042253873118999995
Messier 67,604919278622426624,17.867449,18.891975,16.886477,0.4415632037162051,False,837.26777331,0.0872870850252,0.042253873118999995
Messier 67,604919450421136000,12.359346,12.692302,11.861644,0.7441115280118961,False,837.26777331,0.0872870850252,0.042253873118999995
Messier 67,604919480485158784,10.972071,11.508273,10.283169,0.7702336400656936,False,837.26777331,0.0872870850252,0.042253873118999995
Messier 67,604919484780879360,16.992613,17.940226,16.016449,0.3610504560248805,False,837.26777331,0.0872870850252,0.042253873118999995
Messier 67,604919583564564096,15.614151,16.10351,14.970559,0.8683250881903616,True,837.26777331,0.0872870850252,0.042253873118999995
Messier 67,604919587860083328,17.417578,18.294384,16.503275,0.1660556688528888,False,837.26777331,0.0872870850252,0.042253873118999995
Messier 67,604919617924301184,17.94578,18.953608,16.945137,0.9585498462054765,True,837.26777331,0.0872870850252,0.042253873118999995
Messier 67,604919690939411456,11.871005,12.371169,11.214236,1.0,True,837.26777331,0.0872870850252,0.042253873118999995
Messier 67,604919725299047424,16.304115,17.0596,15.453133,0.9291213153790108,True,837.26777331,0.0872870850252,0.042253873118999995
Messier 67,604919789722799232,15.21375,15.730239,14.541624,0.9313624996721283,True,837.26777331,0.0872870850252,0.042253873118999995
Messier 67,604919789722800256,13.650682,13.950048,13.189482,0.9253582942368218,True,837.26777331,0.0872870850252,0.042253873118999995
Messier 67,604919794018524032,19.535105,20.521858,18.33824,0.3682822059329339,False,837.26777331,0.0872870850252,0.042253873118999995
Messier 67,604919927161960448,16.37992,17.169735,15.514952,0.871344202845529,True,837.26777331,0.0872870850252,0.042253873118999995
Messier 67,604919965817201152,15.524313,15.991479,14.895766,0.6841936373618694,False,837.26777331,0.0872870850252,0.042253873118999995
Messier 67,604920000176937600,14.852621,15.243009,14.293426,0.7807119536389612,False,837.26777331,0.0872870850252,0.042253873118999995
Messier 67,604920030241180672,16.316282,16.943691,15.551748,0.6225233591605849,False,837.26777331,0.0872870850252,0.042253873118999995
Messier 67,604920030241548928,19.477013,20.578783,18.291706,0.2029527697554771,False,837.26777331,0.0872870850252,0.042253873118999995
Messier 67,604920098965736832,18.674818,19.870594,17.576674,0.1989204881581214,False,837.26777331,0.0872870850252,0.042253873118999995
Messier 67,604920171975748224,17.396189,18.272486,16.474798,0.3850108621778386,False,837.26777331,0.0872870850252,0.042253873118999995
Messier 67,604920202039656064,10.210122,10.752384,9.518223,0.8683757360477087,True,837.26777331,0.0872870850252,0.042253873118999995
Messier 67,604920236399979264,20.112614,21.087114,18.942379,0.1815065554431392,False,837.26777331,0.0872870850252,0.042253873118999995
Messier 67,604920275054845824,14.4128,14.762888,13.895646,0.8969361249185355,True,837.26777331,0.0872870850252,0.042253873118999995
Messier 67,604920305119088128,17.80563,19.010473,16.717411,0.4984040863449379,False,837.26777331,0.0872870850252,0.042253873118999995
Messier 67,604920339478833536,18.033436,19.074389,17.045065,0.5565681186615618,False,837.26777331,0.0872870850252,0.042253873118999995
Messier 67,604920442558052992,15.650209,16.251682,14.894602,0.6388947136073322,False,837.26777331,0.0872870850252,0.042253873118999995
Messier 67,604920481213271296,14.315495,14.721404,13.742359,0.8151285327482578,True,837.26777331,0.0872870850252,0.042253873118999995
Messier 67,604920515573076352,13.754309,14.05267,13.296951,1.0,True,837.26777331,0.0872870850252,0.042253873118999995
Messier 67,604920515573077632,14.689736,15.05479,14.160499,1.0,True,837.26777331,0.0872870850252,0.042253873118999995
Messier 67,604920549932807296,17.32688,18.180273,16.42742,0.7578606841133836,False,837.26777331,0.0872870850252,0.042253873118999995
Messier 67,604920549932808320,13.987426,14.296,13.515289,1.0,True,837.26777331,0.0872870850252,0.042253873118999995
Messier 67,604920549932809344,15.164518,15.583834,14.576519,0.8045669441597983,True,837.26777331,0.0872870850252,0.042253873118999995
Messier 67,604920549932809472,17.08221,17.919245,16.181067,0.6698424625945207,False,837.26777331,0.0872870850252,0.042253873118999995
Messier 67,604920549932810368,16.896048,17.626347,16.062708,0.9387072664212472,True,837.26777331,0.0872870850252,0.042253873118999995
Messier 67,604920584291606144,19.622084,20.882513,18.538702,0.2067055585314442,False,837.26777331,0.0872870850252,0.042253873118999995
Messier 67,604920584292552832,13.630787,13.930822,13.168488,0.783591089352423,False,837.26777331,0.0872870850252,0.042253873118999995
Messier 67,604920648716270848,12.492557,12.803346,12.021191,1.0,True,837.26777331,0.0872870850252,0.042253873118999995
Messier 67,604920653012016896,15.434878,15.876985,14.830771,0.9356074135240948,True,837.26777331,0.0872870850252,0.042253873118999995
Messier 67,604920653012018688,13.71689,14.014318,13.259542,1.0,True,837.26777331,0.0872870850252,0.042253873118999995
Messier 67,604920653012020864,15.765214,16.41478,15.000711,1.0,True,837.26777331,0.0872870850252,0.042253873118999995
Messier 67,604920683076006272,12.390369,12.694798,11.925044,1.0,True,837.26777331,0.0872870850252,0.042253873118999995
Messier 67,604920687371751936,13.801401,14.10154,13.340214,1.0,True,837.26777331,0.0872870850252,0.042253873118999995
Messier 67,604920717435743872,12.653306,12.94124,12.207978,0.8695064172994517,True,837.26777331,0.0872870850252,0.042253873118999995
Messier 67,604920721731496064,13.037514,13.319734,12.601793,0.2010073744840138,False,837.26777331,0.0872870850252,0.042253873118999995
Messier 67,604920751795652864,19.87217,20.691938,18.723429,0.2060756351714587,False,837.26777331,0.0872870850252,0.042253873118999995
Messier 67,604920756091231232,15.270044,15.823313,14.571344,1.0,True,837.26777331,0.0872870850252,0.042253873118999995
Messier 67,604920756091231488,14.131107,14.469818,13.620502,0.7031921468483909,False,837.26777331,0.0872870850252,0.042253873118999995
Messier 67,604920756091231744,10.845772,11.387247,10.152047,1.0,True,837.26777331,0.0872870850252,0.042253873118999995
Messier 67,604920756091232256,13.021137,13.316854,12.562645,0.9887470637777522,True,837.26777331,0.0872870850252,0.042253873118999995
Messier 67,604920756091233408,13.35867,13.65143,12.904737,0.4447764906169305,False,837.26777331,0.0872870850252,0.042253873118999995
Messier 67,604920786155223552,13.612037,13.908195,13.154003,0.8518387760686122,True,837.26777331,0.0872870850252,0.042253873118999995
Messier 67,604920786155388544,15.321573,15.745658,14.732348,0.8732669051202271,True,837.26777331,0.0872870850252,0.042253873118999995
Messier 67,604920824810533376,13.431571,13.725635,12.978494,1.0,True,837.26777331,0.0872870850252,0.042253873118999995
Messier 67,604920824810533632,15.237194,15.704848,14.596461,0.8705651986438931,True,837.26777331,0.0872870850252,0.042253873118999995
Messier 67,604920824810716672,15.109005,15.623593,14.436963,0.7062333617444152,False,837.26777331,0.0872870850252,0.042253873118999995
Messier 67,604920889234433792,13.643402,13.93645,13.190079,1.0,True,837.26777331,0.0872870850252,0.042253873118999995
Messier 67,604920893530008064,17.367966,18.225878,16.478024,0.4225147148172934,False,837.26777331,0.0872870850252,0.042253873118999995
Messier 67,604920923594172672,13.237622,13.531313,12.78155,1.0,True,837.26777331,0.0872870850252,0.042253873118999995
Messier 67,604920923594172928,12.152578,12.39296,11.544252,0.8442601033633426,True,837.26777331,0.0872870850252,0.042253873118999995
Messier 67,604920927889741696,14.672547,15.066318,14.100272,0.7274022599016678,False,837.26777331,0.0872870850252,0.042253873118999995
Messier 67,604920927889929216,13.486864,13.780144,13.030731,0.9359363339128968,True,837.26777331,0.0872870850252,0.042253873118999995
Messier 67,604920957953908864,13.462174,13.743686,13.018177,1.0,True,837.26777331,0.0872870850252,0.042253873118999995
Messier 67,604920962249663360,12.771166,13.198056,12.183865,0.991324953192902,True,837.26777331,0.0872870850252,0.042253873118999995
Messier 67,604921030968952704,17.45398,18.500809,16.453196,0.7781072530888841,False,837.26777331,0.0872870850252,0.042253873118999995
Messier 67,604921030968952832,13.129307,13.670578,12.434709,1.0,True,837.26777331,0.0872870850252,0.042253873118999995
Messier 67,604921065328866688,18.437265,19.632492,17.36901,0.8449526914012416,False,837.26777331,0.0872870850252,0.042253873118999995
Messier 67,604921065328868992,16.21249,16.704727,15.323589,0.1781940705220962,False,837.26777331,0.0872870850252,0.042253873118999995
Messier 67,604921129752600832,12.798285,13.232905,12.202791,1.0,True,837.26777331,0.0872870850252,0.042253873118999995
Messier 67,604921134048344960,17.736376,18.90862,16.695963,0.4203287835123089,False,837.26777331,0.0872870850252,0.042253873118999995
Messier 67,604921134048349824,14.146556,14.479649,13.653684,0.846460609155485,True,837.26777331,0.0872870850252,0.042253873118999995
Messier 67,604921164112524800,18.32361,19.451448,17.298239,0.7799177243928178,False,837.26777331,0.0872870850252,0.042253873118999995
Messier 67,604921168408082048,13.148642,13.441898,12.694894,1.0,True,837.26777331,0.0872870850252,0.042253873118999995
Messier 67,604921168408082304,13.88508,14.224753,13.378167,0.998351565452856,True,837.26777331,0.0872870850252,0.042253873118999995
Messier 67,604921198472075008,12.497738,12.842087,11.990256,1.0,True,837.26777331,0.0872870850252,0.042253873118999995
Messier 67,604921202767809664,14.762794,15.179295,14.175256,1.0,True,837.26777331,0.0872870850252,0.042253873118999995
Messier 67,604921202767811712,13.17651,13.42823,12.769855,0.7983298934626186,False,837.26777331,0.0872870850252,0.042253873118999995
Messier 67,604921202767814016,14.422542,14.829265,13.844471,0.783209927850024,False,837.26777331,0.0872870850252,0.042253873118999995
Messier 67,604921202767814528,10.931228,10.968402,10.845841,1.0,True,837.26777331,0.0872870850252,0.042253873118999995
Messier 67,604921271487102464,13.119683,13.421397,12.656186,1.0,True,837.26777331,0.0872870850252,0.042253873118999995
Messier 67,604921271487287296,12.661663,12.955882,12.208599,1.0,True,837.26777331,0.0872870850252,0.042253873118999995
Messier 67,604921305846834816,16.299547,16.895348,15.556564,0.5490089220658447,False,837.26777331,0.0872870850252,0.042253873118999995
Messier 67,604921305846836864,14.019467,14.340789,13.535252,1.0,True,837.26777331,0.0872870850252,0.042253873118999995
Messier 67,604921340206591744,16.950493,17.754972,16.086416,0.4112585911800328,False,837.26777331,0.0872870850252,0.042253873118999995
Messier 67,604921374566321920,11.133349,11.454284,10.644741,0.4719155082812563,False,837.26777331,0.0872870850252,0.042253873118999995
Messier 67,604921374566323200,13.720305,14.016513,13.264818,0.982094485847737,True,837.26777331,0.0872870850252,0.042253873118999995
Messier 67,604921374566324992,13.745495,14.07197,13.252782,0.8491236576640889,True,837.26777331,0.0872870850252,0.042253873118999995
Messier 67,604921408926071424,14.823226,15.201098,14.279293,1.0,True,837.26777331,0.0872870850252,0.042253873118999995
Messier 67,604921438990241280,12.673018,12.966547,12.22167,0.2277630872269338,False,837.26777331,0.0872870850252,0.042253873118999995
Messier 67,604921477645534976,15.07166,15.486084,14.496745,0.9454143997249776,True,837.26777331,0.0872870850252,0.042253873118999995
Messier 67,604921512005265664,12.605678,12.900093,12.152141,1.0,True,837.26777331,0.0872870850252,0.042253873118999995
Messier 67,604921512005266048,10.205753,10.743608,9.516186,0.8175549557583963,True,837.26777331,0.0872870850252,0.042253873118999995
Messier 67,604921512005268608,15.330952,15.769294,14.726457,1.0,True,837.26777331,0.0872870850252,0.042253873118999995
Messier 67,604921580724745984,14.013014,14.330852,13.532809,1.0,True,837.26777331,0.0872870850252,0.042253873118999995
Messier 67,604921679508385664,14.645685,15.007783,14.115881,1.0,True,837.26777331,0.0872870850252,0.042253873118999995
Messier 67,604921713868337280,16.698328,17.394485,15.88062,0.7768656606799004,False,837.26777331,0.0872870850252,0.042253873118999995
Messier 67,604921713868728448,17.987682,18.898869,17.026335,0.5893741502551362,False,837.26777331,0.0872870850252,0.042253873118999995
Messier 67,604921718163730560,13.870309,14.214369,13.359421,0.5404478435843494,False,837.26777331,0.0872870850252,0.042253873118999995
Messier 67,604921748227889152,14.714022,15.084615,14.176814,0.9764297268243308,True,837.26777331,0.0872870850252,0.042253873118999995
Messier 67,604921816947364480,15.414886,15.957993,14.716002,0.9451421416435872,True,837.26777331,0.0872870850252,0.042253873118999995
Messier 67,604921821242942464,13.699832,13.9975,13.242434,0.5776052884275003,False,837.26777331,0.0872870850252,0.042253873118999995
Messier 67,604921821242945536,14.795678,15.178434,14.248102,0.7687977858340657,False,837.26777331,0.0872870850252,0.042253873118999995
Messier 67,604921855602675840,13.732728,14.034762,13.266476,0.7284724969416478,False,837.26777331,0.0872870850252,0.042253873118999995
Messier 67,604921855602675968,12.407134,12.768272,11.874251,0.8041241861178939,True,837.26777331,0.0872870850252,0.042253873118999995
Messier 67,604921885666815360,13.959219,14.271731,13.485371,0.7774024352860464,False,837.26777331,0.0872870850252,0.042253873118999995
Messier 67,604921924322164608,12.614841,13.093508,11.977813,0.652659102371106,False,837.26777331,0.0872870850252,0.042253873118999995
Messier 67,604921958681906176,11.829176,12.127011,11.363302,0.7314210520173082,False,837.26777331,0.0872870850252,0.042253873118999995
Messier 67,604921988746029312,14.834445,15.220432,14.283991,0.9872345011911096,True,837.26777331,0.0872870850252,0.042253873118999995
Messier 67,604922027401371904,17.02906,17.79207,16.173653,0.5693751950626076,False,837.26777331,0.0872870850252,0.042253873118999995
Messier 67,604922027401374080,16.334093,16.946537,15.587191,0.872488464921137,True,837.26777331,0.0872870850252,0.042253873118999995
Messier 67,604922057465737472,17.619106,18.611465,16.622108,0.4084900056330296,False,837.26777331,0.0872870850252,0.042253873118999995
Messier 67,604922057465857792,19.89764,21.131987,18.74163,0.4364018869318769,False,837.26777331,0.0872870850252,0.042253873118999995
Messier 67,604922061761107584,14.857274,15.242156,14.306003,0.9326680975361554,True,837.26777331,0.0872870850252,0.042253873118999995
Messier 67,604922096120852864,14.606981,14.972596,14.077296,0.7234123632552683,False,837.26777331,0.0872870850252,0.042253873118999995
Messier 67,604922130480588544,16.734282,17.431637,15.9367,0.6266066939216912,False,837.26777331,0.0872870850252,0.042253873118999995
Messier 67,604922164840316416,15.971505,16.662075,15.154061,0.9941480854931056,True,837.26777331,0.0872870850252,0.042253873118999995
Messier 67,604922164840316672,10.222875,10.768009,9.52899,1.0,True,837.26777331,0.0872870850252,0.042253873118999995
Messier 67,604922229264424448,17.073603,17.86909,16.200783,0.85538870497877,True,837.26777331,0.0872870850252,0.042253873118999995
Messier 67,604922229264428544,16.583542,17.246048,15.800012,0.9378664634654498,True,837.26777331,0.0872870850252,0.042253873118999995
Messier 67,604922233561475968,16.205864,16.797052,15.474941,0.6693174535910545,False,837.26777331,0.0872870850252,0.042253873118999995
Messier 67,604922267919525504,14.00437,14.324421,13.521067,0.9675601942162558,True,837.26777331,0.0872870850252,0.042253873118999995
Messier 67,604922267919526912,15.309071,15.742686,14.710083,0.8732669051202271,True,837.26777331,0.0872870850252,0.042253873118999995
Messier 67,604922297983905920,19.15547,20.36376,18.041359,0.4613387650934684,False,837.26777331,0.0872870850252,0.042253873118999995
Messier 67,604922302279256320,16.322758,17.04609,15.50248,0.1937599523684946,False,837.26777331,0.0872870850252,0.042253873118999995
Messier 67,604922302279259008,13.402018,13.710562,12.932329,0.941638002320416,True,837.26777331,0.0872870850252,0.042253873118999995
Messier 67,604922336638992128,15.92281,16.478056,15.219828,0.8442601033633426,True,837.26777331,0.0872870850252,0.042253873118999995
Messier 67,604922370997734016,19.574957,21.077665,18.47028,0.5668950029874139,False,837.26777331,0.0872870850252,0.042253873118999995
Messier 67,604922435422864512,17.419231,18.603085,16.344753,0.4896615589357289,False,837.26777331,0.0872870850252,0.042253873118999995
Messier 67,604922474077954944,15.055208,15.454335,14.488711,0.8564166722371092,True,837.26777331,0.0872870850252,0.042253873118999995
Messier 67,604922474077958144,15.995755,16.551722,15.29822,0.3484381127388984,False,837.26777331,0.0872870850252,0.042253873118999995
Messier 67,604922641581304576,15.509171,15.973046,14.885082,0.6051375061021427,False,837.26777331,0.0872870850252,0.042253873118999995
Messier 67,604922748956025216,12.008891,12.505912,11.354177,0.82705794577186,True,837.26777331,0.0872870850252,0.042253873118999995
Messier 67,604922779020036736,13.567353,13.868017,13.105061,1.0,True,837.26777331,0.0872870850252,0.042253873118999995
Messier 67,604922779020036992,12.938089,13.228318,12.490938,1.0,True,837.26777331,0.0872870850252,0.042253873118999995
Messier 67,604922783315580288,15.21319,15.647864,14.617261,1.0,True,837.26777331,0.0872870850252,0.042253873118999995
Messier 67,604922817675315968,18.915993,20.28006,17.74992,0.5254122318921168,False,837.26777331,0.0872870850252,0.042253873118999995
Messier 67,604922817675316096,14.96619,15.364067,14.398642,0.861312927767716,True,837.26777331,0.0872870850252,0.042253873118999995
Messier 67,604922847739721856,18.085344,19.089417,17.113756,0.4704324338809575,False,837.26777331,0.0872870850252,0.042253873118999995
Messier 67,604922847739724800,18.046719,19.092329,17.058943,0.3938939159016847,False,837.26777331,0.0872870850252,0.042253873118999995
Messier 67,604922886394970240,16.897709,17.640144,16.067812,0.8227865885157437,True,837.26777331,0.0872870850252,0.042253873118999995
Messier 67,604922886394972160,12.646031,12.935818,12.196179,0.7538872641320021,False,837.26777331,0.0872870850252,0.042253873118999995
Messier 67,604922920754523136,13.064538,13.358602,12.604801,0.9907219150076996,True,837.26777331,0.0872870850252,0.042253873118999995
Messier 67,604922920754523520,15.285419,15.724906,14.678334,0.7056118582480932,False,837.26777331,0.0872870850252,0.042253873118999995
Messier 67,604922920754526080,19.255949,20.559507,18.124228,0.1891875875392362,False,837.26777331,0.0872870850252,0.042253873118999995
Messier 67,604922920754526336,14.985489,15.400153,14.404499,1.0,True,837.26777331,0.0872870850252,0.042253873118999995
Messier 67,604922985178465152,12.686858,12.989913,12.225514,0.7683145415826103,False,837.26777331,0.0872870850252,0.042253873118999995
Messier 67,604923023833743744,15.51013,15.98332,14.878817,0.845305194498488,True,837.26777331,0.0872870850252,0.042253873118999995
Messier 67,604923023833744896,16.82904,17.561981,16.001623,0.6246046504250474,False,837.26777331,0.0872870850252,0.042253873118999995
Messier 67,604923092553224320,19.002293,20.28099,17.950306,0.4796171238482619,False,837.26777331,0.0872870850252,0.042253873118999995
Messier 67,604923126912957952,17.994484,18.991241,17.017082,0.3795531611528772,False,837.26777331,0.0872870850252,0.042253873118999995
Messier 67,604923126912959104,13.500302,13.820266,13.016366,0.8044344687763016,True,837.26777331,0.0872870850252,0.042253873118999995
Messier 67,604923191337116672,18.725708,20.162561,17.664635,0.4796171238482619,False,837.26777331,0.0872870850252,0.042253873118999995
Messier 67,604923195632435968,19.586857,21.137321,18.392298,0.2762694835536211,False,837.26777331,0.0872870850252,0.042253873118999995
Messier 67,604923333071376512,15.663899,16.161303,15.013148,0.9585498462054765,True,837.26777331,0.0872870850252,0.042253873118999995
Messier 67,604923367432823808,10.234691,10.783527,9.536458,0.8619720710449693,True,837.26777331,0.0872870850252,0.042253873118999995
Messier 67,604923470510324224,12.654641,13.128772,12.022124,0.5063994686297154,False,837.26777331,0.0872870850252,0.042253873118999995
Messier 67,604923470510326784,13.429287,13.715576,12.981228,0.7008469168226424,False,837.26777331,0.0872870850252,0.042253873118999995
Messier 67,604923607949286912,14.259432,14.597058,13.757588,0.8029075225514815,True,837.26777331,0.0872870850252,0.042253873118999995
Messier 67,604923607949288064,13.826932,14.130809,13.360292,0.7855334964037908,False,837.26777331,0.0872870850252,0.042253873118999995
Messier 67,604923706733209088,16.410458,17.209406,15.545003,0.5095494513355391,False,837.26777331,0.0872870850252,0.042253873118999995
Messier 67,604923745388235136,15.54789,16.121712,14.825359,0.5072330090077648,False,837.26777331,0.0872870850252,0.042253873118999995
Messier 67,604923809818135936,18.213108,19.2552,17.181208,0.2661324222559231,False,837.26777331,0.0872870850252,0.042253873118999995
Messier 67,604923848467467648,13.160912,13.472093,12.685681,0.6769350041328837,False,837.26777331,0.0872870850252,0.042253873118999995
Messier 67,604923848467470976,17.374266,18.215607,16.47403,0.6225233591605849,False,837.26777331,0.0872870850252,0.042253873118999995
Messier 67,604923882827217024,13.979341,14.292358,13.506415,0.950838971618576,True,837.26777331,0.0872870850252,0.042253873118999995
Messier 67,604923947251366656,15.458443,16.063732,14.711127,0.9280039663657372,True,837.26777331,0.0872870850252,0.042253873118999995
Messier 67,604924088985646464,18.129925,19.210012,17.14955,0.4597668864960768,False,837.26777331,0.0872870850252,0.042253873118999995
Messier 67,604924088985647360,18.112778,19.105743,17.126534,0.4362008471653748,False,837.26777331,0.0872870850252,0.042253873118999995
Messier 67,604924123345378688,19.568968,20.949074,18.416042,0.2217472995279296,False,837.26777331,0.0872870850252,0.042253873118999995
Messier 67,604924157705123072,19.508514,20.632427,18.357515,0.1597765651590947,False,837.26777331,0.0872870850252,0.042253873118999995
Messier 67,604924226424589568,18.221039,19.364107,17.188307,0.3778363747619691,False,837.26777331,0.0872870850252,0.042253873118999995
Messier 67,604924290848519168,12.04278,12.533648,11.394725,0.7678735133187015,False,837.26777331,0.0872870850252,0.042253873118999995
Messier 67,604924393927734528,12.607555,12.981617,12.070456,0.5772274795582778,False,837.26777331,0.0872870850252,0.042253873118999995
Messier 67,604924531366686080,13.897799,14.205775,13.4166,0.7328516203338193,False,837.26777331,0.0872870850252,0.042253873118999995
Messier 67,604924531366934784,19.415745,20.666931,18.24155,0.3939133462797542,False,837.26777331,0.0872870850252,0.042253873118999995
Messier 67,604924668805890816,17.687927,18.724928,16.666796,0.4468785291319677,False,837.26777331,0.0872870850252,0.042253873118999995
Messier 67,604924707462709120,19.33525,20.5469,18.204744,0.1783181431591463,False,837.26777331,0.0872870850252,0.042253873118999995
Messier 67,604924737525369344,18.040232,19.106047,17.016909,0.4220788431515024,False,837.26777331,0.0872870850252,0.042253873118999995
Messier 67,604924776180388736,13.652542,13.976088,13.163943,0.6219345483208427,False,837.26777331,0.0872870850252,0.042253873118999995
Messier 67,604924840604588416,19.54458,20.925879,18.412025,0.6274770188258239,False,837.26777331,0.0872870850252,0.042253873118999995
Messier 67,604925046762260096,19.494854,20.810186,18.388117,0.3026855310351188,False,837.26777331,0.0872870850252,0.042253873118999995
Messier 67,604925085418183296,17.119549,18.037663,16.161201,0.4207224281858564,False,837.26777331,0.0872870850252,0.042253873118999995
Messier 67,604925390359645056,18.594435,19.36485,17.3219,0.2690581265157573,False,837.26777331,0.0872870850252,0.042253873118999995
Messier 67,604925875692160640,13.524063,13.809959,13.079426,0.4847030601792904,False,837.26777331,0.0872870850252,0.042253873118999995
Messier 67,604926184929812224,17.929728,18.91541,16.947565,0.2904379230859083,False,837.26777331,0.0872870850252,0.042253873118999995
Messier 67,604926322368772096,16.372826,17.065014,15.559773,0.4081178772472618,False,837.26777331,0.0872870850252,0.042253873118999995
Messier 67,604926386792726016,18.76508,20.01203,17.643242,0.6097388518535843,False,837.26777331,0.0872870850252,0.042253873118999995
Messier 67,604926494167460352,14.427105,14.843043,13.847182,0.5660322225288532,False,837.26777331,0.0872870850252,0.042253873118999995
Messier 67,604926494167461376,15.631971,16.275284,14.857775,0.5280678012621782,False,837.26777331,0.0872870850252,0.042253873118999995
Messier 67,604926631606409600,12.279008,12.777445,11.624833,0.5148065890553442,False,837.26777331,0.0872870850252,0.042253873118999995
Messier 67,604926799108925312,19.220482,20.338188,18.047281,0.1734195417718401,False,837.26777331,0.0872870850252,0.042253873118999995
Messier 67,604926936547878400,19.927132,20.942106,18.707073,0.3210411789752692,False,837.26777331,0.0872870850252,0.042253873118999995
Messier 67,604926940844054272,15.021946,15.440061,14.434887,0.4025298335434119,False,837.26777331,0.0872870850252,0.042253873118999995
Messier 67,604927039627095040,18.048517,19.121872,17.041248,0.5980035193009848,False,837.26777331,0.0872870850252,0.042253873118999995
Messier 67,604927421880381184,19.98986,21.026426,18.776636,0.1817606502300467,False,837.26777331,0.0872870850252,0.042253873118999995
Messier 67,604928036059785088,20.237804,21.517385,19.157751,0.2052120178282638,False,837.26777331,0.0872870850252,0.042253873118999995
Messier 67,604928139138729344,16.69781,17.365993,15.897551,0.1685214250647583,False,837.26777331,0.0872870850252,0.042253873118999995
Messier 67,604928658830961280,15.37342,15.812525,14.768959,0.5086253615859168,False,837.26777331,0.0872870850252,0.042253873118999995
Messier 67,604929346025748608,17.126034,18.108011,16.156424,0.5964239930912952,False,837.26777331,0.0872870850252,0.042253873118999995
Messier 67,604929620903656192,16.133791,16.923018,15.258185,0.3614543746801464,False,837.26777331,0.0872870850252,0.042253873118999995
Messier 67,604929620903657856,19.189928,20.402498,18.094624,0.5897183276173374,False,837.26777331,0.0872870850252,0.042253873118999995
Messier 67,604929655263400832,19.390493,20.656515,18.253105,0.3090279033001292,False,837.26777331,0.0872870850252,0.042253873118999995
Messier 67,604929689624751488,19.389622,20.480927,18.234455,0.2323105280248095,False,837.26777331,0.0872870850252,0.042253873118999995
Messier 67,604930067580245888,13.348781,13.637129,12.900452,0.6662655333009591,False,837.26777331,0.0872870850252,0.042253873118999995
Messier 67,604930235082768768,17.002968,17.777235,16.159985,0.4949641188507933,False,837.26777331,0.0872870850252,0.042253873118999995
Messier 67,604930445537379712,17.543928,18.409216,16.630402,0.3882688048065055,False,837.26777331,0.0872870850252,0.042253873118999995
Messier 67,604930445537379968,19.08362,20.34486,17.95167,0.5179002547101867,False,837.26777331,0.0872870850252,0.042253873118999995
Messier 67,604930445537381632,14.831528,15.217728,14.27806,0.5527459529395392,False,837.26777331,0.0872870850252,0.042253873118999995
Messier 67,604930509961364352,17.278978,18.093893,16.383467,0.7437653549572734,False,837.26777331,0.0872870850252,0.042253873118999995
Messier 67,604930544320911744,13.566598,13.859755,13.112148,0.6444058001376382,False,837.26777331,0.0872870850252,0.042253873118999995
Messier 67,604930681760052096,19.41858,20.541445,18.299019,0.2978145678517141,False,837.26777331,0.0872870850252,0.042253873118999995
Messier 67,604930681760052864,20.176083,20.760233,19.001066,0.2156614439390602,False,837.26777331,0.0872870850252,0.042253873118999995
Messier 67,604930681760054656,17.732718,18.691216,16.785843,0.6376568779491613,False,837.26777331,0.0872870850252,0.042253873118999995
Messier 67,604930754775030400,15.839399,16.366978,15.159467,0.5659264897051718,False,837.26777331,0.0872870850252,0.042253873118999995
Messier 67,604931064012660992,13.508189,13.799215,13.05796,0.6543345167124601,False,837.26777331,0.0872870850252,0.042253873118999995
Messier 67,604931132732290944,14.454188,14.796525,13.945246,0.6229771528437491,False,837.26777331,0.0872870850252,0.042253873118999995
Messier 67,604931338890569344,18.712467,19.784817,17.616388,0.2245396749804731,False,837.26777331,0.0872870850252,0.042253873118999995
Messier 67,604931441969782272,16.26802,16.886787,15.511423,0.3906973694595241,False,837.26777331,0.0872870850252,0.042253873118999995
Messier 67,604931472033361280,19.610777,20.739225,18.445301,0.1762457066133884,False,837.26777331,0.0872870850252,0.042253873118999995
Messier 67,604931815630738688,19.110207,20.249035,18.04312,0.3673009562508184,False,837.26777331,0.0872870850252,0.042253873118999995
Messier 67,604931819926896384,16.071657,16.63157,15.370012,0.4716184094075784,False,837.26777331,0.0872870850252,0.042253873118999995
Messier 67,604932124868388224,18.171476,19.11874,17.15262,0.2258260861281621,False,837.26777331,0.0872870850252,0.042253873118999995
Messier 67,604932404042610176,15.536377,16.007614,14.911952,0.6053821574261696,False,837.26777331,0.0872870850252,0.042253873118999995
Messier 67,604932988158004352,20.037403,21.04544,18.888771,0.2760367754605375,False,837.26777331,0.0872870850252,0.042253873118999995
Messier 67,604933018221557120,14.631114,14.987229,14.10958,0.5703972417181061,False,837.26777331,0.0872870850252,0.042253873118999995
Messier 67,604933121300811520,18.125463,19.143707,17.13646,0.2473806367006567,False,837.26777331,0.0872870850252,0.042253873118999995
Messier 67,604933125596954240,14.777056,15.152422,14.236844,0.6077947652164842,False,837.26777331,0.0872870850252,0.042253873118999995
Messier 67,604933228676166656,16.11347,16.67,15.355388,0.3769482730121439,False,837.26777331,0.0872870850252,0.042253873118999995
Messier 67,604933400474853248,14.860549,15.276783,14.273108,0.2757154937407826,False,837.26777331,0.0872870850252,0.042253873118999995
Messier 67,604934190748829312,13.952044,14.303425,13.432114,0.3645393528280441,False,837.26777331,0.0872870850252,0.042253873118999995
Messier 67,604934465626731520,16.44739,17.108116,15.670802,0.3828216048849681,False,837.26777331,0.0872870850252,0.042253873118999995
Messier 67,604938447060218112,12.620319,12.904321,12.180342,0.5472834917880471,False,837.26777331,0.0872870850252,0.042253873118999995
Messier 67,604938550139479680,17.045351,17.824299,16.18886,0.3921511867969804,False,837.26777331,0.0872870850252,0.042253873118999995
Messier 67,604938721938124416,13.671204,13.991474,13.184487,0.2014230327782809,False,837.26777331,0.0872870850252,0.042253873118999995
Messier 67,604938721938173184,18.252493,19.433495,17.172564,0.4521528741463842,False,837.26777331,0.0872870850252,0.042253873118999995
Messier 67,604938859377130880,17.3852,18.258154,16.476656,0.4318781100418213,False,837.26777331,0.0872870850252,0.042253873118999995
Messier 67,604938859377134080,18.507261,19.660069,17.46677,0.3801569790547179,False,837.26777331,0.0872870850252,0.042253873118999995
Messier 67,604939241630372864,15.944732,16.480839,15.256042,0.4550488008440899,False,837.26777331,0.0872870850252,0.042253873118999995
Messier 67,604939241630374144,14.004644,14.335782,13.505409,0.4403861590972651,False,837.26777331,0.0872870850252,0.042253873118999995
Messier 67,604939271694093440,20.198904,21.144096,19.042206,0.2925111030692266,False,837.26777331,0.0872870850252,0.042253873118999995
Messier 67,604939550868021760,15.319329,15.760257,14.713896,0.4491809160820288,False,837.26777331,0.0872870850252,0.042253873118999995
Messier 67,604940405565367552,19.353174,20.410976,18.22487,0.165447965213508,False,837.26777331,0.0872870850252,0.042253873118999995
Messier 67,604940650379639168,15.054791,15.467547,14.478745,0.394293290996888,False,837.26777331,0.0872870850252,0.042253873118999995
Messier 67,604940822178327552,13.923843,14.23319,13.452786,0.4435880449141567,False,837.26777331,0.0872870850252,0.042253873118999995
Messier 67,604941127120034560,20.045513,20.830484,18.88979,0.1857094530974759,False,837.26777331,0.0872870850252,0.042253873118999995
Messier 67,604942505805554176,14.340963,14.679013,13.839641,0.7268547497727361,False,837.26777331,0.0872870850252,0.042253873118999995
Messier 67,604942540165288960,18.195839,19.208597,17.185759,0.3761508476621772,False,837.26777331,0.0872870850252,0.042253873118999995
Messier 67,604942570229541120,18.708677,19.823399,17.666225,0.1901944726377861,False,837.26777331,0.0872870850252,0.042253873118999995
Messier 67,604942608884767488,20.312103,21.277863,19.103441,0.271844440737905,False,837.26777331,0.0872870850252,0.042253873118999995
Messier 67,604942879467199360,17.541435,18.475533,16.542387,0.4536868913218304,False,837.26777331,0.0872870850252,0.042253873118999995
Messier 67,604943227360042240,14.353016,14.693364,13.847366,0.5068325358048141,False,837.26777331,0.0872870850252,0.042253873118999995
Messier 67,604943291783363840,15.911346,16.443003,15.228779,0.4580609396636812,False,837.26777331,0.0872870850252,0.042253873118999995
Messier 67,604943394862576384,18.553207,19.74727,17.503782,0.3724568189295055,False,837.26777331,0.0872870850252,0.042253873118999995
Messier 67,604943433520098432,15.273891,15.707812,14.676355,0.5869597854392076,False,837.26777331,0.0872870850252,0.042253873118999995
Messier 67,604943674036665472,14.59748,14.965277,14.061316,0.4374858530849936,False,837.26777331,0.0872870850252,0.042253873118999995
Messier 67,604943880195096320,14.196356,14.529883,13.697763,0.7514098444873817,False,837.26777331,0.0872870850252,0.042253873118999995
Messier 67,604944082058063616,16.3103,16.899952,15.574321,0.6019836037347943,False,837.26777331,0.0872870850252,0.042253873118999995
Messier 67,604944086353518592,13.851966,14.161459,13.378931,0.7103035894493497,False,837.26777331,0.0872870850252,0.042253873118999995
Messier 67,604944120713062784,15.46749,15.935861,14.841089,0.2512782033328287,False,837.26777331,0.0872870850252,0.042253873118999995
Messier 67,604944120713063552,12.476079,12.801623,11.98624,0.2438234623742948,False,837.26777331,0.0872870850252,0.042253873118999995
Messier 67,604944120713254912,18.468306,19.66198,17.346514,0.374418038930069,False,837.26777331,0.0872870850252,0.042253873118999995
Messier 67,604944356935258496,17.740652,18.676182,16.782873,0.3760282999683289,False,837.26777331,0.0872870850252,0.042253873118999995
Messier 67,604944361231413760,18.866253,19.928165,17.767202,0.3899104875573449,False,837.26777331,0.0872870850252,0.042253873118999995
Messier 67,604944601749381632,20.14809,21.13605,18.949224,0.1859590774533337,False,837.26777331,0.0872870850252,0.042253873118999995
Messier 67,604944803611816960,13.277875,13.588268,12.805144,0.5610533938965553,False,837.26777331,0.0872870850252,0.042253873118999995
Messier 67,604945288944333440,19.684385,20.774137,18.540333,0.2766595143673848,False,837.26777331,0.0872870850252,0.042253873118999995
Messier 67,604945387727420416,16.197947,16.945581,15.357353,0.1562632272099545,False,837.26777331,0.0872870850252,0.042253873118999995
Messier 67,604945456446899968,17.87502,19.005274,16.777874,0.2957206085075008,False,837.26777331,0.0872870850252,0.042253873118999995
Messier 67,604945598181981056,15.992974,16.541988,15.3015,0.4851572599432549,False,837.26777331,0.0872870850252,0.042253873118999995
Messier 67,604945701261192192,14.676374,15.059593,14.123905,0.2543750698018675,False,837.26777331,0.0872870850252,0.042253873118999995
Messier 67,604945804340420736,15.067369,15.478953,14.492398,0.4600771417226222,False,837.26777331,0.0872870850252,0.042253873118999995
Messier 67,604945976139106560,17.955595,18.952356,16.947151,0.3537103016343924,False,837.26777331,0.0872870850252,0.042253873118999995
Messier 67,604946285376553088,17.173012,17.99984,16.292963,0.3674766972217453,False,837.26777331,0.0872870850252,0.042253873118999995
Messier 67,604946693397490816,16.968384,17.730795,16.120768,0.3791460383703741,False,837.26777331,0.0872870850252,0.042253873118999995
Messier 67,604946732053144576,13.060335,13.359135,12.598963,0.4720591590142534,False,837.26777331,0.0872870850252,0.042253873118999995
Messier 67,604946835132357120,13.109818,13.403134,12.654621,0.4937358606353712,False,837.26777331,0.0872870850252,0.042253873118999995
Messier 67,604946865196192000,19.350769,20.5123,18.190178,0.2476431830581382,False,837.26777331,0.0872870850252,0.042253873118999995
Messier 67,604946865196193280,17.299572,18.128927,16.410461,0.4990452606915047,False,837.26777331,0.0872870850252,0.042253873118999995
Messier 67,604946938211615360,16.645363,17.522678,15.74552,0.392038389422392,False,837.26777331,0.0872870850252,0.042253873118999995
Messier 67,604946938211616000,19.451721,20.77405,18.431704,0.4610717104735838,False,837.26777331,0.0872870850252,0.042253873118999995
Messier 67,604946972571361152,12.647075,12.938267,12.197376,0.4406012575822691,False,837.26777331,0.0872870850252,0.042253873118999995
Messier 67,604947006931096320,18.168734,19.253428,17.160032,0.5773347165778947,False,837.26777331,0.0872870850252,0.042253873118999995
Messier 67,604947140074786816,18.755735,19.92244,17.702057,0.5292587900081936,False,837.26777331,0.0872870850252,0.042253873118999995
Messier 67,604947144370041728,15.38498,15.834988,14.774515,0.6871912810278554,False,837.26777331,0.0872870850252,0.042253873118999995
Messier 67,604947281809005312,14.922193,15.353309,14.319745,0.5937446121800419,False,837.26777331,0.0872870850252,0.042253873118999995
Messier 67,604947518031910912,16.163172,16.735321,15.449714,0.6216888456365998,False,837.26777331,0.0872870850252,0.042253873118999995
Messier 67,604947621110416640,16.28684,17.040129,15.444612,0.5929458595432,False,837.26777331,0.0872870850252,0.042253873118999995
Messier 67,604947625406360960,15.289084,15.761664,14.64536,0.3313468215332393,False,837.26777331,0.0872870850252,0.042253873118999995
Messier 67,604947724190083712,13.63848,13.939741,13.176405,0.6363437307795556,False,837.26777331,0.0872870850252,0.042253873118999995
Messier 67,604947827269657472,20.128513,21.256853,18.896254,0.1815065554431392,False,837.26777331,0.0872870850252,0.042253873118999995
Messier 67,604947831564803840,15.371176,15.814658,14.765974,0.5458307633997423,False,837.26777331,0.0872870850252,0.042253873118999995
Messier 67,604947865924535808,15.678186,16.175762,15.027198,0.70935207664397,False,837.26777331,0.0872870850252,0.042253873118999995
Messier 67,604948106442727424,13.428266,13.748365,12.938887,0.1714301446418805,False,837.26777331,0.0872870850252,0.042253873118999995
Messier 67,604948278241425152,14.43516,14.779129,13.922674,0.5907737134760974,False,837.26777331,0.0872870850252,0.042253873118999995
Messier 67,604948342665639040,17.95404,19.02026,16.951813,0.4584680644731325,False,837.26777331,0.0872870850252,0.042253873118999995
Messier 67,604948346960902016,12.835385,13.144894,12.365811,0.5761831578765891,False,837.26777331,0.0872870850252,0.042253873118999995
Messier 67,604948583183812864,18.03675,19.092655,17.026205,0.7328516203338193,False,837.26777331,0.0872870850252,0.042253873118999995
Messier 67,604948651903292672,17.937412,18.945063,16.971922,0.4271079899897212,False,837.26777331,0.0872870850252,0.042253873118999995
Messier 67,604948686262313984,18.669586,19.842758,17.639187,0.4907390189387219,False,837.26777331,0.0872870850252,0.042253873118999995
Messier 67,604948686262315136,18.961937,20.158005,17.915346,0.2282141525915764,False,837.26777331,0.0872870850252,0.042253873118999995
Messier 67,604948720622058368,20.003885,21.020832,18.84201,0.293928665810411,False,837.26777331,0.0872870850252,0.042253873118999995
Messier 67,604948724917993088,12.827336,13.110297,12.387332,0.460612316105837,False,837.26777331,0.0872870850252,0.042253873118999995
Messier 67,604948724917993984,14.051254,14.375919,13.564166,0.5909640058204111,False,837.26777331,0.0872870850252,0.042253873118999995
Messier 67,604948759277929984,19.405739,20.612656,18.263052,0.5798565117991912,False,837.26777331,0.0872870850252,0.042253873118999995
Messier 67,604948862357149184,13.758011,14.062904,13.29232,0.6017318322399375,False,837.26777331,0.0872870850252,0.042253873118999995
Messier 67,604948965436170112,12.538585,12.840387,12.076372,0.6294226561815996,False,837.26777331,0.0872870850252,0.042253873118999995
Messier 67,604949034155646592,13.310611,13.605528,12.856052,0.6294226561815996,False,837.26777331,0.0872870850252,0.042253873118999995
Messier 67,604949102875105536,19.136639,20.35311,18.04257,0.219213793341186,False,837.26777331,0.0872870850252,0.042253873118999995
Messier 67,604949102875106816,18.177042,19.223528,17.192348,0.3403618208113346,False,837.26777331,0.0872870850252,0.042253873118999995
Messier 67,604949201658390400,17.762472,18.761217,16.789898,0.5054673040343203,False,837.26777331,0.0872870850252,0.042253873118999995
Messier 67,604949613975260800,19.535385,20.75427,18.41234,0.3739225418099351,False,837.26777331,0.0872870850252,0.042253873118999995
Messier 67,604949888853089664,12.519697,12.818229,12.061578,0.5445715984451929,False,837.26777331,0.0872870850252,0.042253873118999995
Messier 67,604949893149069312,15.403966,15.85746,14.791664,0.3806884910961463,False,837.26777331,0.0872870850252,0.042253873118999995
Messier 67,604949923212906880,19.27391,20.604305,18.164629,0.1962302597149947,False,837.26777331,0.0872870850252,0.042253873118999995
Messier 67,604949927508816768,19.294874,20.578354,18.192854,0.3005503736990063,False,837.26777331,0.0872870850252,0.042253873118999995
Messier 67,604949961868553856,15.399096,15.852273,14.786777,0.445103647917395,False,837.26777331,0.0872870850252,0.042253873118999995
Messier 67,604950236746474880,19.126484,20.249353,18.015272,0.5594314893232184,False,837.26777331,0.0872870850252,0.042253873118999995
Messier 67,604950305466150144,18.043941,19.25766,16.98162,0.4166907230502757,False,837.26777331,0.0872870850252,0.042253873118999995
Messier 67,604950477264649600,12.646977,12.945667,12.188929,0.660372354478605,False,837.26777331,0.0872870850252,0.042253873118999995
Messier 67,604950545984126080,17.850863,18.78794,16.904623,0.6315049078091017,False,837.26777331,0.0872870850252,0.042253873118999995
Messier 67,604950786502478720,15.056689,15.463791,14.48299,0.5713829160624396,False,837.26777331,0.0872870850252,0.042253873118999995
Messier 67,604951297602424320,17.864029,18.816233,16.89469,0.4760912940057257,False,837.26777331,0.0872870850252,0.042253873118999995
Messier 67,604951301898543104,13.950937,14.302094,13.426335,0.5328654680883786,False,837.26777331,0.0872870850252,0.042253873118999995
Messier 67,604951435041382912,19.091492,20.413464,18.006903,0.2689183274574324,False,837.26777331,0.0872870850252,0.042253873118999995
Messier 67,604951542415727744,19.96578,21.475515,18.776003,0.3784052761644104,False,837.26777331,0.0872870850252,0.042253873118999995
Messier 67,604951851654351360,15.520462,15.989414,14.889086,0.4279183924701331,False,837.26777331,0.0872870850252,0.042253873118999995
Messier 67,604952087876430208,19.723703,20.838844,18.604849,0.221778760925132,False,837.26777331,0.0872870850252,0.042253873118999995
Messier 67,604953668424485632,19.753386,20.803453,18.583166,0.2727000548024924,False,837.26777331,0.0872870850252,0.042253873118999995
Messier 67,604954497354194688,12.735571,13.007052,12.309252,0.3936057908846761,False,837.26777331,0.0872870850252,0.042253873118999995
Messier 67,604955287627960448,12.865248,13.158501,12.413009,0.3942908941367493,False,837.26777331,0.0872870850252,0.042253873118999995
Messier 67,604956142325569408,18.7329,19.868101,17.684534,0.4222373201991432,False,837.26777331,0.0872870850252,0.042253873118999995
Messier 67,604956215341130880,19.115974,20.44263,18.04078,0.3006696174168096,False,837.26777331,0.0872870850252,0.042253873118999995
Messier 67,604956352779862656,18.72105,20.008871,17.564339,0.4334533378552895,False,837.26777331,0.0872870850252,0.042253873118999995
Messier 67,604956623361917312,16.71013,17.528587,15.828274,0.3779120610003688,False,837.26777331,0.0872870850252,0.042253873118999995
Messier 67,604957001319035520,19.357023,20.66262,18.19269,0.2848362037663078,False,837.26777331,0.0872870850252,0.042253873118999995
Messier 67,604957039974640768,18.574652,19.649387,17.501251,0.309884815864434,False,837.26777331,0.0872870850252,0.042253873118999995
Messier 67,604957516715120896,17.830132,18.802343,16.861418,0.3991809395393027,False,837.26777331,0.0872870850252,0.042253873118999995
Messier 67,604958345644678784,15.495607,15.996284,14.827844,0.4012060993388556,False,837.26777331,0.0872870850252,0.042253873118999995
Messier 67,604958826681014656,16.721853,17.424047,15.910866,0.3313457077066929,False,837.26777331,0.0872870850252,0.042253873118999995
Messier 67,604959887537089920,18.607824,19.723257,17.574911,0.2778839423204692,False,837.26777331,0.0872870850252,0.042253873118999995
Messier 67,604960063631595008,18.582886,19.85015,17.458889,0.30119052308538,False,837.26777331,0.0872870850252,0.042253873118999995
Messier 67,604960235430488960,14.932814,15.330168,14.372405,0.6923948199431798,False,837.26777331,0.0872870850252,0.042253873118999995
Messier 67,604960334214210688,17.352844,18.191517,16.461042,0.3872704829911412,False,837.26777331,0.0872870850252,0.042253873118999995
Messier 67,604960441588923264,15.967258,16.512125,15.276395,0.6559057510162971,False,837.26777331,0.0872870850252,0.042253873118999995
Messier 67,604960609092130688,19.389486,20.675869,18.218454,0.2499178451428255,False,837.26777331,0.0872870850252,0.042253873118999995
Messier 67,604960609092133248,18.328485,19.472683,17.286589,0.3484640186739124,False,837.26777331,0.0872870850252,0.042253873118999995
Messier 67,604960952689519488,18.968925,20.29567,17.81135,0.3403942186796358,False,837.26777331,0.0872870850252,0.042253873118999995
Messier 67,604961021408999808,17.62686,18.531935,16.701584,0.5029652442228335,False,837.26777331,0.0872870850252,0.042253873118999995
Messier 67,604961060064200448,19.679655,20.906252,18.585402,0.3121128964781658,False,837.26777331,0.0872870850252,0.042253873118999995
Messier 67,604961163143414912,13.447599,13.733278,13.002812,0.7342426451197215,False,837.26777331,0.0872870850252,0.042253873118999995
Messier 67,604961777323248384,19.055435,20.30307,17.943472,0.6049936671077972,False,837.26777331,0.0872870850252,0.042253873118999995
Messier 67,604962189640269440,19.390774,20.34613,18.240332,0.3529204986687424,False,837.26777331,0.0872870850252,0.042253873118999995
Messier 67,604962193935568896,8.222472,9.105073,7.300714,0.6033699037140555,False,837.26777331,0.0872870850252,0.042253873118999995
Messier 67,604962292719320832,18.527672,19.663069,17.482483,0.5481290146501806,False,837.26777331,0.0872870850252,0.042253873118999995
Messier 67,604962331374512640,14.28375,14.624263,13.776568,0.7811914916957364,False,837.26777331,0.0872870850252,0.042253873118999995
Messier 67,604962365734255744,13.184756,13.4933,12.713382,0.7526388329932623,False,837.26777331,0.0872870850252,0.042253873118999995
Messier 67,604962636316716800,16.686607,17.448788,15.830729,0.4379731731818212,False,837.26777331,0.0872870850252,0.042253873118999995
Messier 67,604962640612163200,14.345399,14.677431,13.850436,0.6848341694936966,False,837.26777331,0.0872870850252,0.042253873118999995
Messier 67,604962709331635072,17.443262,18.328606,16.524372,0.4977584708885244,False,837.26777331,0.0872870850252,0.042253873118999995
Messier 67,604962743691561472,16.481094,17.112858,15.719627,0.7873350736314392,False,837.26777331,0.0872870850252,0.042253873118999995
Messier 67,604962984209526400,14.771352,15.199213,14.172995,0.6258912777321072,False,837.26777331,0.0872870850252,0.042253873118999995
Messier 67,604963052929005824,16.429888,17.047976,15.677672,0.7103254813178062,False,837.26777331,0.0872870850252,0.042253873118999995
Messier 67,604963087288739584,14.589741,14.988033,14.013996,0.693245895104038,False,837.26777331,0.0872870850252,0.042253873118999995
Messier 67,604963121648488320,16.704063,17.449093,15.867391,0.4950624251316038,False,837.26777331,0.0872870850252,0.042253873118999995
Messier 67,604963259087437184,17.211037,18.02867,16.320879,0.3825693981226959,False,837.26777331,0.0872870850252,0.042253873118999995
Messier 67,604963357876984704,17.782784,18.955465,16.726168,0.313257189282228,False,837.26777331,0.0872870850252,0.042253873118999995
Messier 67,604963362166649856,16.775558,17.515007,15.941179,0.7075730707516545,False,837.26777331,0.0872870850252,0.042253873118999995
Messier 67,604963602684833920,14.47016,14.892172,13.884494,0.7284703313106126,False,837.26777331,0.0872870850252,0.042253873118999995
Messier 67,604963637044570880,15.127704,15.528373,14.555145,0.7342426451197215,False,837.26777331,0.0872870850252,0.042253873118999995
Messier 67,604963740123794048,16.23311,16.836483,15.501061,0.5712230159073592,False,837.26777331,0.0872870850252,0.042253873118999995
Messier 67,604963877562742400,12.728699,13.003568,12.298842,0.5809122826431908,False,837.26777331,0.0872870850252,0.042253873118999995
Messier 67,604963911922477696,17.738438,18.721855,16.781956,0.4515705053118449,False,837.26777331,0.0872870850252,0.042253873118999995
Messier 67,604963980641948416,16.69441,17.374727,15.895476,0.5915224703429471,False,837.26777331,0.0872870850252,0.042253873118999995
Messier 67,604964010706281856,16.363602,17.005983,15.59457,0.4922612294460144,False,837.26777331,0.0872870850252,0.042253873118999995
Messier 67,604964010707107840,20.389229,21.002321,19.27129,0.1905866138974159,False,837.26777331,0.0872870850252,0.042253873118999995
Messier 67,604964079425764736,17.611193,18.54234,16.669674,0.6700516985773797,False,837.26777331,0.0872870850252,0.042253873118999995
Messier 67,604964083721158656,14.227486,14.647735,13.637442,0.7321715990244052,False,837.26777331,0.0872870850252,0.042253873118999995
Messier 67,604964083721159936,16.56899,17.276886,15.759627,0.7971849460234741,False,837.26777331,0.0872870850252,0.042253873118999995
Messier 67,604964118080894464,14.557548,14.926761,14.021258,0.6080762509147416,False,837.26777331,0.0872870850252,0.042253873118999995
Messier 67,604964148145244800,19.373857,20.664476,18.245535,0.1800841153870433,False,837.26777331,0.0872870850252,0.042253873118999995
Messier 67,604964251224459520,17.88868,18.87603,16.888891,0.3720528708880055,False,837.26777331,0.0872870850252,0.042253873118999995
Messier 67,604964255519855232,14.022076,14.346082,13.534678,0.4144193702154662,False,837.26777331,0.0872870850252,0.042253873118999995
Messier 67,604964285584199680,19.385796,20.806814,18.238575,0.1995395633888848,False,837.26777331,0.0872870850252,0.042253873118999995
Messier 67,604964354309369728,17.799356,18.772966,16.838612,0.747707165917724,False,837.26777331,0.0872870850252,0.042253873118999995
Messier 67,604964461678281600,19.466446,20.710962,18.318314,0.4858116819107855,False,837.26777331,0.0872870850252,0.042253873118999995
Messier 67,604964496038052352,15.134989,15.650294,14.46571,0.516084972640048,False,837.26777331,0.0872870850252,0.042253873118999995
Messier 67,604965178937376512,16.645302,17.303276,15.859266,0.4961690912715976,False,837.26777331,0.0872870850252,0.042253873118999995
Messier 67,604965488175031040,19.34953,20.700502,18.208103,0.5310681354779241,False,837.26777331,0.0872870850252,0.042253873118999995
Messier 67,604965488178995328,20.025612,21.093264,18.800463,0.2671923596183093,False,837.26777331,0.0872870850252,0.042253873118999995
Messier 67,604965522534367616,19.44159,20.672255,18.323025,0.1804888196957012,False,837.26777331,0.0872870850252,0.042253873118999995
Messier 67,604965522534368256,17.51174,18.470247,16.51335,0.532027170078724,False,837.26777331,0.0872870850252,0.042253873118999995
Messier 67,604965561189933312,17.50945,18.471096,16.543425,0.3777087160671201,False,837.26777331,0.0872870850252,0.042253873118999995
Messier 67,604965664269158656,9.094762,9.781618,8.298232,0.529453297249666,False,837.26777331,0.0872870850252,0.042253873118999995
Messier 67,604965934851301632,19.636097,21.06596,18.450827,0.2996051941015081,False,837.26777331,0.0872870850252,0.042253873118999995
Messier 67,604966003570704256,17.83423,18.830599,16.835678,0.375594422807941,False,837.26777331,0.0872870850252,0.042253873118999995
Messier 67,604966454543134720,16.32853,16.930975,15.589248,0.5490273895846259,False,837.26777331,0.0872870850252,0.042253873118999995
Messier 67,604966518966784256,17.581564,18.467129,16.663742,0.4453271200933038,False,837.26777331,0.0872870850252,0.042253873118999995
Messier 67,604966763780773248,19.440685,20.682035,18.354155,0.2795582910780907,False,837.26777331,0.0872870850252,0.042253873118999995
Messier 67,604966793845092864,18.636377,19.85518,17.531057,0.4457957767362967,False,837.26777331,0.0872870850252,0.042253873118999995
Messier 67,604966828204831616,20.12981,21.24024,19.010517,0.153213936502112,False,837.26777331,0.0872870850252,0.042253873118999995
Messier 67,604966862565338240,20.0262,21.294804,18.7219,0.5407236252850853,False,837.26777331,0.0872870850252,0.042253873118999995
Messier 67,604966866859978240,14.620219,14.980143,14.094559,0.6239205086899031,False,837.26777331,0.0872870850252,0.042253873118999995
Messier 67,604966866859978624,14.92992,15.282351,14.410898,0.1678456739483482,False,837.26777331,0.0872870850252,0.042253873118999995
Messier 67,604966866859978752,15.314818,15.751664,14.715362,0.5449251060930514,False,837.26777331,0.0872870850252,0.042253873118999995
Messier 67,604966969939202176,15.461549,15.848394,14.905192,0.185072810027626,False,837.26777331,0.0872870850252,0.042253873118999995
Messier 67,604967206161971200,19.501732,20.73589,18.386522,0.2374004295032671,False,837.26777331,0.0872870850252,0.042253873118999995
Messier 67,604967244817098240,9.665227,10.208208,8.970953,0.1733960132088319,False,837.26777331,0.0872870850252,0.042253873118999995
Messier 67,604967588414483712,17.464241,18.354061,16.546684,0.4022860491584193,False,837.26777331,0.0872870850252,0.042253873118999995
Messier 67,604967760213166336,15.24659,15.716373,14.610332,0.6090201033143968,False,837.26777331,0.0872870850252,0.042253873118999995
Messier 67,604967858996581120,18.810646,20.1019,17.760576,0.2263867259895386,False,837.26777331,0.0872870850252,0.042253873118999995
Messier 67,604967966371608576,19.680416,21.066597,18.562508,0.308967962206572,False,837.26777331,0.0872870850252,0.042253873118999995
Messier 67,604967996435524224,13.381305,13.670511,12.934327,0.532137851337183,False,837.26777331,0.0872870850252,0.042253873118999995
Messier 67,604968103810569856,13.127889,13.415568,12.680127,0.4978265110601143,False,837.26777331,0.0872870850252,0.042253873118999995
Messier 67,604968133874491392,17.551805,18.461134,16.636326,0.3036275693242366,False,837.26777331,0.0872870850252,0.042253873118999995
Messier 67,604968172529056384,20.31956,21.278822,19.13344,0.1840439602876777,False,837.26777331,0.0872870850252,0.042253873118999995
Messier 67,604968206888780032,19.92336,20.776423,18.725754,0.1874438702748469,False,837.26777331,0.0872870850252,0.042253873118999995
Messier 67,604968236953708416,19.20625,20.47934,18.12002,0.3381892711469237,False,837.26777331,0.0872870850252,0.042253873118999995
Messier 67,604968340033344000,16.799265,17.522436,15.976121,0.5028172657516823,False,837.26777331,0.0872870850252,0.042253873118999995
Messier 67,604968408756601088,19.775782,21.193129,18.644754,0.2534915516687034,False,837.26777331,0.0872870850252,0.042253873118999995
Messier 67,604968683630309632,17.611038,18.51102,16.684778,0.5391586893133061,False,837.26777331,0.0872870850252,0.042253873118999995
Messier 67,604968752349766912,13.780851,14.084261,13.316099,0.6166854946447676,False,837.26777331,0.0872870850252,0.042253873118999995
Messier 67,604968791005321216,19.650848,20.86982,18.49425,0.3016704809013936,False,837.26777331,0.0872870850252,0.042253873118999995
Messier 67,604968928444252288,19.105272,20.459454,17.985338,0.2322315661556438,False,837.26777331,0.0872870850252,0.042253873118999995
Messier 67,604968958508607360,19.576052,20.548347,18.444971,0.2903744966471954,False,837.26777331,0.0872870850252,0.042253873118999995
Messier 67,604969027228087424,18.508316,19.699139,17.44617,0.431541914872552,False,837.26777331,0.0872870850252,0.042253873118999995
Messier 67,604969031523465728,13.502274,13.793623,13.051858,0.7393370901871257,False,837.26777331,0.0872870850252,0.042253873118999995
Messier 67,604969061587592064,12.571531,12.959247,11.988403,0.351099767949792,False,837.26777331,0.0872870850252,0.042253873118999995
Messier 67,604969061592133376,19.590927,21.01001,18.436512,0.3926326264682631,False,837.26777331,0.0872870850252,0.042253873118999995
Messier 67,604969134602863744,13.237873,13.526993,12.788486,0.7823416087605657,False,837.26777331,0.0872870850252,0.042253873118999995
Messier 67,604969168962427904,13.475734,13.800296,12.987932,0.8518630137241688,True,837.26777331,0.0872870850252,0.042253873118999995
Messier 67,604969168962428672,15.128859,15.540715,14.550956,0.7005208518198762,False,837.26777331,0.0872870850252,0.042253873118999995
Messier 67,604969203322162816,13.862936,14.169102,13.394632,0.4448509503202675,False,837.26777331,0.0872870850252,0.042253873118999995
Messier 67,604969203322163840,13.95246,14.268078,13.474898,0.8807188467219745,True,837.26777331,0.0872870850252,0.042253873118999995
Messier 67,604969237681904896,16.292366,17.000862,15.475383,0.7309629696919361,False,837.26777331,0.0872870850252,0.042253873118999995
Messier 67,604969237681908480,16.775866,17.47871,15.969883,0.5762402897763274,False,837.26777331,0.0872870850252,0.042253873118999995
Messier 67,604969267746267520,17.244299,18.060377,16.359291,0.3593153262031536,False,837.26777331,0.0872870850252,0.042253873118999995
Messier 67,604969267746269696,15.563312,16.04682,14.922373,0.7549908017661446,False,837.26777331,0.0872870850252,0.042253873118999995
Messier 67,604969306401373824,15.87026,16.393835,15.190593,0.8190015432782742,True,837.26777331,0.0872870850252,0.042253873118999995
Messier 67,604969306401373952,16.931812,17.686247,16.0911,0.5765055388687457,False,837.26777331,0.0872870850252,0.042253873118999995
Messier 67,604969336465748352,17.282303,18.121378,16.37852,0.5777234424286934,False,837.26777331,0.0872870850252,0.042253873118999995
Messier 67,604969340761109760,14.820488,15.265654,14.204908,0.5353283856472033,False,837.26777331,0.0872870850252,0.042253873118999995
Messier 67,604969439545076480,19.857376,21.269857,18.687372,0.1922351458484609,False,837.26777331,0.0872870850252,0.042253873118999995
Messier 67,604969443840314496,15.516991,15.993234,14.883211,0.620258841086855,False,837.26777331,0.0872870850252,0.042253873118999995
Messier 67,604969546919528576,14.743149,15.124922,14.196142,0.8848854604046884,True,837.26777331,0.0872870850252,0.042253873118999995
Messier 67,604969615638992896,19.28596,20.472172,18.19639,0.6334131613076875,False,837.26777331,0.0872870850252,0.042253873118999995
Messier 67,604969615639180416,14.391458,14.730494,13.885924,0.739274600477958,False,837.26777331,0.0872870850252,0.042253873118999995
Messier 67,604969718719901696,14.778589,15.156235,14.238452,0.8116181371000282,True,837.26777331,0.0872870850252,0.042253873118999995
Messier 67,604969748782357888,13.085291,13.382932,12.623489,0.693990504066136,False,837.26777331,0.0872870850252,0.042253873118999995
Messier 67,604969753077959936,19.896318,21.058554,18.732971,0.2044115908474626,False,837.26777331,0.0872870850252,0.042253873118999995
Messier 67,604969753079639424,15.432634,15.882761,14.81224,0.7596226493664907,False,837.26777331,0.0872870850252,0.042253873118999995
Messier 67,604969783142095744,12.606146,12.897745,12.15474,0.5933620378837823,False,837.26777331,0.0872870850252,0.042253873118999995
Messier 67,604969787437701760,19.421598,20.775818,18.298727,0.2101945314100025,False,837.26777331,0.0872870850252,0.042253873118999995
Messier 67,604969787437702784,15.444592,16.013288,14.730526,0.5626417632216218,False,837.26777331,0.0872870850252,0.042253873118999995
Messier 67,604969787437705216,12.633916,12.918714,12.192529,0.8001703708000678,True,837.26777331,0.0872870850252,0.042253873118999995
Messier 67,604969856157171584,18.684214,19.754913,17.629568,0.2594704998530393,False,837.26777331,0.0872870850252,0.042253873118999995
Messier 67,604969924876649088,14.337803,14.670683,13.840403,0.5866615797209451,False,837.26777331,0.0872870850252,0.042253873118999995
Messier 67,604969954941056384,18.737036,19.882816,17.709486,0.4681407838009053,False,837.26777331,0.0872870850252,0.042253873118999995
Messier 67,604969954941058944,15.949997,16.470205,15.273289,0.536786378615033,False,837.26777331,0.0872870850252,0.042253873118999995
Messier 67,604970058020251520,18.783142,19.897356,17.683065,0.4357138692874795,False,837.26777331,0.0872870850252,0.042253873118999995
Messier 67,604970062315630336,19.620539,20.867807,18.432194,0.204513145679957,False,837.26777331,0.0872870850252,0.042253873118999995
Messier 67,604970096675364352,15.46138,15.928067,14.835497,0.8004284777510343,True,837.26777331,0.0872870850252,0.042253873118999995
Messier 67,604970131035099008,16.981943,17.765577,16.137308,0.8014153871291739,True,837.26777331,0.0872870850252,0.042253873118999995
Messier 67,604970302833797376,18.167149,19.231321,17.162758,0.4423334756879114,False,837.26777331,0.0872870850252,0.042253873118999995
Messier 67,604970371553272064,15.285026,15.644037,14.76101,0.1734306843502013,False,837.26777331,0.0872870850252,0.042253873118999995
Messier 67,604970401617646848,18.579254,19.912998,17.469307,0.2995774889209046,False,837.26777331,0.0872870850252,0.042253873118999995
Messier 67,604970435977387520,19.139585,20.48263,18.045523,0.2345717479642319,False,837.26777331,0.0872870850252,0.042253873118999995
Messier 67,604970508992220288,15.466809,15.926169,14.846806,0.7372233819080207,False,837.26777331,0.0872870850252,0.042253873118999995
Messier 67,604970676495561088,17.94338,18.954813,16.959675,0.4296687276420603,False,837.26777331,0.0872870850252,0.042253873118999995
Messier 67,604970715150627456,19.32508,20.468594,18.198694,0.641169123948997,False,837.26777331,0.0872870850252,0.042253873118999995
Messier 67,604970783870102656,14.074816,14.401864,13.577243,0.7445725636354629,False,837.26777331,0.0872870850252,0.042253873118999995
Messier 67,604970783870102912,18.47784,19.647118,17.435654,0.2661200862273229,False,837.26777331,0.0872870850252,0.042253873118999995
Messier 67,604970783870106624,12.96438,13.262913,12.507452,0.4283097168315312,False,837.26777331,0.0872870850252,0.042253873118999995
Messier 67,604970921309068544,15.21902,15.655648,14.612452,0.7817918052336109,False,837.26777331,0.0872870850252,0.042253873118999995
Messier 67,604970921309072640,18.696917,19.774004,17.652868,0.2259161617937826,False,837.26777331,0.0872870850252,0.042253873118999995
Messier 67,604970990028535936,15.881221,16.47496,15.143741,0.7206157269213302,False,837.26777331,0.0872870850252,0.042253873118999995
Messier 67,604970990028536320,15.073603,15.489912,14.493331,0.7848142345464542,False,837.26777331,0.0872870850252,0.042253873118999995
Messier 67,604971020092675328,12.631922,12.916938,12.192488,0.5806320022376963,False,837.26777331,0.0872870850252,0.042253873118999995
Messier 67,604971058748016384,13.298922,13.588947,12.84773,0.7507421677062179,False,837.26777331,0.0872870850252,0.042253873118999995
Messier 67,604971088812177280,14.285123,14.623916,13.782375,0.6698426384890801,False,837.26777331,0.0872870850252,0.042253873118999995
Messier 67,604971093107735040,16.481857,17.13011,15.720436,0.7574349242004871,False,837.26777331,0.0872870850252,0.042253873118999995
Messier 67,604971093107738624,15.497033,15.961787,14.869555,0.5914584737929842,False,837.26777331,0.0872870850252,0.042253873118999995
Messier 67,604971093107922432,15.018668,15.415897,14.454267,0.6070346782565966,False,837.26777331,0.0872870850252,0.042253873118999995
Messier 67,604971127467656192,19.299692,20.570494,18.14936,0.1945718285124752,False,837.26777331,0.0872870850252,0.042253873118999995
Messier 67,604971161827216640,14.086905,14.395877,13.618772,0.8090409028861811,True,837.26777331,0.0872870850252,0.042253873118999995
Messier 67,604971191891639168,18.164839,19.499252,17.04866,0.2003741158458184,False,837.26777331,0.0872870850252,0.042253873118999995
Messier 67,604971230545677824,20.111422,21.022472,18.88799,0.3099496688995678,False,837.26777331,0.0872870850252,0.042253873118999995
Messier 67,604971264906413440,13.970555,14.276623,13.504979,0.2629941053319561,False,837.26777331,0.0872870850252,0.042253873118999995
Messier 67,604971367985645184,14.572927,14.929296,14.04838,0.6694651558799519,False,837.26777331,0.0872870850252,0.042253873118999995
Messier 67,604971367985646720,16.716963,17.476084,15.873037,0.2697106612024027,False,837.26777331,0.0872870850252,0.042253873118999995
Messier 67,604971402345380480,19.910898,20.717152,18.7268,0.1645086265683996,False,837.26777331,0.0872870850252,0.042253873118999995
Messier 67,604971402345380736,13.41916,13.716671,12.952238,0.4891434254249438,False,837.26777331,0.0872870850252,0.042253873118999995
Messier 67,604971402345381120,13.618245,13.908617,13.159418,0.8171667539514768,True,837.26777331,0.0872870850252,0.042253873118999995
Messier 67,604971466769552128,16.507046,17.177298,15.72263,0.4289332314244271,False,837.26777331,0.0872870850252,0.042253873118999995
Messier 67,604971471064858496,15.526613,15.998124,14.895134,0.7007096437854228,False,837.26777331,0.0872870850252,0.042253873118999995
Messier 67,604971677223267072,18.702,19.947992,17.6497,0.4540184290667448,False,837.26777331,0.0872870850252,0.042253873118999995
Messier 67,604971745942742656,18.759844,20.00882,17.712738,0.3038425862221314,False,837.26777331,0.0872870850252,0.042253873118999995
Messier 67,604971810366943104,20.024284,21.406921,18.81676,0.1540338845487949,False,837.26777331,0.0872870850252,0.042253873118999995
Messier 67,604971844726417536,14.791033,15.210162,14.19023,0.3271712867773114,False,837.26777331,0.0872870850252,0.042253873118999995
Messier 67,604971849020954624,19.520283,20.793179,18.359709,0.4796171238482619,False,837.26777331,0.0872870850252,0.042253873118999995
Messier 67,604971917741440640,18.52638,19.554173,17.483887,0.4971758163423792,False,837.26777331,0.0872870850252,0.042253873118999995
Messier 67,604972089540120832,13.385247,13.942224,12.662985,0.6926510685526349,False,837.26777331,0.0872870850252,0.042253873118999995
Messier 67,604972089540122368,19.511133,20.762117,18.406029,0.1861561105278383,False,837.26777331,0.0872870850252,0.042253873118999995
Messier 67,604972119604596224,18.883698,20.097546,17.808966,0.3193461586101635,False,837.26777331,0.0872870850252,0.042253873118999995
Messier 67,604972330058312448,13.459555,13.76477,12.989604,0.4322574298998073,False,837.26777331,0.0872870850252,0.042253873118999995
Messier 67,604972360122759296,15.816169,16.32238,15.157386,0.6514869675767405,False,837.26777331,0.0872870850252,0.042253873118999995
Messier 67,604972394482497280,18.798012,20.086008,17.733952,0.527987954404,False,837.26777331,0.0872870850252,0.042253873118999995
Messier 67,604972394482498304,18.89432,20.183016,17.824833,0.6287191211830606,False,837.26777331,0.0872870850252,0.042253873118999995
Messier 67,604972394482498944,17.03083,17.93755,16.113224,0.5422627153082298,False,837.26777331,0.0872870850252,0.042253873118999995
Messier 67,604972467497283200,15.253333,15.686209,14.659818,0.6129961873146897,False,837.26777331,0.0872870850252,0.042253873118999995
Messier 67,604972467498966400,15.532838,15.995549,14.90335,0.7895363798936877,False,837.26777331,0.0872870850252,0.042253873118999995
Messier 67,604972944238043904,14.851624,15.237864,14.301805,0.5512765268218321,False,837.26777331,0.0872870850252,0.042253873118999995
Messier 67,604973017253073536,13.56774,13.858755,13.117736,0.8091729693220703,True,837.26777331,0.0872870850252,0.042253873118999995
Messier 67,604973085972551296,13.405049,13.697409,12.95372,0.7516883573763355,False,837.26777331,0.0872870850252,0.042253873118999995
Messier 67,604973184756492544,16.350328,16.977137,15.593445,0.4210752072193119,False,837.26777331,0.0872870850252,0.042253873118999995
Messier 67,604973562713585792,18.819906,20.106024,17.77015,0.3543985851293767,False,837.26777331,0.0872870850252,0.042253873118999995
Messier 67,604973635728426752,14.855843,15.236027,14.308531,0.5595964780460194,False,837.26777331,0.0872870850252,0.042253873118999995
Messier 67,604973979325779328,14.882329,15.27783,14.322792,0.4452572786491834,False,837.26777331,0.0872870850252,0.042253873118999995
Messier 67,604974078109680000,17.34068,18.244781,16.412254,0.3040059851265503,False,837.26777331,0.0872870850252,0.042253873118999995
Messier 67,604974078113845120,19.45021,20.599287,18.33737,0.2863098693336235,False,837.26777331,0.0872870850252,0.042253873118999995
Messier 67,604974082404993920,13.277014,13.56572,12.82912,0.6590773710445968,False,837.26777331,0.0872870850252,0.042253873118999995
Messier 67,604974151124482944,15.813196,16.327116,15.145629,0.6879464572779,False,837.26777331,0.0872870850252,0.042253873118999995
Messier 67,604974284268110720,19.730373,21.07584,18.614279,0.345755833935033,False,837.26777331,0.0872870850252,0.042253873118999995
Messier 67,604974318628696320,20.08131,21.145025,18.891457,0.2176900752746739,False,837.26777331,0.0872870850252,0.042253873118999995
Messier 67,604974322923167488,13.70182,13.994804,13.251807,0.7233981949731748,False,837.26777331,0.0872870850252,0.042253873118999995
Messier 67,604974357282901504,13.223673,13.503774,12.785437,0.6242116265606343,False,837.26777331,0.0872870850252,0.042253873118999995
Messier 67,604974490426100608,18.47807,19.757454,17.314148,0.4739509186405049,False,837.26777331,0.0872870850252,0.042253873118999995
Messier 67,604974529083276800,19.857718,21.073465,18.630354,0.2605764509685608,False,837.26777331,0.0872870850252,0.042253873118999995
Messier 67,604974597801096064,19.224308,20.48343,18.11617,0.1994411530513206,False,837.26777331,0.0872870850252,0.042253873118999995
Messier 67,604974769599793152,17.703156,18.643114,16.742489,0.4398142656791589,False,837.26777331,0.0872870850252,0.042253873118999995
Messier 67,604974907038740864,19.224081,20.454361,18.114101,0.2363215502995318,False,837.26777331,0.0872870850252,0.042253873118999995
Messier 67,604975315059831168,16.909548,17.70143,16.043985,0.6461545851490977,False,837.26777331,0.0872870850252,0.042253873118999995
Messier 67,604975383780541952,17.299242,18.160734,16.36731,0.3618490521791699,False,837.26777331,0.0872870850252,0.042253873118999995
Messier 67,604975388075059072,16.493284,17.242908,15.613468,0.3005664235568454,False,837.26777331,0.0872870850252,0.042253873118999995
Messier 67,604975388075060736,19.465914,21.029749,18.230864,0.2818761654907863,False,837.26777331,0.0872870850252,0.042253873118999995
Messier 67,604975693017389952,15.153168,15.564696,14.570777,0.5503326301829331,False,837.26777331,0.0872870850252,0.042253873118999995
Messier 67,604975796096306432,13.497531,13.782619,13.055507,0.6681481374187094,False,837.26777331,0.0872870850252,0.042253873118999995
Messier 67,604975800391903744,18.219788,19.279615,17.18072,0.4202825377593107,False,837.26777331,0.0872870850252,0.042253873118999995
Messier 67,604976208413473792,17.991562,19.217754,16.894558,0.3476794268722111,False,837.26777331,0.0872870850252,0.042253873118999995
Messier 67,604976315787962240,13.82129,14.12392,13.358883,0.7582797858838078,False,837.26777331,0.0872870850252,0.042253873118999995
Messier 67,604976418867174528,17.209242,18.029957,16.33488,0.6448617945811447,False,837.26777331,0.0872870850252,0.042253873118999995
Messier 67,604976453226906880,16.685137,17.376728,15.883162,0.5770274593220294,False,837.26777331,0.0872870850252,0.042253873118999995
Messier 67,604976625025623424,15.716153,16.21302,15.060918,0.7233981949731748,False,837.26777331,0.0872870850252,0.042253873118999995
Messier 67,604976625025624960,17.737473,18.687809,16.775723,0.5120964180292881,False,837.26777331,0.0872870850252,0.042253873118999995
Messier 67,604976625025626624,18.088493,19.072704,17.105837,0.4492820182210688,False,837.26777331,0.0872870850252,0.042253873118999995
Messier 67,604976762464567680,16.129448,16.748552,15.36835,0.3940002519812745,False,837.26777331,0.0872870850252,0.042253873118999995
Messier 67,604977071702225280,13.524892,13.814017,13.079811,0.674117622531569,False,837.26777331,0.0872870850252,0.042253873118999995
Messier 67,604977071702226048,16.659863,17.232965,15.95155,0.2094405331496749,False,837.26777331,0.0872870850252,0.042253873118999995
Messier 67,604977071702226688,17.647688,18.575922,16.7108,0.7000073537887816,False,837.26777331,0.0872870850252,0.042253873118999995
Messier 67,604977106061961984,13.014684,13.307289,12.56536,0.7343145145001594,False,837.26777331,0.0872870850252,0.042253873118999995
Messier 67,604977140421685760,19.91565,21.162586,18.79305,0.3217706522476441,False,837.26777331,0.0872870850252,0.042253873118999995
Messier 67,604977209141167104,15.567408,16.166496,14.83406,0.5336068788465373,False,837.26777331,0.0872870850252,0.042253873118999995
Messier 67,604977239205631360,18.785976,20.098032,17.624397,0.2238043088107639,False,837.26777331,0.0872870850252,0.042253873118999995
Messier 67,604977312220363776,17.458586,18.338259,16.548042,0.4159454641925944,False,837.26777331,0.0872870850252,0.042253873118999995
Messier 67,604977552738539776,15.258637,15.675719,14.671843,0.734201471805421,False,837.26777331,0.0872870850252,0.042253873118999995
Messier 67,604977587098272768,13.204584,13.480433,12.769232,0.6377923780819977,False,837.26777331,0.0872870850252,0.042253873118999995
Messier 67,604977999415233536,15.316563,15.754249,14.719474,0.4824266061645994,False,837.26777331,0.0872870850252,0.042253873118999995
Messier 67,604978858408693888,14.257893,14.583692,13.767479,0.4631226133396965,False,837.26777331,0.0872870850252,0.042253873118999995
Messier 67,604979987984213632,13.207407,13.49508,12.761077,0.4545147286676302,False,837.26777331,0.0872870850252,0.042253873118999995
Messier 67,604980056703710336,18.854748,20.051958,17.70794,0.2347677200820373,False,837.26777331,0.0872870850252,0.042253873118999995
Messier 67,604980095359485824,19.650642,20.85021,18.492746,0.2045784882314324,False,837.26777331,0.0872870850252,0.042253873118999995
Messier 67,604980198438477952,14.704448,15.07941,14.166449,0.1856674512932494,False,837.26777331,0.0872870850252,0.042253873118999995
Messier 67,604981087495865216,19.650526,20.76698,18.479036,0.3702588876616045,False,837.26777331,0.0872870850252,0.042253873118999995
Messier 67,604981259294556800,19.986485,20.885664,18.972206,0.172221832830648,False,837.26777331,0.0872870850252,0.042253873118999995
Messier 67,604981607187745792,13.389088,13.669104,12.950987,0.4264879924368907,False,837.26777331,0.0872870850252,0.042253873118999995
Messier 67,604981847705911680,15.324436,15.759622,14.724346,0.5175143121633307,False,837.26777331,0.0872870850252,0.042253873118999995
Messier 67,604982358806160896,13.554419,13.842867,13.110412,0.4156347919193441,False,837.26777331,0.0872870850252,0.042253873118999995
Messier 67,604982358806179456,18.313492,19.361372,17.316051,0.3641341790654292,False,837.26777331,0.0872870850252,0.042253873118999995
Messier 67,604982736763369856,19.93136,20.875687,18.802254,0.370503353739774,False,837.26777331,0.0872870850252,0.042253873118999995
Messier 67,604982805482785152,19.297941,20.44547,18.198364,0.2273932059004314,False,837.26777331,0.0872870850252,0.042253873118999995
Messier 67,604982809778600064,14.980596,15.373766,14.421723,0.4927408206672481,False,837.26777331,0.0872870850252,0.042253873118999995
Messier 67,604983733195724800,19.096916,20.301197,18.004673,0.3332091179355969,False,837.26777331,0.0872870850252,0.042253873118999995
Messier 67,604984111152908672,19.614166,20.861223,18.452637,0.2252507860260755,False,837.26777331,0.0872870850252,0.042253873118999995
Messier 67,604984420390494976,16.613552,16.997253,16.082561,0.1615665523324481,False,837.26777331,0.0872870850252,0.042253873118999995
Messier 67,604984630844732544,15.84601,16.35633,15.182222,0.387464727134984,False,837.26777331,0.0872870850252,0.042253873118999995
Messier 67,604984935786576896,18.435974,19.595394,17.446318,0.289941294034493,False,837.26777331,0.0872870850252,0.042253873118999995
Messier 67,604986520630313984,18.79671,19.974648,17.720293,0.3218741605999947,False,837.26777331,0.0872870850252,0.042253873118999995
Messier 67,604986585054069760,20.179928,21.174255,18.993526,0.2111089558590653,False,837.26777331,0.0872870850252,0.042253873118999995
Messier 67,604987070386114688,13.75739,14.057546,13.29687,0.567078168437574,False,837.26777331,0.0872870850252,0.042253873118999995
Messier 67,604987139105593344,16.028463,16.589584,15.324606,0.5521919284140422,False,837.26777331,0.0872870850252,0.042253873118999995
Messier 67,604987310904290176,16.61028,17.283056,15.832364,0.3698305002867851,False,837.26777331,0.0872870850252,0.042253873118999995
Messier 67,604987547126699264,18.0642,19.129622,17.071178,0.5601204366725236,False,837.26777331,0.0872870850252,0.042253873118999995
Messier 67,604987826300371712,19.573359,20.786823,18.404108,0.1662749657051933,False,837.26777331,0.0872870850252,0.042253873118999995
Messier 67,604988204257490176,16.569128,17.223171,15.788786,0.5892383754423122,False,837.26777331,0.0872870850252,0.042253873118999995
Messier 67,604988376056169088,16.781284,17.478111,15.972361,0.6309329093596011,False,837.26777331,0.0872870850252,0.042253873118999995
Messier 67,604988612278594048,17.267056,18.11147,16.375721,0.440048122416407,False,837.26777331,0.0872870850252,0.042253873118999995
Messier 67,604988685293803520,17.165012,18.054684,16.250217,0.3655257365042015,False,837.26777331,0.0872870850252,0.042253873118999995
Messier 67,604988784077232384,12.430536,12.740717,11.959896,0.7311196289234556,False,837.26777331,0.0872870850252,0.042253873118999995
Messier 67,604989372488540416,12.497732,12.840584,11.992385,0.7582797858838078,False,837.26777331,0.0872870850252,0.042253873118999995
Messier 67,604989406848278016,18.14013,19.17533,17.163662,0.4691045786663563,False,837.26777331,0.0872870850252,0.042253873118999995
Messier 67,604989441208017920,14.462305,14.88123,13.881032,0.7311729525135148,False,837.26777331,0.0872870850252,0.042253873118999995
Messier 67,604989643070752896,18.920906,20.211832,17.799202,0.4372348198977836,False,837.26777331,0.0872870850252,0.042253873118999995
Messier 67,604990197122292224,17.634897,18.572815,16.707054,0.2491041776771209,False,837.26777331,0.0872870850252,0.042253873118999995
Messier 67,604990368920963456,15.01497,15.418218,14.447208,0.7095880793300936,False,837.26777331,0.0872870850252,0.042253873118999995
Messier 67,604991330993688576,16.83582,17.56513,16.022219,0.3785360835052855,False,837.26777331,0.0872870850252,0.042253873118999995
Messier 67,604991842094009984,18.958876,20.135511,17.853764,0.3963117198450193,False,837.26777331,0.0872870850252,0.042253873118999995
Messier 67,604992327426113536,14.696521,15.099306,14.122391,0.3369250990142995,False,837.26777331,0.0872870850252,0.042253873118999995
Messier 67,604993598736391040,14.034807,14.348802,13.560293,0.5132780393918909,False,837.26777331,0.0872870850252,0.042253873118999995
Messier 67,604993667455856896,14.041427,14.357749,13.564094,0.5521224522594567,False,837.26777331,0.0872870850252,0.042253873118999995
Messier 67,604993770536754432,20.051254,20.400728,18.756153,0.1675878622702723,False,837.26777331,0.0872870850252,0.042253873118999995
Messier 67,604993869318584960,18.458565,19.510662,17.41584,0.3550235093022395,False,837.26777331,0.0872870850252,0.042253873118999995
Messier 67,604994045412975744,13.986189,14.293145,13.517742,0.6285468722934155,False,837.26777331,0.0872870850252,0.042253873118999995
Messier 67,604994079772706688,17.511879,18.545233,16.51264,0.3636007781681512,False,837.26777331,0.0872870850252,0.042253873118999995
Messier 67,604994556519360256,16.434546,17.068132,15.671459,0.3195436369997575,False,837.26777331,0.0872870850252,0.042253873118999995
Messier 67,604995003189952512,18.950926,20.398298,17.80792,0.2047340943297173,False,837.26777331,0.0872870850252,0.042253873118999995
Messier 67,604995248003823488,15.134959,15.547561,14.556669,0.4840656335916725,False,837.26777331,0.0872870850252,0.042253873118999995
Messier 67,604995278068254208,18.793358,19.950277,17.729473,0.5150390703977858,False,837.26777331,0.0872870850252,0.042253873118999995
Messier 67,604995316723249408,18.359842,19.416838,17.253191,0.3251194551292773,False,837.26777331,0.0872870850252,0.042253873118999995
Messier 67,604995415507212416,17.691051,18.61486,16.76402,0.6349497628807282,False,837.26777331,0.0872870850252,0.042253873118999995
Messier 67,604995419802460288,13.560873,13.854291,13.109816,0.6169365998835451,False,837.26777331,0.0872870850252,0.042253873118999995
Messier 67,604995518586430336,19.218658,20.52052,18.07747,0.4149367578295641,False,837.26777331,0.0872870850252,0.042253873118999995
Messier 67,604995522881670272,15.215876,15.641623,14.625963,0.5513141470337642,False,837.26777331,0.0872870850252,0.042253873118999995
Messier 67,604995660320634880,14.535909,14.890414,14.013936,0.5691821296553026,False,837.26777331,0.0872870850252,0.042253873118999995
Messier 67,604995900838790016,18.844025,20.060644,17.755913,0.4134093465114172,False,837.26777331,0.0872870850252,0.042253873118999995
Messier 67,604996106997219712,15.490493,15.977258,14.848173,0.6238450190048956,False,837.26777331,0.0872870850252,0.042253873118999995
Messier 67,604996106997220480,18.741098,19.803875,17.69071,0.5346725593698393,False,837.26777331,0.0872870850252,0.042253873118999995
Messier 67,604996106997222912,13.646353,13.937434,13.171319,0.434281790484928,False,837.26777331,0.0872870850252,0.042253873118999995
Messier 67,604996240140945024,15.96209,16.535458,15.246798,0.238208290151718,False,837.26777331,0.0872870850252,0.042253873118999995
Messier 67,604996347515377792,13.560265,13.853412,13.107309,0.6271330042197741,False,837.26777331,0.0872870850252,0.042253873118999995
Messier 67,604996583742879616,18.692816,19.903671,17.63022,0.4471586495900928,False,837.26777331,0.0872870850252,0.042253873118999995
Messier 67,604996588033758208,18.230047,19.25736,17.22385,0.4619555735315167,False,837.26777331,0.0872870850252,0.042253873118999995
Messier 67,604996618098066432,19.616096,20.789122,18.476229,0.4728081080529935,False,837.26777331,0.0872870850252,0.042253873118999995
Messier 67,604996622395017472,19.796186,20.808592,18.521915,0.1623735403896306,False,837.26777331,0.0872870850252,0.042253873118999995
Messier 67,604996725474241280,17.646355,18.654465,16.656199,0.4009785713921781,False,837.26777331,0.0872870850252,0.042253873118999995
Messier 67,604996862911478912,19.994637,21.07748,18.793861,0.1738936793387968,False,837.26777331,0.0872870850252,0.042253873118999995
Messier 67,604996897271215104,14.842712,15.222077,14.295039,0.6818192863605101,False,837.26777331,0.0872870850252,0.042253873118999995
Messier 67,604996927335710080,18.32976,19.362482,17.347534,0.39799361231889,False,837.26777331,0.0872870850252,0.042253873118999995
Messier 67,604997034710156672,15.597069,16.07777,14.960427,0.546078026006461,False,837.26777331,0.0872870850252,0.042253873118999995
Messier 67,604997172149101312,16.77069,17.501438,15.933643,0.5732962623569886,False,837.26777331,0.0872870850252,0.042253873118999995
Messier 67,604997206508853632,12.454363,12.68327,12.082233,0.4218703663443708,False,837.26777331,0.0872870850252,0.042253873118999995
Messier 67,604997240868589824,17.874096,18.841251,16.909525,0.5834170493150356,False,837.26777331,0.0872870850252,0.042253873118999995
Messier 67,604997309588066304,16.165909,16.7476,15.4386,0.5608046026294496,False,837.26777331,0.0872870850252,0.042253873118999995
Messier 67,604998237300962048,14.002153,14.318868,13.524559,0.5260354965007046,False,837.26777331,0.0872870850252,0.042253873118999995
Messier 67,604998404803662080,13.519313,13.814169,13.064117,0.5004626939140314,False,837.26777331,0.0872870850252,0.042253873118999995
Messier 67,604998477819129600,16.133268,16.705046,15.417534,0.4380234948588338,False,837.26777331,0.0872870850252,0.042253873118999995
Messier 67,604998610962272256,20.096304,20.755487,19.01034,0.3690730400854859,False,837.26777331,0.0872870850252,0.042253873118999995
Messier 67,604999165013904000,18.538843,19.722359,17.490635,0.2261250459348481,False,837.26777331,0.0872870850252,0.042253873118999995
Messier 67,604999165013904640,16.358063,16.983265,15.613637,0.3936417628764478,False,837.26777331,0.0872870850252,0.042253873118999995
Messier 67,604999401236189696,16.74895,17.470852,15.932967,0.4062985978963574,False,837.26777331,0.0872870850252,0.042253873118999995
Messier 67,604999439891812736,18.242239,19.282158,17.243582,0.3631465996142428,False,837.26777331,0.0872870850252,0.042253873118999995
Messier 67,604999779194000640,17.905495,19.101383,16.852844,0.5107807600024487,False,837.26777331,0.0872870850252,0.042253873118999995
Messier 67,604999852208716800,15.702702,16.194483,15.049022,0.6864016283806421,False,837.26777331,0.0872870850252,0.042253873118999995
Messier 67,604999882273217152,19.529203,20.596931,18.38001,0.562496403555507,False,837.26777331,0.0872870850252,0.042253873118999995
Messier 67,604999886568459136,17.24666,18.069933,16.362547,0.5733395757927913,False,837.26777331,0.0872870850252,0.042253873118999995
Messier 67,604999886568459392,17.873466,18.835606,16.908323,0.4963848750488952,False,837.26777331,0.0872870850252,0.042253873118999995
Messier 67,605000024007420416,13.141925,13.444861,12.678912,0.7058392568771065,False,837.26777331,0.0872870850252,0.042253873118999995
Messier 67,605000058367154176,17.05594,17.834845,16.193558,0.6918170985695443,False,837.26777331,0.0872870850252,0.042253873118999995
Messier 67,605000401964512896,16.402733,17.033478,15.638555,0.5564316469317613,False,837.26777331,0.0872870850252,0.042253873118999995
Messier 67,605000401964514048,18.059502,19.070381,17.053543,0.4238749726244024,False,837.26777331,0.0872870850252,0.042253873118999995
Messier 67,605000573763220224,16.668568,17.354647,15.879241,0.5491503981037879,False,837.26777331,0.0872870850252,0.042253873118999995
Messier 67,605000642482686848,17.302053,18.118607,16.42105,0.5616938647135918,False,837.26777331,0.0872870850252,0.042253873118999995
Messier 67,605000711202166400,19.139973,20.400211,17.995829,0.1628410039251263,False,837.26777331,0.0872870850252,0.042253873118999995
Messier 67,605000745561898240,15.915327,16.43765,15.242442,0.6326197961042626,False,837.26777331,0.0872870850252,0.042253873118999995
Messier 67,605000779921664640,16.125412,16.703503,15.405824,0.5222710056227132,False,837.26777331,0.0872870850252,0.042253873118999995
Messier 67,605000844345896960,16.365112,16.999596,15.618838,0.7184386566601227,False,837.26777331,0.0872870850252,0.042253873118999995
Messier 67,605000848641142400,15.659702,16.207926,14.962104,0.5736242049363358,False,837.26777331,0.0872870850252,0.042253873118999995
Messier 67,605001054799578240,16.82277,17.545166,15.999093,0.7582797858838078,False,837.26777331,0.0872870850252,0.042253873118999995
Messier 67,605001329677769088,14.222943,14.55866,13.723833,0.7311729525135148,False,837.26777331,0.0872870850252,0.042253873118999995
Messier 67,605001462821192960,17.534235,18.536903,16.52313,0.4647504808728413,False,837.26777331,0.0872870850252,0.042253873118999995
Messier 67,605001707634588544,15.204648,15.622,14.619848,0.6004872880761314,False,837.26777331,0.0872870850252,0.042253873118999995
Messier 67,605001875138050944,18.242392,19.537792,17.143911,0.4938827869860222,False,837.26777331,0.0872870850252,0.042253873118999995
Messier 67,605001879433257216,19.044382,20.308968,17.9574,0.4490497270740285,False,837.26777331,0.0872870850252,0.042253873118999995
Messier 67,605002016872204416,15.329233,15.785641,14.708111,0.5261515044019158,False,837.26777331,0.0872870850252,0.042253873118999995
Messier 67,605002051231938304,18.747976,19.886995,17.685785,0.3094643101128241,False,837.26777331,0.0872870850252,0.042253873118999995
Messier 67,605002600987738496,17.33302,18.414358,16.282877,0.5453163680588397,False,837.26777331,0.0872870850252,0.042253873118999995
Messier 67,605002802850299264,19.24222,20.50197,18.12284,0.2995213689592531,False,837.26777331,0.0872870850252,0.042253873118999995
Messier 67,605002978944893056,19.91483,21.36846,18.860203,0.3044034669053746,False,837.26777331,0.0872870850252,0.042253873118999995
Messier 67,605003013304624128,17.344692,18.179113,16.44491,0.5858236548386648,False,837.26777331,0.0872870850252,0.042253873118999995
Messier 67,605004387694123136,13.580754,13.871098,13.129513,0.4382454643358814,False,837.26777331,0.0872870850252,0.042253873118999995
Messier 67,605004834370703744,18.80976,20.077057,17.735104,0.3048254854334491,False,837.26777331,0.0872870850252,0.042253873118999995
Messier 67,605005379830679040,18.351927,19.585201,17.234268,0.3319567806728816,False,837.26777331,0.0872870850252,0.042253873118999995
Messier 67,605005418486269440,19.326698,20.733496,18.148212,0.3699323635504084,False,837.26777331,0.0872870850252,0.042253873118999995
Messier 67,605005418486272896,14.043963,14.366625,13.555863,0.4898514546064147,False,837.26777331,0.0872870850252,0.042253873118999995
Messier 67,605005620348847488,16.487295,17.14881,15.71544,0.4834922308704106,False,837.26777331,0.0872870850252,0.042253873118999995
Messier 67,605006208760245632,19.28373,20.58778,18.207592,0.2786585902623254,False,837.26777331,0.0872870850252,0.042253873118999995
Messier 67,605007097817613824,16.555809,17.203209,15.787174,0.4023125572431984,False,837.26777331,0.0872870850252,0.042253873118999995
Messier 67,605007372695518336,18.634007,19.805923,17.599766,0.2844190413461847,False,837.26777331,0.0872870850252,0.042253873118999995
Messier 67,605007651869248640,18.550566,19.61877,17.523024,0.2692852302089439,False,837.26777331,0.0872870850252,0.042253873118999995
Messier 67,605007720588726272,14.644585,15.009169,14.114703,0.4563498115861718,False,837.26777331,0.0872870850252,0.042253873118999995
Messier 67,605008132905575040,18.123526,19.214529,17.104233,0.4122533984577323,False,837.26777331,0.0872870850252,0.042253873118999995
Messier 67,605008476502998144,18.091555,19.177027,17.114393,0.2299735131431964,False,837.26777331,0.0872870850252,0.042253873118999995
Messier 67,605008884523860864,12.787833,13.211394,12.200729,0.4909237762392077,False,837.26777331,0.0872870850252,0.042253873118999995
Messier 67,605009949676900352,12.697912,13.165886,12.072037,0.4835459334916348,False,837.26777331,0.0872870850252,0.042253873118999995
Messier 67,605010877389843968,18.119602,19.131783,17.125025,0.2799991047156385,False,837.26777331,0.0872870850252,0.042253873118999995
Messier 67,605011019123613568,14.625885,14.986222,14.097105,0.3972504822406557,False,837.26777331,0.0872870850252,0.042253873118999995
Messier 67,605012049915766272,19.239138,20.538237,18.12616,0.2964674910613812,False,837.26777331,0.0872870850252,0.042253873118999995
Messier 67,605012148700169600,15.542323,16.015398,14.909255,0.3152417340423444,False,837.26777331,0.0872870850252,0.042253873118999995
Messier 67,605013145137827072,18.009321,19.198883,16.927185,0.5240092378380882,False,837.26777331,0.0872870850252,0.042253873118999995
Messier 67,605013767903055616,13.485824,13.771511,13.038584,0.5240092378380882,False,837.26777331,0.0872870850252,0.042253873118999995
Messier 67,605014141564219776,17.938349,18.993433,16.93078,0.3471933936501399,False,837.26777331,0.0872870850252,0.042253873118999995
Messier 67,605014214579367424,18.587463,19.685556,17.51545,0.3185545866808494,False,837.26777331,0.0872870850252,0.042253873118999995
Messier 67,605015279731223552,18.20718,19.349625,17.100996,0.4647504808728413,False,837.26777331,0.0872870850252,0.042253873118999995
Messier 67,605015309794935552,8.858565,9.637864,8.001138,0.4909237762392077,False,837.26777331,0.0872870850252,0.042253873118999995
Messier 67,605015412874544896,19.22539,20.595165,18.043901,0.2960232152773898,False,837.26777331,0.0872870850252,0.042253873118999995
Messier 67,605016241803910016,14.469284,14.784807,13.978493,0.1809447697235146,False,837.26777331,0.0872870850252,0.042253873118999995
Messier 67,605016241803914368,12.464717,12.778029,11.989822,0.4353421601500496,False,837.26777331,0.0872870850252,0.042253873118999995
Messier 67,605016447962343680,19.248926,20.771595,17.992367,0.2251992841196201,False,837.26777331,0.0872870850252,0.042253873118999995
Messier 67,605017787992165888,12.390281,12.700422,11.918816,0.5418304500244076,False,837.26777331,0.0872870850252,0.042253873118999995
Messier 67,605017852415972224,17.233728,18.050097,16.351027,0.4913345528158236,False,837.26777331,0.0872870850252,0.042253873118999995
Messier 67,605017925431108736,17.575953,18.50047,16.631874,0.5728354312989457,False,837.26777331,0.0872870850252,0.042253873118999995
Messier 67,605018578266152192,12.562445,12.841034,12.128402,0.5134295705556741,False,837.26777331,0.0872870850252,0.042253873118999995
Messier 67,605018677049607552,14.149156,14.461801,13.674974,0.5174088490510884,False,837.26777331,0.0872870850252,0.042253873118999995
Messier 67,605019093662207360,18.248434,19.498081,17.166416,0.3005577383921934,False,837.26777331,0.0872870850252,0.042253873118999995
Messier 67,605019162381687680,14.944612,15.336769,14.389366,0.5416566629596982,False,837.26777331,0.0872870850252,0.042253873118999995
Messier 67,605019742202403840,16.114237,16.689455,15.391495,0.4823400730106726,False,837.26777331,0.0872870850252,0.042253873118999995
Messier 67,605020330612762624,13.718393,14.057315,13.215233,0.3995562416654743,False,837.26777331,0.0872870850252,0.042253873118999995
Messier 67,605020433691976832,14.447882,14.782696,13.946828,0.3829946841370747,False,837.26777331,0.0872870850252,0.042253873118999995
Messier 67,605022186038605568,14.206959,14.536664,13.710548,0.4125645942659975,False,837.26777331,0.0872870850252,0.042253873118999995
Messier 67,605022525341141632,13.699181,13.994145,13.240406,0.4435531556915077,False,837.26777331,0.0872870850252,0.042253873118999995
Messier 67,605025037896878976,15.720381,16.308325,14.97603,0.3313446149882575,False,837.26777331,0.0872870850252,0.042253873118999995
Messier 67,605025209695559936,18.0434,19.045174,17.060072,0.2469502303440935,False,837.26777331,0.0872870850252,0.042253873118999995
Messier 67,605025381494256640,14.359411,14.760426,13.791964,0.3792624990433401,False,837.26777331,0.0872870850252,0.042253873118999995
Messier 67,605025480278667392,19.042309,20.138676,17.95012,0.1930039416409944,False,837.26777331,0.0872870850252,0.042253873118999995
Messier 67,605025548998116480,12.88945,13.174689,12.448853,0.383684180893527,False,837.26777331,0.0872870850252,0.042253873118999995
Messier 67,605026717229352576,19.642048,20.799793,18.437204,0.3151224534785436,False,837.26777331,0.0872870850252,0.042253873118999995
Messier 67,605027266985143808,14.49615,14.845271,13.983744,0.3851043204999007,False,837.26777331,0.0872870850252,0.042253873118999995
Messier 67,605027924114914304,17.567574,18.466124,16.628378,0.2739804948908223,False,837.26777331,0.0872870850252,0.042253873118999995
Messier 67,605028611309675136,17.070616,17.849136,16.208488,0.3959962997385207,False,837.26777331,0.0872870850252,0.042253873118999995
Messier 67,605029019331817472,18.699099,19.820429,17.690647,0.1560436891540596,False,837.26777331,0.0872870850252,0.042253873118999995
Messier 67,605031046555116800,17.916082,18.939373,16.935926,0.2033026587169388,False,837.26777331,0.0872870850252,0.042253873118999995
Messier 67,605032047283121152,16.757738,17.464228,15.941668,0.2942349677873087,False,837.26777331,0.0872870850252,0.042253873118999995
Messier 67,605033559111601152,16.383183,17.033356,15.605423,0.2803231679676553,False,837.26777331,0.0872870850252,0.042253873118999995
Messier 67,605035066644502272,13.682112,13.983949,13.219463,0.4253635625429206,False,837.26777331,0.0872870850252,0.042253873118999995
Messier 67,605035655055647744,16.751963,17.464895,15.938306,0.2712969834513379,False,837.26777331,0.0872870850252,0.042253873118999995
Messier 67,605036720207538048,14.022975,14.341519,13.541619,0.4198405372282573,False,837.26777331,0.0872870850252,0.042253873118999995
Messier 67,605036784631420160,15.180524,15.634165,14.559788,0.2746454395666201,False,837.26777331,0.0872870850252,0.042253873118999995
Messier 67,605038644352883456,14.499705,14.847739,13.986474,0.3453270172404827,False,837.26777331,0.0872870850252,0.042253873118999995
Messier 67,605044210630491776,15.924368,16.57545,15.144291,0.228856366607319,False,837.26777331,0.0872870850252,0.042253873118999995
Messier 67,605048162000417920,16.492554,17.151842,15.717003,0.3801569790547179,False,837.26777331,0.0872870850252,0.042253873118999995
Messier 67,605048333799048320,15.391542,15.83623,14.786346,0.4372076003651864,False,837.26777331,0.0872870850252,0.042253873118999995
Messier 67,605048844899585152,13.388559,13.677538,12.940871,0.3497378270895094,False,837.26777331,0.0872870850252,0.042253873118999995
Messier 67,605049875691779456,18.43209,19.628527,17.375452,0.2004566971390631,False,837.26777331,0.0872870850252,0.042253873118999995
Messier 67,605053071147453184,15.940093,16.47191,15.259398,0.3194730954462395,False,837.26777331,0.0872870850252,0.042253873118999995
Messier 67,605054548616296192,13.852613,14.136848,13.331087,0.1835535993869663,False,837.26777331,0.0872870850252,0.042253873118999995
Messier 67,605057537913587584,18.759026,19.973736,17.687128,0.1698628012750587,False,837.26777331,0.0872870850252,0.042253873118999995
Messier 67,605064478580808064,18.012018,19.115513,16.999336,0.1862288717310827,False,837.26777331,0.0872870850252,0.042253873118999995
Messier 67,605064895192901120,14.625547,14.986366,14.098086,0.2332397554287661,False,837.26777331,0.0872870850252,0.042253873118999995
Messier 67,605072381321000448,18.175621,19.28966,17.143366,0.1571489539986303,False,837.26777331,0.0872870850252,0.042253873118999995
Messier 67,605083999207394944,19.65141,20.904013,18.561163,0.173650833879815,False,837.26777331,0.0872870850252,0.042253873118999995
Messier 67,605084819545922048,16.830723,17.576101,16.005468,0.1881051018032146,False,837.26777331,0.0872870850252,0.042253873118999995
Messier 67,605086507468280192,14.92812,15.418715,14.275313,0.1596236943049266,False,837.26777331,0.0872870850252,0.042253873118999995
Messier 67,605091249112193408,18.320883,19.514008,17.24797,0.1538007407351581,False,837.26777331,0.0872870850252,0.042253873118999995
Messier 67,605096776734766208,13.226168,13.517392,12.77477,0.1688731489605385,False,837.26777331,0.0872870850252,0.042253873118999995
Messier 67,605101002982830336,19.620853,20.71182,18.547497,0.2994292152907814,False,837.26777331,0.0872870850252,0.042253873118999995
Messier 67,605102106789598464,16.13599,16.859518,15.307018,0.3168009068731884,False,837.26777331,0.0872870850252,0.042253873118999995
Messier 67,605103103221999488,19.520458,20.997953,18.298595,0.1863156004185022,False,837.26777331,0.0872870850252,0.042253873118999995
Messier 67,605103721697276288,16.911081,17.648262,16.099382,0.2332397554287661,False,837.26777331,0.0872870850252,0.042253873118999995
Messier 67,605104821208904320,13.716675,14.013648,13.258784,0.2783408375149997,False,837.26777331,0.0872870850252,0.042253873118999995
Messier 67,605106672339480576,15.831147,16.34618,15.156707,0.3561235117172846,False,837.26777331,0.0872870850252,0.042253873118999995
Messier 67,605107741786682368,19.569918,20.619211,18.502117,0.1883297023034911,False,837.26777331,0.0872870850252,0.042253873118999995
Messier 67,605107810506158848,15.166164,15.577381,14.589964,0.2857116969501841,False,837.26777331,0.0872870850252,0.042253873118999995
Messier 67,605117156354956928,18.93397,20.29695,17.843721,0.1576377403407608,False,837.26777331,0.0872870850252,0.042253873118999995
Messier 67,605119694680355072,18.831617,19.92699,17.756727,0.3294212523561023,False,837.26777331,0.0872870850252,0.042253873118999995
Messier 67,605122134221817728,18.21741,19.315546,17.2279,0.1515973044137478,False,837.26777331,0.0872870850252,0.042253873118999995
Messier 67,605123920928916736,19.67983,21.054527,18.530798,0.1600577883764377,False,837.26777331,0.0872870850252,0.042253873118999995
Messier 67,605123993942814976,13.885924,14.245364,13.362185,0.309431234737281,False,837.26777331,0.0872870850252,0.042253873118999995
Messier 67,605126600988514432,19.18484,20.392302,18.058916,0.1730603930529266,False,837.26777331,0.0872870850252,0.042253873118999995
Messier 67,605130552357764736,18.263554,19.321663,17.24937,0.1599424542052098,False,837.26777331,0.0872870850252,0.042253873118999995
Messier 67,605132137200805888,17.939716,18.968868,16.952362,0.1898983780509536,False,837.26777331,0.0872870850252,0.042253873118999995
Messier 67,605136324793633280,13.760206,14.06738,13.290059,0.1915644230810051,False,837.26777331,0.0872870850252,0.042253873118999995
Messier 67,605149626307670784,15.630206,16.075285,15.022532,0.1510072700813927,False,837.26777331,0.0872870850252,0.042253873118999995
Messier 67,605161063805243008,13.269143,13.553157,12.82517,0.1502446369875487,False,837.26777331,0.0872870850252,0.042253873118999995
Messier 67,607987397099772160,15.212045,15.618188,14.639515,0.2577448636729285,False,837.26777331,0.0872870850252,0.042253873118999995
Messier 67,607987427163771520,13.352934,13.641541,12.905445,0.3278283534986067,False,837.26777331,0.0872870850252,0.042253873118999995
Messier 67,607989355604856192,14.59011,15.000371,14.007099,0.3392136099940828,False,837.26777331,0.0872870850252,0.042253873118999995
Messier 67,607992478045339136,15.473475,15.953648,14.836366,0.2561559626166161,False,837.26777331,0.0872870850252,0.042253873118999995
Messier 67,607992856002457600,17.917612,19.009336,16.916853,0.1964088084354141,False,837.26777331,0.0872870850252,0.042253873118999995
Messier 67,607994986306236928,18.611517,19.807623,17.56374,0.2079256172686781,False,837.26777331,0.0872870850252,0.042253873118999995
Messier 67,607995055025713024,18.464575,19.804659,17.367163,0.2108571221194697,False,837.26777331,0.0872870850252,0.042253873118999995
Messier 67,607996223256829824,16.51071,17.140097,15.742004,0.3278283534986067,False,837.26777331,0.0872870850252,0.042253873118999995
Messier 67,607996261912222464,16.494297,17.138912,15.728356,0.3177502433350573,False,837.26777331,0.0872870850252,0.042253873118999995
Messier 67,607997632006122112,15.815418,16.32575,15.150195,0.4912119212972075,False,837.26777331,0.0872870850252,0.042253873118999995
Messier 67,607997911179702656,14.968301,15.368354,14.400607,0.2516289838011038,False,837.26777331,0.0872870850252,0.042253873118999995
Messier 67,607998044323001088,20.368233,21.216145,19.143251,0.1488445100128145,False,837.26777331,0.0872870850252,0.042253873118999995
Messier 67,607998907612059264,15.272416,15.70072,14.678729,0.4259351884454405,False,837.26777331,0.0872870850252,0.042253873118999995
Messier 67,607999835325007872,15.592942,16.140196,14.890935,0.2372365551249437,False,837.26777331,0.0872870850252,0.042253873118999995
Messier 67,608000041483441920,13.641136,13.93471,13.188435,0.3477590275264216,False,837.26777331,0.0872870850252,0.042253873118999995
Messier 67,608001003556114688,15.470546,16.042356,14.744507,0.3392259538306116,False,837.26777331,0.0872870850252,0.042253873118999995
Messier 67,608001892613736576,13.267747,13.559783,12.813951,0.2651442361022187,False,837.26777331,0.0872870850252,0.042253873118999995
Messier 67,608001896909298816,18.961155,20.161161,17.873888,0.195857143381182,False,837.26777331,0.0872870850252,0.042253873118999995
Messier 67,608002408009810176,14.113005,14.435346,13.629188,0.4244602961817803,False,837.26777331,0.0872870850252,0.042253873118999995
Messier 67,608006294955837824,17.562952,18.472723,16.631752,0.2182646802874764,False,837.26777331,0.0872870850252,0.042253873118999995
Messier 67,608007738064851584,12.55345,12.92046,12.021617,0.2745236348019619,False,837.26777331,0.0872870850252,0.042253873118999995
Messier 67,608007905568011520,18.78006,19.931059,17.696611,0.1970622420016289,False,837.26777331,0.0872870850252,0.042253873118999995
Messier 67,608013579220366336,12.628834,12.900655,12.200679,0.2114268273345503,False,837.26777331,0.0872870850252,0.042253873118999995
Messier 67,608017251416887040,19.551554,20.77358,18.41395,0.2052771293113216,False,837.26777331,0.0872870850252,0.042253873118999995
Messier 67,608021516319899648,14.927443,15.304641,14.385268,0.5501463682580084,False,837.26777331,0.0872870850252,0.042253873118999995
Messier 67,608022267938647296,17.446564,18.326826,16.516478,0.4812213774448022,False,837.26777331,0.0872870850252,0.042253873118999995
Messier 67,608022718910742656,15.967776,16.491434,15.291235,0.3730911341969341,False,837.26777331,0.0872870850252,0.042253873118999995
Messier 67,608022959428902272,13.578494,13.865091,13.133523,0.4194657673960766,False,837.26777331,0.0872870850252,0.042253873118999995
Messier 67,608024333818424448,14.050236,14.372651,13.565274,0.4068915108623287,False,837.26777331,0.0872870850252,0.042253873118999995
Messier 67,608025605128768000,16.535326,17.18018,15.770136,0.4054141068671224,False,837.26777331,0.0872870850252,0.042253873118999995
Messier 67,608025776927457024,16.312836,16.947182,15.555167,0.3181648723183767,False,837.26777331,0.0872870850252,0.042253873118999995
Messier 67,608027151316994048,14.445473,14.785504,13.939949,0.3615432059957224,False,837.26777331,0.0872870850252,0.042253873118999995
Messier 67,608027215741029888,16.50326,17.318094,15.617822,0.2723202207698245,False,837.26777331,0.0872870850252,0.042253873118999995
Messier 67,608028010310445056,16.07498,16.629099,15.388475,0.3867452930621694,False,837.26777331,0.0872870850252,0.042253873118999995
Messier 67,608035152841386240,13.231938,13.510929,12.792489,0.2969074487036644,False,837.26777331,0.0872870850252,0.042253873118999995
Messier 67,608035840036168576,18.627361,19.78069,17.562645,0.1911704523584319,False,837.26777331,0.0872870850252,0.042253873118999995
Messier 67,608037527958061056,20.38352,21.45362,19.159306,0.1570561786778493,False,837.26777331,0.0872870850252,0.042253873118999995
Messier 67,608038146433350912,19.079184,20.406458,17.949726,0.2406529175665578,False,837.26777331,0.0872870850252,0.042253873118999995
Messier 67,608038764908563968,16.14632,16.707298,15.446905,0.2360803913380985,False,837.26777331,0.0872870850252,0.042253873118999995
Messier 67,608038794972858880,17.52401,18.468382,16.582117,0.1716142727856912,False,837.26777331,0.0872870850252,0.042253873118999995
Messier 67,608038966771583104,18.710756,19.812716,17.652435,0.2190199447981576,False,837.26777331,0.0872870850252,0.042253873118999995
Messier 67,608039035491044864,18.446165,19.519476,17.398779,0.3335281177971948,False,837.26777331,0.0872870850252,0.042253873118999995
Messier 67,608039138570280064,17.881336,18.876547,16.926989,0.2861088662569736,False,837.26777331,0.0872870850252,0.042253873118999995
Messier 67,608039379088464768,18.645353,19.821037,17.538773,0.2553769870741631,False,837.26777331,0.0872870850252,0.042253873118999995
Messier 67,608040066283246464,18.59049,19.764322,17.544334,0.2830178415002519,False,837.26777331,0.0872870850252,0.042253873118999995
Messier 67,608047419267395456,17.345392,18.189531,16.453445,0.1964590557681634,False,837.26777331,0.0872870850252,0.042253873118999995
Messier 67,608059621269798528,17.583546,18.474918,16.659515,0.2059234879847039,False,837.26777331,0.0872870850252,0.042253873118999995
Messier 67,608063881877264256,16.035603,16.58096,15.340887,0.1863694434086552,False,837.26777331,0.0872870850252,0.042253873118999995
Messier 67,608064702215690240,18.664604,19.784393,17.605057,0.1876502213936475,False,837.26777331,0.0872870850252,0.042253873118999995
Messier 67,608066385842841600,16.749146,17.463581,15.939485,0.2072310572927199,False,837.26777331,0.0872870850252,0.042253873118999995
Messier 67,608068623521152384,14.483297,14.825487,13.970946,0.2424324826789328,False,837.26777331,0.0872870850252,0.042253873118999995
Messier 67,608071917760548352,15.187321,15.608764,14.603163,0.2089591317257888,False,837.26777331,0.0872870850252,0.042253873118999995
Messier 67,608073807546462720,17.50747,18.4347,16.560537,0.2110365973934847,False,837.26777331,0.0872870850252,0.042253873118999995
Messier 67,608076865563100928,18.446926,19.645908,17.404068,0.1524165668835133,False,837.26777331,0.0872870850252,0.042253873118999995
Messier 67,608094595188185344,17.576702,18.487694,16.648676,0.1959841540467335,False,837.26777331,0.0872870850252,0.042253873118999995
Messier 67,608104392008762368,16.27507,16.867125,15.542984,0.1710556406971942,False,837.26777331,0.0872870850252,0.042253873118999995
Messier 67,608110439322742144,17.409605,18.278788,16.495176,0.1986256882796124,False,837.26777331,0.0872870850252,0.042253873118999995
Messier 67,608111298316195840,12.557898,12.976465,11.976658,0.1923888645030772,False,837.26777331,0.0872870850252,0.042253873118999995
Messier 67,608127855415105536,18.893507,20.136848,17.817163,0.199869683043914,False,837.26777331,0.0872870850252,0.042253873118999995
Messier 67,608134525499340032,12.664833,12.940992,12.234609,0.2151407599735542,False,837.26777331,0.0872870850252,0.042253873118999995
Messier 67,608141294367793024,14.852624,15.236995,14.302182,0.1798865252919628,False,837.26777331,0.0872870850252,0.042253873118999995
Messier 67,608145756838766208,14.861497,15.277597,14.311513,0.1733275027019283,False,837.26777331,0.0872870850252,0.042253873118999995
Messier 67,608148402538707072,16.279446,16.881681,15.508431,0.169368173761435,False,837.26777331,0.0872870850252,0.042253873118999995
Messier 67,608150880734809088,13.782012,14.080735,13.322352,0.1988135464637412,False,837.26777331,0.0872870850252,0.042253873118999995
Messier 67,608152903664513280,18.658232,19.922798,17.61015,0.1611646096581771,False,837.26777331,0.0872870850252,0.042253873118999995
Messier 67,608154449852709120,15.712005,16.226189,15.046169,0.1966894300369713,False,837.26777331,0.0872870850252,0.042253873118999995
Messier 67,608157714027884672,18.01645,19.037529,17.01366,0.1715591998844883,False,837.26777331,0.0872870850252,0.042253873118999995
Messier 67,608211624457512448,17.832634,19.00256,16.788555,0.1514924104681817,False,837.26777331,0.0872870850252,0.042253873118999995
Messier 67,608215167805240192,17.249203,18.09961,16.332977,0.158860046937548,False,837.26777331,0.0872870850252,0.042253873118999995
Messier 67,608233653344443008,13.433338,13.720695,12.987548,0.1648913994509494,False,837.26777331,0.0872870850252,0.042253873118999995
Messier 67,608278080487028480,13.670641,13.962258,13.219922,0.1637584568655768,False,837.26777331,0.0872870850252,0.042253873118999995
Messier 67,608278767681794816,14.964229,15.365988,14.393158,0.1677653455770491,False,837.26777331,0.0872870850252,0.042253873118999995
Messier 67,608303231815505920,13.872996,14.176148,13.407124,0.1555359758717582,False,837.26777331,0.0872870850252,0.042253873118999995
